Month,Force,Neighbourhood,Burglary,Robbery,Vehicle crime,Violent crime,Anti-social behaviour,Criminal damage and arson,Shoplifting,Other theft,Drugs,Public disorder and weapons,Other crime
2011-11,Metropolitan Police,00ASHD,12,4,16,19,54,4,4,11,7,2,1
2011-11,Metropolitan Police,00ASHE,29,8,15,29,80,15,4,20,3,4,12
2011-11,Metropolitan Police,00ASHB,8,1,16,26,49,20,1,9,9,3,4
2011-11,Metropolitan Police,00ASHC,5,3,7,8,27,2,15,6,1,2,4
2011-11,Metropolitan Police,00ASHA,13,2,13,38,76,5,10,27,4,5,8
2011-11,Metropolitan Police,00BBGW,10,16,12,18,36,5,0,12,8,2,3
2011-11,Metropolitan Police,00BFGS,10,1,12,13,14,7,0,7,1,2,6
2011-11,Metropolitan Police,00BDGD,16,1,14,12,17,5,2,7,1,2,1
2011-11,Metropolitan Police,00ALHA,10,6,11,28,37,11,3,9,4,2,3
2011-11,Metropolitan Police,00ALHC,12,1,13,28,73,22,6,11,12,7,4
2011-11,Metropolitan Police,00ALHB,9,8,29,43,53,13,9,148,8,9,10
2011-11,Metropolitan Police,00ALHE,9,8,21,31,49,15,5,16,12,11,5
2011-11,Metropolitan Police,00ALHD,10,7,11,28,65,22,0,15,10,3,4
2011-11,Metropolitan Police,00ALHG,7,1,13,23,55,15,4,11,6,6,9
2011-11,Metropolitan Police,00ALHF,13,12,15,42,86,13,19,34,17,11,13
2011-11,Metropolitan Police,00BFGP,6,1,7,8,22,1,2,4,0,1,6
2011-11,Metropolitan Police,00BFGW,3,0,4,13,14,7,0,7,3,4,1
2011-11,Metropolitan Police,00BFGU,4,3,6,14,24,18,0,8,2,3,4
2011-11,Metropolitan Police,00BBGU,15,11,28,36,103,26,21,90,28,47,7
2011-11,Metropolitan Police,00BFGT,9,1,6,5,27,4,8,10,1,3,2
2011-11,Metropolitan Police,00BGFY,2,2,13,19,68,5,3,25,17,1,12
2011-11,Metropolitan Police,00BGFX,10,9,11,32,149,18,8,32,42,10,10
2011-11,Metropolitan Police,00BGFZ,12,4,8,24,59,6,5,13,2,8,8
2011-11,Metropolitan Police,00BHFZ,14,8,13,9,36,6,0,13,4,2,3
2011-11,Metropolitan Police,00BHFX,12,8,22,20,39,8,0,10,6,0,2
2011-11,Metropolitan Police,00BHFY,5,5,13,15,57,6,4,20,5,3,7
2011-11,Metropolitan Police,00BGFW,12,9,9,15,75,14,4,34,7,6,9
2011-11,Metropolitan Police,00BFGF,7,6,12,4,26,4,2,8,2,0,4
2011-11,Metropolitan Police,00BBGG,17,20,24,22,87,9,12,82,12,5,10
2011-11,Metropolitan Police,00BBGF,12,10,32,15,53,11,0,19,5,6,19
2011-11,Metropolitan Police,00BBGE,9,24,27,28,53,14,1,20,3,2,13
2011-11,Metropolitan Police,00BBGD,16,7,21,25,70,8,3,25,8,8,5
2011-11,Metropolitan Police,00BBGC,21,13,16,12,46,14,1,23,6,6,6
2011-11,Metropolitan Police,00BBGB,21,4,28,32,64,10,13,26,8,6,4
2011-11,Metropolitan Police,00BBGN,5,16,8,16,54,9,10,23,8,6,2
2011-11,Metropolitan Police,00BBGM,10,16,8,15,51,5,1,21,7,0,10
2011-11,Metropolitan Police,00BBGL,18,12,27,33,106,11,5,19,13,8,6
2011-11,Metropolitan Police,00BBGK,25,10,40,22,62,10,0,13,5,6,4
2011-11,Metropolitan Police,00BBGJ,14,0,18,20,35,9,1,14,5,4,6
2011-11,Metropolitan Police,00BBGH,6,11,12,15,32,4,0,10,1,0,8
2011-11,Metropolitan Police,00AKHF,13,2,13,11,47,4,2,4,7,7,9
2011-11,Metropolitan Police,00AKHG,31,13,42,42,78,19,12,29,10,3,9
2011-11,Metropolitan Police,00AKHD,18,2,25,15,44,7,1,13,3,2,3
2011-11,Metropolitan Police,00AKHE,12,4,12,13,40,12,1,12,1,2,4
2011-11,Metropolitan Police,00AKHB,7,6,32,16,51,14,9,9,8,1,17
2011-11,Metropolitan Police,00AKHC,9,6,18,8,40,8,3,12,2,2,9
2011-11,Metropolitan Police,00BBGQ,9,7,18,15,37,9,0,14,4,2,10
2011-11,Metropolitan Police,00AKHA,9,8,21,21,66,7,6,17,10,6,21
2011-11,Metropolitan Police,00AKHH,16,4,14,8,31,1,1,10,2,1,7
2011-11,Metropolitan Police,00BBGX,12,14,14,15,70,2,1,21,4,1,4
2011-11,Metropolitan Police,00AFGZ,24,3,7,26,30,8,1,14,5,3,4
2011-11,Metropolitan Police,00AFGX,30,7,18,29,60,12,9,21,15,11,15
2011-11,Metropolitan Police,00AFGY,16,0,5,7,9,4,3,8,2,1,4
2011-11,Metropolitan Police,00AFGW,11,2,12,16,56,14,19,16,4,8,4
2011-11,Metropolitan Police,00AFGT,8,7,14,27,50,6,0,9,2,3,11
2011-11,Metropolitan Police,00AFGU,9,2,7,10,28,13,3,6,5,6,3
2011-11,Metropolitan Police,00AFGR,10,0,4,9,25,5,1,11,0,1,6
2011-11,Metropolitan Police,00AFGS,11,0,11,10,10,7,0,7,2,2,3
2011-11,Metropolitan Police,00AFGP,16,5,12,23,83,12,0,7,7,5,1
2011-11,Metropolitan Police,00AFGQ,9,0,11,3,9,1,0,1,2,0,1
2011-11,Metropolitan Police,00AFGN,26,0,20,26,71,30,0,10,5,4,4
2011-11,Metropolitan Police,00AFGL,21,3,16,14,37,5,0,20,14,11,6
2011-11,Metropolitan Police,00AFGM,17,2,25,25,72,28,15,14,7,7,5
2011-11,Metropolitan Police,00AFGJ,12,1,19,18,34,14,2,9,1,6,6
2011-11,Metropolitan Police,00AFGK,10,3,18,12,18,6,1,10,7,1,2
2011-11,Metropolitan Police,00AFGH,9,0,7,8,23,2,1,5,1,2,3
2011-11,Metropolitan Police,00AFGF,5,1,8,11,39,12,3,9,2,4,4
2011-11,Metropolitan Police,00AFGG,17,22,11,33,72,21,49,22,12,12,9
2011-11,Metropolitan Police,00AFGD,8,5,5,7,21,14,6,14,1,0,2
2011-11,Metropolitan Police,00AFGE,8,0,7,7,27,8,0,5,1,1,6
2011-11,Metropolitan Police,00BAFZ,5,8,8,17,22,1,15,16,6,5,3
2011-11,Metropolitan Police,00BAFY,10,1,0,8,13,5,1,5,4,2,1
2011-11,Metropolitan Police,00BAFX,10,2,11,6,33,7,2,13,3,0,1
2011-11,Metropolitan Police,00BGGC,22,8,23,33,80,10,4,16,4,9,4
2011-11,Metropolitan Police,00AMGA,10,5,5,7,46,6,1,19,7,3,2
2011-11,Metropolitan Police,00AMGC,8,4,10,31,64,9,4,35,11,9,9
2011-11,Metropolitan Police,00AMGB,3,4,22,13,34,5,0,10,4,2,2
2011-11,Metropolitan Police,00AMGE,6,9,11,35,66,10,24,110,8,6,5
2011-11,Metropolitan Police,00AMGD,10,1,11,13,32,5,1,32,2,5,0
2011-11,Metropolitan Police,00AMGG,2,5,7,22,59,10,10,30,10,4,2
2011-11,Metropolitan Police,00AMGF,7,11,16,15,47,4,2,40,10,3,5
2011-11,Metropolitan Police,00AMGH,7,3,10,18,35,7,0,19,7,4,4
2011-11,Metropolitan Police,00AMGK,11,5,12,25,51,14,0,37,14,3,3
2011-11,Metropolitan Police,00AMGJ,25,18,28,56,80,14,2,296,61,8,10
2011-11,Metropolitan Police,00AMGM,7,3,16,13,55,16,2,14,11,2,4
2011-11,Metropolitan Police,00AMGL,1,2,13,10,23,10,0,10,4,0,3
2011-11,Metropolitan Police,00AMGN,9,2,8,13,41,5,5,20,1,1,3
2011-11,Metropolitan Police,00AMGQ,11,5,20,23,43,15,1,67,13,7,2
2011-11,Metropolitan Police,00AMGP,5,9,10,17,54,8,1,22,6,1,2
2011-11,Metropolitan Police,00AMGS,9,3,5,21,35,7,6,38,7,3,2
2011-11,Metropolitan Police,00AMGR,10,3,10,21,28,6,0,13,4,5,2
2011-11,Metropolitan Police,00AMGU,10,7,16,26,26,6,0,26,4,2,2
2011-11,Metropolitan Police,00ATFZ,7,1,25,12,41,12,4,23,3,2,13
2011-11,Metropolitan Police,00ATFY,18,3,9,15,66,16,6,16,6,2,15
2011-11,Metropolitan Police,00BKGB,11,2,11,18,37,8,8,40,5,13,7
2011-11,Metropolitan Police,00AJGR,18,1,9,5,29,7,2,11,4,4,7
2011-11,Metropolitan Police,00AJGS,44,9,24,20,59,13,2,14,10,1,9
2011-11,Metropolitan Police,00AJGP,8,4,7,15,44,6,0,6,6,2,6
2011-11,Metropolitan Police,00AJGQ,8,6,7,9,19,7,0,11,1,1,3
2011-11,Metropolitan Police,00AJGW,16,0,21,15,37,11,6,9,4,5,9
2011-11,Metropolitan Police,00AJGT,18,3,27,26,64,10,13,13,5,4,11
2011-11,Metropolitan Police,00AJGU,20,11,8,46,71,10,5,22,17,10,3
2011-11,Metropolitan Police,00AJGZ,12,10,9,40,76,6,0,10,14,10,5
2011-11,Metropolitan Police,00AJGX,10,4,12,29,57,17,1,18,6,15,8
2011-11,Metropolitan Police,00AJGY,10,14,13,42,88,6,7,41,18,12,8
2011-11,Metropolitan Police,00AJGC,10,14,12,30,61,17,8,23,14,11,6
2011-11,Metropolitan Police,00AJGF,18,4,17,45,80,4,42,66,10,16,13
2011-11,Metropolitan Police,00AJGG,9,2,13,12,30,11,0,17,5,1,11
2011-11,Metropolitan Police,00AJGD,9,2,5,8,23,7,0,9,4,1,5
2011-11,Metropolitan Police,00AJGE,7,12,5,25,38,9,0,13,11,8,9
2011-11,Metropolitan Police,00AJGJ,8,1,11,17,60,9,10,12,15,6,5
2011-11,Metropolitan Police,00AJGK,15,4,20,25,72,15,4,12,12,10,6
2011-11,Metropolitan Police,00AJGH,26,9,49,30,58,8,14,44,9,9,28
2011-11,Metropolitan Police,00AJGN,11,4,7,17,43,5,1,5,3,8,1
2011-11,Metropolitan Police,00AJGL,23,3,29,20,37,5,7,13,2,2,10
2011-11,Metropolitan Police,00AJGM,17,1,28,20,31,20,1,6,2,0,6
2011-11,Metropolitan Police,00ANGF,17,5,27,15,48,8,2,29,1,7,3
2011-11,Metropolitan Police,00AHGU,11,1,3,4,18,6,3,3,2,0,1
2011-11,Metropolitan Police,00ANGE,6,1,22,18,64,11,25,25,7,6,1
2011-11,Metropolitan Police,00AHGP,17,5,16,11,28,9,11,9,5,3,3
2011-11,Metropolitan Police,00AHGQ,10,0,4,11,16,3,1,4,0,0,1
2011-11,Metropolitan Police,00AEHA,30,6,23,42,67,10,7,29,26,14,8
2011-11,Metropolitan Police,00AEHB,26,12,10,24,33,7,0,8,13,2,9
2011-11,Metropolitan Police,00AEHC,20,6,11,36,43,4,4,22,12,10,6
2011-11,Metropolitan Police,00AEHD,17,5,9,15,56,5,2,5,4,2,6
2011-11,Metropolitan Police,00AEHE,6,13,2,32,89,17,18,31,16,16,12
2011-11,Metropolitan Police,00AEHF,17,24,18,33,88,12,4,31,29,10,12
2011-11,Metropolitan Police,00AMGT,5,7,26,15,37,7,2,29,7,4,4
2011-11,Metropolitan Police,00AWGR,9,1,16,8,43,5,7,61,3,4,2
2011-11,Metropolitan Police,00AWGQ,4,4,5,14,61,9,3,19,3,4,1
2011-11,Metropolitan Police,00AWGP,2,0,12,8,27,2,18,29,0,2,4
2011-11,Metropolitan Police,00AHGX,16,1,2,3,5,2,2,7,2,1,1
2011-11,Metropolitan Police,00ANGK,5,1,9,2,24,6,0,23,1,2,2
2011-11,Metropolitan Police,00AWGG,9,3,16,8,29,6,24,31,3,3,11
2011-11,Metropolitan Police,00AWGF,5,3,9,10,28,6,7,40,8,5,5
2011-11,Metropolitan Police,00AWGE,8,2,7,10,49,11,9,40,4,2,2
2011-11,Metropolitan Police,00AWGD,8,0,29,13,29,6,1,29,4,3,2
2011-11,Metropolitan Police,00AWGC,13,2,17,1,21,6,6,36,7,0,2
2011-11,Metropolitan Police,00AHGZ,21,8,5,37,55,9,0,24,5,0,10
2011-11,Metropolitan Police,00AWGA,5,7,9,5,22,4,12,50,4,3,5
2011-11,Metropolitan Police,00AWGN,15,2,18,5,22,5,1,21,4,0,3
2011-11,Metropolitan Police,00AWGM,7,0,7,7,21,4,13,37,0,2,4
2011-11,Metropolitan Police,00AWGL,8,0,10,9,29,3,11,48,12,1,6
2011-11,Metropolitan Police,00AWGK,8,3,15,13,44,12,1,23,6,8,2
2011-11,Metropolitan Police,00AWGJ,3,3,15,4,23,5,1,17,4,2,1
2011-11,Metropolitan Police,00BJGN,13,1,14,20,31,7,5,15,2,6,3
2011-11,Metropolitan Police,00AWGH,10,6,16,7,25,6,3,24,7,2,2
2011-11,Metropolitan Police,00AYGU,19,14,7,22,67,7,0,33,9,5,9
2011-11,Metropolitan Police,00AYGT,23,4,14,10,28,8,2,15,7,9,2
2011-11,Metropolitan Police,00AYGW,13,19,12,29,70,14,0,25,13,5,1
2011-11,Metropolitan Police,00AYGQ,12,5,16,27,37,11,2,9,4,7,4
2011-11,Metropolitan Police,00AYGP,17,2,11,14,42,11,0,21,1,5,4
2011-11,Metropolitan Police,00AYGS,7,4,8,15,28,11,0,12,4,2,1
2011-11,Metropolitan Police,00AYGR,18,5,9,16,53,8,0,29,5,5,10
2011-11,Metropolitan Police,00AYGM,15,3,8,38,69,13,6,24,6,7,9
2011-11,Metropolitan Police,00AYGL,7,15,9,30,53,9,5,48,14,4,9
2011-11,Metropolitan Police,00AYGN,11,11,14,23,56,11,0,26,14,7,11
2011-11,Metropolitan Police,00AYGH,19,11,10,24,49,10,0,18,4,1,9
2011-11,Metropolitan Police,00AYGK,8,13,16,25,80,17,7,49,20,10,18
2011-11,Metropolitan Police,00AYGJ,12,11,11,22,78,8,0,48,14,9,8
2011-11,Metropolitan Police,00AYGE,25,25,13,24,54,10,9,62,20,5,5
2011-11,Metropolitan Police,00AXFZ,10,2,5,16,31,7,12,11,2,1,1
2011-11,Metropolitan Police,00AXFY,2,0,2,8,11,7,0,5,2,0,3
2011-11,Metropolitan Police,00AXFX,6,1,3,11,17,6,1,5,2,3,4
2011-11,Metropolitan Police,00AHX1,6,12,12,20,70,11,4,10,9,6,5
2011-11,Metropolitan Police,00AYGC,7,17,17,22,64,16,11,95,16,4,13
2011-11,Metropolitan Police,00AYGB,13,11,23,9,30,10,0,30,8,9,1
2011-11,Metropolitan Police,00BEGL,8,21,15,30,59,14,4,60,8,10,0
2011-11,Metropolitan Police,00BEGM,9,3,19,20,66,6,3,22,20,5,3
2011-11,Metropolitan Police,00BEGN,27,9,10,39,58,5,11,25,9,5,3
2011-11,Metropolitan Police,00BEGH,15,5,8,3,29,6,2,18,2,0,2
2011-11,Metropolitan Police,00BEGJ,16,23,9,35,87,20,11,49,15,6,6
2011-11,Metropolitan Police,00BEGK,9,17,4,29,42,12,10,23,15,4,6
2011-11,Metropolitan Police,00BEGD,15,11,9,37,84,21,10,32,8,5,3
2011-11,Metropolitan Police,00BEGE,27,7,17,37,122,10,5,165,23,14,5
2011-11,Metropolitan Police,00BEGF,19,9,8,28,61,9,10,77,13,6,2
2011-11,Metropolitan Police,00BEGG,19,5,12,11,25,4,0,23,6,3,3
2011-11,Metropolitan Police,00BKGD,1,2,5,1,43,4,1,15,4,4,1
2011-11,Metropolitan Police,00BEGC,14,8,14,30,65,13,3,25,13,6,3
2011-11,Metropolitan Police,00BKGE,3,4,4,23,58,4,3,19,11,4,1
2011-11,Metropolitan Police,00BEGX,16,10,12,6,47,13,0,20,9,6,1
2011-11,Metropolitan Police,00BEGY,15,16,14,36,106,9,13,45,8,6,2
2011-11,Metropolitan Police,00BEGZ,24,13,12,9,26,7,1,23,2,0,1
2011-11,Metropolitan Police,00BEGT,16,8,8,25,52,12,3,41,8,5,3
2011-11,Metropolitan Police,00BEGU,20,9,13,20,62,19,8,23,4,4,4
2011-11,Metropolitan Police,00BJGL,9,10,20,24,72,6,5,17,1,3,1
2011-11,Metropolitan Police,00BEGW,13,3,9,4,43,7,1,14,3,0,2
2011-11,Metropolitan Police,00BEGP,13,4,16,22,47,9,1,14,15,4,6
2011-11,Metropolitan Police,00BEGQ,12,12,14,37,30,12,5,20,17,12,5
2011-11,Metropolitan Police,00BEGR,4,3,5,11,25,5,1,12,6,1,0
2011-11,Metropolitan Police,00BEGS,11,14,17,20,66,14,4,90,8,6,7
2011-11,Metropolitan Police,00BKGU,2,4,10,29,59,7,0,22,16,3,6
2011-11,Metropolitan Police,00BKGA,6,0,9,19,18,5,0,6,5,0,3
2011-11,Metropolitan Police,00BDFW,10,1,15,10,16,2,0,15,5,0,2
2011-11,Metropolitan Police,00BDFZ,4,1,5,12,25,10,4,7,0,2,1
2011-11,Metropolitan Police,00BDFX,4,1,15,4,18,4,8,10,1,1,5
2011-11,Metropolitan Police,00BDFY,6,3,3,6,13,2,1,4,1,0,4
2011-11,Metropolitan Police,00BCGT,20,6,26,21,52,14,12,36,25,6,6
2011-11,Metropolitan Police,00BCGU,25,8,19,7,22,8,1,3,8,6,3
2011-11,Metropolitan Police,00BCGR,15,5,10,19,63,4,4,20,13,3,7
2011-11,Metropolitan Police,00BCGS,12,10,13,5,22,9,1,11,5,0,3
2011-11,Metropolitan Police,00BCGP,23,7,17,7,42,7,1,12,17,0,4
2011-11,Metropolitan Police,00BCGQ,19,0,20,4,31,5,0,8,5,0,8
2011-11,Metropolitan Police,00BCGN,18,1,23,5,15,3,0,5,4,2,2
2011-11,Metropolitan Police,00BCGL,18,5,22,17,97,15,4,16,8,9,18
2011-11,Metropolitan Police,00BCGM,19,1,16,10,35,7,0,9,13,2,1
2011-11,Metropolitan Police,00BCGJ,14,3,14,14,38,4,0,22,10,3,3
2011-11,Metropolitan Police,00BCGK,17,1,7,22,53,27,4,10,3,6,2
2011-11,Metropolitan Police,00BCGH,19,10,23,10,27,21,2,7,15,4,4
2011-11,Metropolitan Police,00BCGF,26,2,13,8,32,13,2,14,11,6,10
2011-11,Metropolitan Police,00BCGG,22,9,26,17,22,9,1,19,15,3,3
2011-11,Metropolitan Police,00BCGD,17,8,18,3,18,12,0,8,5,0,1
2011-11,Metropolitan Police,00BCGE,12,15,21,28,123,18,27,59,25,23,8
2011-11,Metropolitan Police,00BCGB,25,4,9,13,32,3,3,5,3,2,3
2011-11,Metropolitan Police,00BCGC,14,2,12,5,34,8,9,13,8,2,1
2011-11,Metropolitan Police,00BCGA,11,8,14,5,27,11,1,8,4,1,3
2011-11,Metropolitan Police,00ALGX,15,2,13,34,34,12,1,14,3,4,13
2011-11,Metropolitan Police,00ALGY,8,6,14,25,46,11,4,57,7,10,3
2011-11,Metropolitan Police,00ALGZ,12,0,13,14,17,6,0,12,1,0,1
2011-11,Metropolitan Police,00BKGP,7,2,11,6,28,4,3,22,8,2,6
2011-11,Metropolitan Police,00ALGP,10,2,4,21,40,8,12,7,9,3,6
2011-11,Metropolitan Police,00ALGQ,22,4,17,14,23,10,0,11,2,2,3
2011-11,Metropolitan Police,00ALGR,8,5,15,18,54,14,3,21,5,5,3
2011-11,Metropolitan Police,00ALGS,11,0,13,18,34,6,2,12,1,3,4
2011-11,Metropolitan Police,00ALGT,8,3,8,13,29,16,12,14,5,7,2
2011-11,Metropolitan Police,00ALGU,4,3,11,16,25,7,9,7,4,1,5
2011-11,Metropolitan Police,00ALGW,2,1,5,19,17,9,0,1,2,1,2
2011-11,Metropolitan Police,00BKGR,4,4,6,6,35,3,0,10,3,1,2
2011-11,Metropolitan Police,00AGGG,14,9,14,14,58,15,6,24,13,6,10
2011-11,Metropolitan Police,00AGGF,15,14,18,40,104,15,13,247,61,18,5
2011-11,Metropolitan Police,00AGGE,16,15,14,31,83,10,24,266,13,15,13
2011-11,Metropolitan Police,00AGGD,9,2,16,11,26,6,1,13,1,2,2
2011-11,Metropolitan Police,00AGGN,13,3,17,16,70,11,0,28,1,3,3
2011-11,Metropolitan Police,00AGGM,17,5,2,15,37,15,2,51,11,1,8
2011-11,Metropolitan Police,00AGGL,17,7,13,4,26,8,9,43,1,4,3
2011-11,Metropolitan Police,00AGGK,11,1,8,9,33,6,0,8,6,1,3
2011-11,Metropolitan Police,00AGGJ,16,2,12,9,36,7,1,18,0,1,5
2011-11,Metropolitan Police,00AGGH,13,6,6,9,22,4,3,11,3,2,8
2011-11,Metropolitan Police,00AGGW,18,5,12,10,22,7,5,28,3,2,3
2011-11,Metropolitan Police,00AGGU,8,5,10,28,75,14,1,58,9,3,1
2011-11,Metropolitan Police,00AGGT,8,7,18,25,94,15,3,86,23,14,6
2011-11,Metropolitan Police,00AGGS,2,8,19,16,95,7,0,99,12,9,7
2011-11,Metropolitan Police,00AGGR,12,2,19,23,56,10,12,36,9,5,14
2011-11,Metropolitan Police,00AGGQ,8,7,13,18,72,13,4,79,13,11,6
2011-11,Metropolitan Police,00AGGP,29,8,27,50,151,32,34,292,18,18,22
2011-11,Metropolitan Police,00AGGX,17,4,15,9,54,3,3,27,5,4,1
2011-11,Metropolitan Police,00BHGA,7,4,16,18,26,8,2,10,3,3,5
2011-11,Metropolitan Police,00AKGZ,24,5,26,9,36,11,2,15,2,2,5
2011-11,Metropolitan Police,00AKGY,10,6,10,19,62,12,0,6,3,3,1
2011-11,Metropolitan Police,00AKGX,10,6,17,18,28,3,0,4,5,3,5
2011-11,Metropolitan Police,00BHGE,17,1,22,17,29,8,0,11,3,1,0
2011-11,Metropolitan Police,00BHGD,9,8,12,22,32,7,0,9,3,3,7
2011-11,Metropolitan Police,00BHGG,42,20,20,42,62,16,21,70,8,7,7
2011-11,Metropolitan Police,00BHGF,18,1,14,14,28,6,1,6,1,2,1
2011-11,Metropolitan Police,00AKGS,9,0,20,11,50,10,1,7,7,4,7
2011-11,Metropolitan Police,00AKGR,22,5,16,13,60,16,10,8,5,2,5
2011-11,Metropolitan Police,00AKGQ,16,13,19,37,107,21,6,28,13,7,9
2011-11,Metropolitan Police,00AKGP,18,4,19,9,19,5,0,5,1,1,5
2011-11,Metropolitan Police,00AKGW,12,0,16,7,36,9,1,6,2,2,4
2011-11,Metropolitan Police,00BHGL,9,10,27,29,82,20,7,19,6,6,4
2011-11,Metropolitan Police,00AKGU,31,9,6,30,50,10,0,6,4,2,2
2011-11,Metropolitan Police,00AKGT,11,3,24,6,25,5,11,12,1,1,2
2011-11,Metropolitan Police,00BHGQ,16,3,33,17,27,10,3,47,3,3,9
2011-11,Metropolitan Police,00BHGP,20,4,21,16,43,9,2,9,5,3,5
2011-11,Metropolitan Police,00BHGS,12,2,25,17,35,11,1,15,2,4,0
2011-11,Metropolitan Police,00BHGR,16,9,11,28,27,6,1,15,7,3,4
2011-11,Metropolitan Police,00AKGN,5,1,15,9,50,4,1,13,6,1,2
2011-11,Metropolitan Police,00AKGM,14,4,25,9,33,7,1,3,2,2,7
2011-11,Metropolitan Police,00AKGL,26,4,19,6,20,3,0,4,3,3,3
2011-11,Metropolitan Police,00AZGF,22,10,15,35,53,10,1,35,16,7,6
2011-11,Metropolitan Police,00AZGG,6,7,7,17,24,10,1,11,12,3,9
2011-11,Metropolitan Police,00AZGD,14,3,15,32,50,18,9,12,11,7,2
2011-11,Metropolitan Police,00AZGE,11,6,9,28,49,17,2,24,14,5,29
2011-11,Metropolitan Police,00AZGJ,14,7,10,27,53,14,2,20,5,6,4
2011-11,Metropolitan Police,00AZGK,17,8,14,22,55,12,0,18,10,3,7
2011-11,Metropolitan Police,00AZGH,13,4,7,21,36,5,0,15,3,4,21
2011-11,Metropolitan Police,00AZGN,8,5,11,11,31,4,2,17,10,2,28
2011-11,Metropolitan Police,00AZGL,25,7,13,15,70,12,3,6,3,2,5
2011-11,Metropolitan Police,00AZGM,14,3,15,15,29,8,2,5,3,7,8
2011-11,Metropolitan Police,00AHGS,21,10,16,11,49,12,1,14,6,4,13
2011-11,Metropolitan Police,00AZGS,12,14,19,16,33,12,1,17,9,5,8
2011-11,Metropolitan Police,00AZGP,7,6,9,20,26,5,5,8,5,5,4
2011-11,Metropolitan Police,00AZGQ,21,26,7,45,137,14,37,51,21,17,17
2011-11,Metropolitan Police,00AZGW,6,9,8,21,46,11,0,17,8,7,4
2011-11,Metropolitan Police,00AZGT,15,8,13,58,95,23,5,22,21,13,11
2011-11,Metropolitan Police,00AZGU,19,10,19,25,53,12,5,15,3,8,11
2011-11,Metropolitan Police,00AZGX,13,4,15,22,39,11,1,16,4,2,18
2011-11,Metropolitan Police,00BKX8,3,11,17,77,130,13,5,290,69,22,9
2011-11,Metropolitan Police,00BJGC,10,4,17,4,20,9,0,13,2,1,2
2011-11,Metropolitan Police,00BKX2,11,1,6,23,50,9,31,253,27,5,3
2011-11,Metropolitan Police,00BKX1,19,3,20,21,54,6,7,117,2,1,10
2011-11,Metropolitan Police,00BKX7,1,1,2,9,36,4,9,86,27,8,11
2011-11,Metropolitan Police,00BKX6,6,6,19,58,149,13,16,246,34,25,16
2011-11,Metropolitan Police,00BKX5,16,17,6,47,107,13,13,420,99,15,8
2011-11,Metropolitan Police,00BKX4,6,11,5,44,94,9,184,368,7,6,19
2011-11,Metropolitan Police,00AUFZ,12,10,8,25,74,15,8,72,18,7,8
2011-11,Metropolitan Police,00BJGG,5,9,17,26,65,6,1,35,6,5,5
2011-11,Metropolitan Police,00AUFX,7,9,5,14,47,14,21,63,23,5,10
2011-11,Metropolitan Police,00AUFY,27,4,24,32,64,10,7,141,21,8,8
2011-11,Metropolitan Police,00BJGF,8,4,12,19,51,9,15,31,8,6,7
2011-11,Metropolitan Police,00BJGE,11,0,10,12,31,7,0,7,4,2,3
2011-11,Metropolitan Police,00BJGD,7,8,31,14,42,7,6,26,5,3,2
2011-11,Metropolitan Police,00BJGB,12,5,12,21,47,8,4,16,8,2,3
2011-11,Metropolitan Police,00APGT,25,1,17,21,43,18,2,10,7,2,19
2011-11,Metropolitan Police,00APGU,18,3,30,22,40,9,0,15,7,1,4
2011-11,Metropolitan Police,00APGP,11,2,7,7,45,2,0,5,1,3,2
2011-11,Metropolitan Police,00APGQ,13,10,13,35,99,19,12,36,16,7,2
2011-11,Metropolitan Police,00APGR,22,12,6,28,92,17,3,19,6,4,21
2011-11,Metropolitan Police,00APGS,10,5,14,19,66,13,0,12,11,7,6
2011-11,Metropolitan Police,00APGL,24,19,20,33,80,8,2,24,16,8,5
2011-11,Metropolitan Police,00APGM,14,5,22,12,79,15,0,8,2,4,0
2011-11,Metropolitan Police,00APGN,14,5,24,21,73,5,11,24,6,5,4
2011-11,Metropolitan Police,00APGH,9,0,20,12,40,8,1,13,3,3,6
2011-11,Metropolitan Police,00BJGA,11,1,20,13,22,10,0,13,3,1,0
2011-11,Metropolitan Police,00APGJ,13,4,17,5,20,2,2,21,3,1,0
2011-11,Metropolitan Police,00APGK,17,8,29,32,131,19,37,86,15,10,2
2011-11,Metropolitan Police,00APGD,11,2,15,5,31,2,1,21,3,3,2
2011-11,Metropolitan Police,00APGE,17,2,26,16,41,4,2,12,2,0,6
2011-11,Metropolitan Police,00APGF,11,8,13,18,65,10,4,13,14,4,2
2011-11,Metropolitan Police,00APGG,18,3,13,6,27,2,0,16,2,0,7
2011-11,Metropolitan Police,00APGA,13,10,20,14,29,14,2,182,1,0,1
2011-11,Metropolitan Police,00APGB,23,3,16,23,43,5,6,13,13,2,13
2011-11,Metropolitan Police,00APGC,15,4,30,34,69,10,1,12,9,3,3
2011-11,Metropolitan Police,00AQFZ,21,0,10,4,21,4,0,10,0,2,4
2011-11,Metropolitan Police,00AQFY,10,2,5,8,14,3,1,5,0,1,1
2011-11,Metropolitan Police,00BKGN,3,1,3,32,44,17,1,14,12,5,4
2011-11,Metropolitan Police,00BHGC,6,8,24,17,28,12,4,25,6,1,4
2011-11,Metropolitan Police,00BHGB,14,5,8,7,19,3,1,4,2,3,1
2011-11,Metropolitan Police,00AXGE,13,1,5,7,11,0,1,6,0,1,4
2011-11,Metropolitan Police,00BHGH,12,4,15,21,26,10,0,6,3,2,5
2011-11,Metropolitan Police,00BHGK,9,9,11,21,26,9,0,14,4,0,7
2011-11,Metropolitan Police,00BHGJ,16,8,36,20,49,12,3,18,7,3,3
2011-11,Metropolitan Police,00BHGM,6,4,19,26,56,7,14,27,6,5,9
2011-11,Metropolitan Police,00BJFZ,20,4,23,7,57,7,4,32,2,0,8
2011-11,Metropolitan Police,00BHGN,19,15,16,21,46,6,5,20,5,4,10
2011-11,Metropolitan Police,00BCFY,19,4,14,18,37,7,15,9,13,3,10
2011-11,Metropolitan Police,00BKGS,9,5,2,15,105,13,4,47,5,13,6
2011-11,Metropolitan Police,00BCFZ,25,3,18,10,25,3,1,5,12,2,6
2011-11,Metropolitan Police,00BKGF,5,6,12,16,65,6,1,18,11,2,6
2011-11,Metropolitan Police,00BKGG,23,3,13,17,132,9,1,98,9,6,10
2011-11,Metropolitan Police,00ACFX,29,1,18,10,15,7,2,7,4,0,11
2011-11,Metropolitan Police,00ACFY,6,5,8,29,41,16,3,9,7,2,5
2011-11,Metropolitan Police,00ACFZ,40,6,18,27,121,10,10,24,10,12,8
2011-11,Metropolitan Police,00AJHB,10,3,11,12,48,8,7,16,6,5,6
2011-11,Metropolitan Police,00AJHA,10,9,19,14,32,3,2,11,2,0,9
2011-11,Metropolitan Police,00ABGJ,10,1,4,12,33,12,0,5,2,2,2
2011-11,Metropolitan Police,00ABGK,20,9,17,26,38,13,4,12,12,4,6
2011-11,Metropolitan Police,00ABGH,11,6,11,15,22,8,1,6,6,3,10
2011-11,Metropolitan Police,00ABGN,19,0,12,13,41,8,3,11,2,4,9
2011-11,Metropolitan Police,00ABGL,15,5,28,14,45,19,5,26,4,4,7
2011-11,Metropolitan Police,00ABGM,8,2,7,11,23,5,0,5,1,0,2
2011-11,Metropolitan Police,00ABGB,19,4,5,14,36,7,1,8,3,2,4
2011-11,Metropolitan Police,00ABGC,12,4,8,15,41,6,2,10,2,2,3
2011-11,Metropolitan Police,00ABGA,14,3,13,17,41,7,9,11,1,1,8
2011-11,Metropolitan Police,00ABGF,21,12,9,20,45,9,8,15,5,2,3
2011-11,Metropolitan Police,00ABGG,12,2,16,14,25,6,1,8,3,4,3
2011-11,Metropolitan Police,00ABGD,12,6,12,23,46,9,1,10,8,2,18
2011-11,Metropolitan Police,00ABGE,4,1,18,25,26,5,2,10,2,3,4
2011-11,Metropolitan Police,00ABGP,9,1,14,19,47,5,2,7,5,2,4
2011-11,Metropolitan Police,00BKGC,16,5,17,22,78,14,8,96,21,18,14
2011-11,Metropolitan Police,00BDGE,15,1,14,2,13,3,0,8,1,0,5
2011-11,Metropolitan Police,00AZGR,26,10,12,25,75,20,9,48,25,14,7
2011-11,Metropolitan Police,00BDGG,25,1,11,6,15,10,5,19,4,1,2
2011-11,Metropolitan Police,00BDGF,9,3,9,6,22,1,1,10,0,0,5
2011-11,Metropolitan Police,00BDGA,10,4,4,5,15,0,0,3,2,2,5
2011-11,Metropolitan Police,00BDGC,2,0,2,8,24,3,0,13,2,0,2
2011-11,Metropolitan Police,00BDGB,8,1,4,8,15,7,6,6,0,4,4
2011-11,Metropolitan Police,00BDGM,8,2,5,12,18,7,6,14,4,2,8
2011-11,Metropolitan Police,00BDGL,5,0,5,6,23,8,2,20,3,2,4
2011-11,Metropolitan Police,00BDGN,14,1,6,4,10,6,1,9,2,2,0
2011-11,Metropolitan Police,00BDGH,8,1,16,10,20,2,0,8,5,3,3
2011-11,Metropolitan Police,00BDGK,7,0,3,6,19,1,0,9,0,0,1
2011-11,Metropolitan Police,00BDGJ,8,4,17,22,39,9,25,18,3,4,11
2011-11,Metropolitan Police,00BFGC,11,2,16,10,19,4,2,7,2,0,3
2011-11,Metropolitan Police,00BFGG,6,0,6,5,23,6,5,4,1,0,1
2011-11,Metropolitan Police,00BDGP,11,0,14,8,21,5,0,7,2,0,2
2011-11,Metropolitan Police,00BFGE,3,1,4,7,21,1,0,4,1,0,1
2011-11,Metropolitan Police,00BFGD,21,3,15,9,19,4,0,9,2,0,1
2011-11,Metropolitan Police,00BFGK,6,0,8,14,19,15,1,10,0,3,2
2011-11,Metropolitan Police,00BFGJ,6,2,4,5,13,8,2,5,2,2,0
2011-11,Metropolitan Police,00BFGH,7,0,9,6,14,4,9,6,2,0,1
2011-11,Metropolitan Police,00BFGN,2,1,10,16,32,4,2,9,2,2,0
2011-11,Metropolitan Police,00BFGM,9,8,7,29,53,9,32,14,17,6,3
2011-11,Metropolitan Police,00BFGL,7,1,4,5,19,6,4,6,3,1,0
2011-11,Metropolitan Police,00AQGU,8,0,7,7,15,10,0,8,1,1,4
2011-11,Metropolitan Police,00AQGT,9,13,8,21,62,5,0,7,11,3,1
2011-11,Metropolitan Police,00AQGQ,15,2,9,12,25,7,1,8,2,6,1
2011-11,Metropolitan Police,00AQGP,17,4,10,4,21,2,1,11,1,1,2
2011-11,Metropolitan Police,00AQGS,8,3,12,14,19,3,1,11,2,0,4
2011-11,Metropolitan Police,00AQGR,21,4,9,17,34,5,2,8,3,4,7
2011-11,Metropolitan Police,00AQGE,9,1,5,7,16,4,3,5,1,0,5
2011-11,Metropolitan Police,00AQGD,9,1,1,5,29,6,1,6,3,5,4
2011-11,Metropolitan Police,00AQGG,9,1,5,9,10,3,2,2,1,1,1
2011-11,Metropolitan Police,00AQGF,10,1,2,3,18,0,0,2,2,1,1
2011-11,Metropolitan Police,00AQGA,17,2,5,12,42,8,4,3,0,2,3
2011-11,Metropolitan Police,00AQGC,9,2,7,21,37,9,0,9,1,4,11
2011-11,Metropolitan Police,00AQGB,21,6,15,16,65,9,22,29,6,1,5
2011-11,Metropolitan Police,00AQGM,9,1,6,1,19,1,1,8,0,0,3
2011-11,Metropolitan Police,00AQGL,12,2,13,2,15,5,1,9,1,1,1
2011-11,Metropolitan Police,00AQGN,26,2,11,6,22,5,0,6,2,4,5
2011-11,Metropolitan Police,00AQGH,9,0,5,6,15,4,0,5,1,1,1
2011-11,Metropolitan Police,00AQGK,13,8,13,15,37,4,2,12,4,3,2
2011-11,Metropolitan Police,00AQGJ,17,2,9,9,9,6,0,5,3,0,6
2011-11,Metropolitan Police,00ADGP,5,4,9,9,16,5,6,3,6,1,7
2011-11,Metropolitan Police,00ADGQ,7,0,5,8,17,5,0,6,4,1,1
2011-11,Metropolitan Police,00ADGR,15,5,18,13,53,9,0,9,5,2,7
2011-11,Metropolitan Police,00ADGS,7,0,7,11,31,8,3,6,0,0,0
2011-11,Metropolitan Police,00ADGT,8,1,11,4,8,4,0,6,3,4,2
2011-11,Metropolitan Police,00ADGU,0,3,3,5,10,7,1,1,2,3,1
2011-11,Metropolitan Police,00ADGW,4,0,2,9,23,7,4,12,5,2,1
2011-11,Metropolitan Police,00ADGX,21,7,11,17,37,7,1,3,6,3,2
2011-11,Metropolitan Police,00BKGL,4,4,8,15,21,7,3,16,10,7,8
2011-11,Metropolitan Police,00BKGM,13,3,18,6,52,4,9,87,5,3,14
2011-11,Metropolitan Police,00BKGJ,31,3,11,21,79,7,4,91,26,4,10
2011-11,Metropolitan Police,00BKGK,7,2,2,22,52,11,1,30,22,9,5
2011-11,Metropolitan Police,00BKGH,7,5,9,19,21,4,8,59,14,2,7
2011-11,Metropolitan Police,00ADGA,3,0,3,11,20,1,2,4,3,2,0
2011-11,Metropolitan Police,00ADGB,7,3,15,11,32,6,0,12,3,0,1
2011-11,Metropolitan Police,00ADGC,2,1,3,8,15,2,0,4,0,0,0
2011-11,Metropolitan Police,00ADGD,8,1,7,2,9,2,5,4,2,0,4
2011-11,Metropolitan Police,00ADGE,3,0,6,7,17,2,6,3,0,1,4
2011-11,Metropolitan Police,00ADGF,6,1,6,14,37,4,24,20,10,5,7
2011-11,Metropolitan Police,00ADGG,4,2,6,12,28,5,0,4,4,2,5
2011-11,Metropolitan Police,00ADGH,3,1,8,9,36,6,3,3,2,0,3
2011-11,Metropolitan Police,00ADGJ,9,0,10,4,35,8,3,7,3,3,0
2011-11,Metropolitan Police,00ADGK,3,5,2,9,21,5,5,5,10,1,8
2011-11,Metropolitan Police,00ADGL,4,1,7,8,20,4,0,7,5,0,4
2011-11,Metropolitan Police,00ADGM,9,2,3,12,36,7,5,10,11,2,9
2011-11,Metropolitan Police,00ADGN,3,2,6,16,15,8,2,2,2,1,2
2011-11,Metropolitan Police,00AXGC,4,1,4,6,24,5,1,6,3,0,4
2011-11,Metropolitan Police,00BKX3,7,11,41,57,93,14,24,266,29,19,20
2011-11,Metropolitan Police,00AWGB,7,4,12,12,58,8,16,47,5,9,4
2011-11,Metropolitan Police,00ASGZ,15,1,16,22,47,8,19,34,2,9,4
2011-11,Metropolitan Police,00ASGG,13,5,18,31,56,11,5,9,10,1,6
2011-11,Metropolitan Police,00ASGK,10,0,3,8,17,4,0,4,3,2,3
2011-11,Metropolitan Police,00ASGJ,30,3,5,31,44,13,3,14,10,5,3
2011-11,Metropolitan Police,00ASGH,28,2,12,23,67,9,3,16,8,5,5
2011-11,Metropolitan Police,00ASGN,9,1,6,1,21,6,0,9,1,0,1
2011-11,Metropolitan Police,00ASGM,13,1,12,3,13,3,0,7,0,1,5
2011-11,Metropolitan Police,00ASGL,27,7,9,22,27,8,6,7,4,0,2
2011-11,Metropolitan Police,00ASGS,11,0,11,11,30,10,4,1,3,2,2
2011-11,Metropolitan Police,00ASGR,15,5,5,1,16,6,1,4,2,2,3
2011-11,Metropolitan Police,00ASGQ,20,1,7,19,47,11,1,13,7,3,7
2011-11,Metropolitan Police,00ASGP,23,8,55,35,160,22,15,114,16,15,37
2011-11,Metropolitan Police,00ASGW,16,3,17,14,39,18,1,19,5,2,6
2011-11,Metropolitan Police,00ASGU,11,3,14,8,31,10,2,4,1,3,0
2011-11,Metropolitan Police,00ASGT,9,0,15,9,23,2,3,7,0,3,3
2011-11,Metropolitan Police,00AHHE,19,5,14,26,33,9,2,14,11,4,8
2011-11,Metropolitan Police,00AHHD,27,10,20,36,50,18,3,26,9,7,13
2011-11,Metropolitan Police,00ASGY,16,5,23,30,75,12,15,18,8,7,9
2011-11,Metropolitan Police,00ASGX,10,2,20,6,23,5,2,11,3,3,8
2011-11,Metropolitan Police,00AHHA,21,17,13,24,54,19,1,17,7,6,4
2011-11,Metropolitan Police,00AHHC,24,7,19,25,48,11,1,22,6,5,2
2011-11,Metropolitan Police,00AHHB,23,8,5,11,31,16,0,7,8,4,3
2011-11,Metropolitan Police,00AUGH,17,11,10,22,67,14,2,31,6,8,2
2011-11,Metropolitan Police,00AUGK,8,3,18,11,39,6,1,26,4,2,2
2011-11,Metropolitan Police,00AUGJ,19,4,11,17,44,16,0,24,5,4,3
2011-11,Metropolitan Police,00AUGM,3,9,19,14,91,10,5,65,9,7,3
2011-11,Metropolitan Police,00AUGL,19,4,12,18,69,9,21,135,12,15,10
2011-11,Metropolitan Police,00AUGN,16,12,13,23,54,11,2,17,9,8,2
2011-11,Metropolitan Police,00AUGA,20,4,10,8,26,9,0,21,5,7,4
2011-11,Metropolitan Police,00AUGC,14,18,8,32,106,18,24,63,18,23,7
2011-11,Metropolitan Police,00AUGB,7,3,14,23,84,6,0,95,22,3,1
2011-11,Metropolitan Police,00AUGE,11,8,19,30,62,16,1,36,9,14,6
2011-11,Metropolitan Police,00AUGD,24,6,18,12,35,10,2,34,7,5,1
2011-11,Metropolitan Police,00AUGG,13,10,10,28,80,9,4,36,4,10,2
2011-11,Metropolitan Police,00AUGF,15,4,10,18,33,5,0,10,1,4,8
2011-11,Metropolitan Police,00BBGT,10,7,11,13,54,6,0,9,3,6,12
2011-11,Metropolitan Police,00BBGS,25,10,22,24,89,17,1,18,13,6,14
2011-11,Metropolitan Police,00BBGR,14,15,29,28,46,8,0,7,7,1,2
2011-11,Metropolitan Police,00BAGP,8,1,11,14,40,24,12,19,4,11,5
2011-11,Metropolitan Police,00BAGQ,8,3,10,5,9,2,1,13,2,0,1
2011-11,Metropolitan Police,00BAGR,22,1,7,5,12,3,1,3,4,1,8
2011-11,Metropolitan Police,00BAGS,21,1,17,3,13,6,2,8,2,2,2
2011-11,Metropolitan Police,00BBGP,15,6,13,33,57,2,2,15,6,3,10
2011-11,Metropolitan Police,00BFGR,5,0,4,11,35,5,2,14,2,2,0
2011-11,Metropolitan Police,00BAGA,9,9,10,16,38,9,3,16,8,3,3
2011-11,Metropolitan Police,00BAGB,4,3,4,9,19,2,11,14,9,5,3
2011-11,Metropolitan Police,00BAGC,10,7,2,16,36,6,3,13,7,3,0
2011-11,Metropolitan Police,00BAGD,11,3,11,16,27,4,1,6,1,3,4
2011-11,Metropolitan Police,00BAGE,11,1,4,4,14,4,6,15,2,0,2
2011-11,Metropolitan Police,00BAGF,3,5,7,10,20,4,1,3,6,1,6
2011-11,Metropolitan Police,00BAGG,19,7,7,13,31,4,1,9,2,1,1
2011-11,Metropolitan Police,00BAGH,10,2,3,9,16,9,0,2,3,0,2
2011-11,Metropolitan Police,00BAGJ,15,3,5,5,27,4,1,7,10,3,2
2011-11,Metropolitan Police,00BAGK,16,2,14,12,37,11,1,3,2,4,3
2011-11,Metropolitan Police,00BAGL,9,1,1,16,21,8,0,8,6,6,5
2011-11,Metropolitan Police,00BAGM,9,2,5,7,27,4,0,27,1,2,1
2011-11,Metropolitan Police,00BAGN,12,4,2,11,24,6,1,7,6,3,2
2011-11,Metropolitan Police,00ACGS,19,13,20,21,60,13,15,24,9,5,15
2011-11,Metropolitan Police,00ACGR,27,4,14,14,30,3,4,17,3,2,6
2011-11,Metropolitan Police,00ACGQ,21,2,23,17,45,7,2,13,9,2,4
2011-11,Metropolitan Police,00ACGP,20,1,9,11,28,2,2,7,3,1,5
2011-11,Metropolitan Police,00ACGT,22,11,17,12,37,18,6,21,7,7,6
2011-11,Metropolitan Police,00BFGQ,3,3,2,3,17,4,0,5,0,1,1
2011-11,Metropolitan Police,00ACGC,14,3,21,19,32,8,1,10,2,2,9
2011-11,Metropolitan Police,00ACGB,26,0,27,20,53,7,6,10,4,1,10
2011-11,Metropolitan Police,00ACGA,13,4,20,24,66,9,5,13,6,1,8
2011-11,Metropolitan Police,00ACGG,17,5,41,18,26,4,4,12,1,1,4
2011-11,Metropolitan Police,00ACGF,16,3,21,4,28,5,0,11,2,3,5
2011-11,Metropolitan Police,00ACGE,18,4,23,17,63,14,10,27,11,5,12
2011-11,Metropolitan Police,00ACGD,17,7,13,10,39,5,1,11,9,3,10
2011-11,Metropolitan Police,00ACGK,20,8,25,12,56,16,0,27,7,3,7
2011-11,Metropolitan Police,00ACGJ,28,2,15,8,28,1,0,10,5,2,10
2011-11,Metropolitan Police,00ACGH,19,2,26,11,45,10,11,20,2,8,15
2011-11,Metropolitan Police,00ACGN,30,1,10,16,26,9,2,7,3,5,9
2011-11,Metropolitan Police,00ACGM,22,1,39,17,34,5,6,22,6,2,22
2011-11,Metropolitan Police,00ACGL,18,3,25,11,50,12,7,25,1,6,14
2011-11,Metropolitan Police,00BKGT,10,7,16,4,32,7,3,19,3,4,1
2011-11,Metropolitan Police,00AYGD,10,24,19,45,98,14,6,72,28,16,8
2011-11,Metropolitan Police,00AYGG,24,9,20,23,79,10,3,50,6,2,1
2011-11,Metropolitan Police,00BGGJ,28,0,13,12,56,6,4,17,5,6,40
2011-11,Metropolitan Police,00BGGK,9,6,9,29,78,10,3,21,17,8,5
2011-11,Metropolitan Police,00BGGH,20,10,12,21,77,14,1,17,15,5,5
2011-11,Metropolitan Police,00AYGF,11,7,11,11,47,11,0,7,5,5,3
2011-11,Metropolitan Police,00BGGN,5,3,13,22,113,11,1,42,29,8,3
2011-11,Metropolitan Police,00BGGL,7,1,9,42,61,10,4,116,107,9,7
2011-11,Metropolitan Police,00BGGM,10,9,26,20,130,11,2,86,49,8,3
2011-11,Metropolitan Police,00BGGB,9,4,11,23,74,10,1,21,7,8,3
2011-11,Metropolitan Police,00AYGA,14,16,8,31,34,16,2,48,14,3,8
2011-11,Metropolitan Police,00BGGA,12,7,15,14,78,7,4,24,7,4,9
2011-11,Metropolitan Police,00BGGF,14,9,20,24,59,13,2,22,10,6,7
2011-11,Metropolitan Police,00BGGG,12,3,13,30,75,13,11,42,9,5,7
2011-11,Metropolitan Police,00BGGD,16,5,10,13,89,22,0,13,7,5,4
2011-11,Metropolitan Police,00BGGE,5,4,6,20,70,7,3,29,11,6,4
2011-11,Metropolitan Police,00AHGT,15,4,23,31,25,9,7,13,6,3,3
2011-11,Metropolitan Police,00ANGG,16,14,30,24,123,13,35,72,16,10,13
2011-11,Metropolitan Police,00ANGD,7,4,12,19,33,11,4,28,7,6,5
2011-11,Metropolitan Police,00AHGW,22,13,21,33,119,28,3,37,25,2,13
2011-11,Metropolitan Police,00ANGB,8,4,17,17,23,7,2,14,4,5,4
2011-11,Metropolitan Police,00ANGC,12,2,12,10,31,16,0,21,5,2,1
2011-11,Metropolitan Police,00AHGR,7,3,8,13,36,10,12,6,3,5,11
2011-11,Metropolitan Police,00ANGA,6,2,16,11,41,11,8,30,9,7,6
2011-11,Metropolitan Police,00ANGN,11,5,23,13,34,6,4,24,4,3,7
2011-11,Metropolitan Police,00ANGL,14,3,36,12,27,14,7,35,9,5,4
2011-11,Metropolitan Police,00ANGM,16,2,25,9,38,7,3,36,3,8,5
2011-11,Metropolitan Police,00ANGJ,13,1,36,15,39,17,4,19,8,7,4
2011-11,Metropolitan Police,00AHGY,9,2,6,9,21,5,0,3,6,1,0
2011-11,Metropolitan Police,00ANGH,17,0,29,13,33,5,0,11,2,3,2
2011-11,Metropolitan Police,00AHGE,8,7,10,15,42,9,3,14,4,6,4
2011-11,Metropolitan Police,00AHGF,14,4,10,19,15,4,1,8,13,0,1
2011-11,Metropolitan Police,00AHGG,16,2,13,24,23,7,0,16,11,3,9
2011-11,Metropolitan Police,00ANGR,12,4,12,15,62,9,0,15,6,5,2
2011-11,Metropolitan Police,00ANGP,8,9,9,28,81,14,66,102,22,16,16
2011-11,Metropolitan Police,00ANGQ,12,4,22,12,31,8,3,32,4,5,8
2011-11,Metropolitan Police,00AHGL,17,5,9,21,41,12,7,14,7,2,1
2011-11,Metropolitan Police,00AHGM,32,22,14,78,140,24,30,85,33,20,10
2011-11,Metropolitan Police,00AHGN,2,2,9,24,23,11,2,3,3,1,2
2011-11,Metropolitan Police,00AHGH,17,26,37,41,101,35,55,56,22,12,25
2011-11,Metropolitan Police,00AHGJ,7,3,11,9,23,4,1,1,1,0,1
2011-11,Metropolitan Police,00AHGK,3,2,16,10,17,7,6,9,3,2,3
2011-11,Metropolitan Police,00ARGR,27,16,15,50,104,23,48,48,28,17,5
2011-11,Metropolitan Police,00ARGS,14,3,10,12,24,7,5,12,3,6,4
2011-11,Metropolitan Police,00ARGP,19,3,12,15,28,5,1,3,4,0,4
2011-11,Metropolitan Police,00ARGQ,22,3,14,13,34,14,0,7,3,2,9
2011-11,Metropolitan Police,00ARGW,11,0,7,9,19,5,10,10,2,2,2
2011-11,Metropolitan Police,00ARGT,11,3,26,9,35,7,1,10,2,6,11
2011-11,Metropolitan Police,00ARGU,10,1,7,17,10,8,0,6,4,1,2
2011-11,Metropolitan Police,00ARGJ,20,4,13,7,25,6,1,16,2,4,4
2011-11,Metropolitan Police,00ARGK,6,3,18,8,24,7,2,7,7,0,3
2011-11,Metropolitan Police,00ARGH,9,0,4,9,16,2,0,1,0,4,2
2011-11,Metropolitan Police,00ARGN,17,0,5,9,33,5,6,5,1,4,8
2011-11,Metropolitan Police,00ARGL,11,1,7,16,40,7,1,6,8,1,1
2011-11,Metropolitan Police,00ARGM,13,4,9,8,20,3,5,4,1,3,4
2011-11,Metropolitan Police,00ARGC,29,2,17,13,46,5,2,17,3,2,3
2011-11,Metropolitan Police,00ARGF,24,1,11,5,13,5,0,5,4,0,5
2011-11,Metropolitan Police,00ARGG,28,6,9,35,68,14,5,13,4,8,7
2011-11,Metropolitan Police,00ARGD,6,0,8,3,15,4,1,2,0,1,0
2011-11,Metropolitan Police,00ARGE,12,3,9,0,23,10,0,4,0,3,0
2011-11,Metropolitan Police,00AEGY,17,8,12,21,55,6,0,25,16,4,8
2011-11,Metropolitan Police,00AEGX,28,7,10,24,22,3,0,22,24,5,11
2011-11,Metropolitan Police,00BJGM,12,9,16,20,36,11,2,27,2,2,6
2011-11,Metropolitan Police,00AEGZ,23,7,12,33,35,12,10,34,14,3,22
2011-11,Metropolitan Police,00BJGK,13,12,28,14,76,12,2,34,10,2,5
2011-11,Metropolitan Police,00BJGJ,13,7,13,11,49,3,11,51,1,5,5
2011-11,Metropolitan Police,00BJGH,24,5,16,7,23,8,1,26,1,1,1
2011-11,Metropolitan Police,00AEGQ,14,12,3,34,85,11,6,21,37,11,9
2011-11,Metropolitan Police,00AEGP,18,5,10,15,47,2,1,22,7,7,7
2011-11,Metropolitan Police,00AEGS,10,6,7,12,17,3,2,3,6,3,3
2011-11,Metropolitan Police,00AEGR,21,14,13,36,65,9,2,31,26,9,4
2011-11,Metropolitan Police,00AEGU,24,5,13,18,50,6,4,17,8,4,6
2011-11,Metropolitan Police,00AEGT,17,10,13,36,78,15,2,30,17,6,4
2011-11,Metropolitan Police,00AEGW,13,1,11,15,22,7,0,10,11,4,5
2011-11,Metropolitan Police,00AEGK,12,7,10,17,33,7,11,14,11,11,9
2011-11,Metropolitan Police,00AEGJ,25,7,11,15,46,11,2,23,10,3,16
2011-11,Metropolitan Police,00AEGM,14,8,11,17,37,5,2,11,15,0,7
2011-11,Metropolitan Police,00AEGL,25,6,9,15,25,2,0,26,11,5,2
2011-11,Metropolitan Police,00AEGN,17,16,13,27,43,15,0,21,22,9,8
2011-11,Metropolitan Police,00BJGU,9,3,14,17,42,12,0,6,3,4,3
2011-11,Metropolitan Police,00BJGT,6,5,8,7,40,6,0,6,1,1,3
2011-11,Metropolitan Police,00BJGS,16,2,33,12,42,6,0,14,0,0,2
2011-11,Metropolitan Police,00BJGR,20,4,24,31,57,14,3,24,1,6,4
2011-11,Metropolitan Police,00BJGQ,13,6,37,11,29,6,7,36,2,2,3
2011-11,Metropolitan Police,00BJGP,5,16,14,10,52,7,24,29,2,4,10
2011-11,Metropolitan Police,00AFHB,5,0,11,7,14,1,5,8,0,1,1
2011-11,Metropolitan Police,00AFHA,9,0,3,2,1,1,0,3,0,1,5
2011-11,Metropolitan Police,00AWFY,3,0,5,10,24,1,6,42,2,4,8
2011-11,Metropolitan Police,00AWFZ,7,2,17,16,47,5,36,134,1,2,13
2011-11,Metropolitan Police,00AXGD,17,2,9,9,22,10,0,13,5,2,5
2011-11,Metropolitan Police,00ABFY,14,4,13,21,35,16,4,12,3,4,2
2011-11,Metropolitan Police,00AXGF,7,2,10,69,124,15,52,125,19,15,8
2011-11,Metropolitan Police,00AXGG,9,2,3,11,34,8,0,15,2,4,3
2011-11,Metropolitan Police,00AYFZ,12,15,8,20,104,8,4,137,3,10,4
2011-11,Metropolitan Police,00AXGA,7,1,3,3,28,4,2,10,4,2,2
2011-11,Metropolitan Police,00AXGB,9,0,4,7,24,5,5,7,0,1,3
2011-11,Metropolitan Police,00ABFX,10,13,18,39,94,11,20,46,22,13,7
2011-11,Metropolitan Police,00AXGL,7,2,2,5,14,2,1,7,0,1,4
2011-11,Metropolitan Police,00AXGM,4,1,7,9,27,8,1,11,2,2,4
2011-11,Metropolitan Police,00AXGN,11,2,4,2,13,1,0,12,0,0,1
2011-11,Metropolitan Police,00AXGH,5,1,4,11,19,2,0,7,2,2,0
2011-11,Metropolitan Police,00AXGJ,10,0,4,3,13,1,0,6,1,0,1
2011-11,Metropolitan Police,00AXGK,6,0,7,13,27,4,4,14,5,1,5
2011-11,Metropolitan Police,00ABFZ,18,1,10,20,24,18,3,17,4,1,9
2011-11,Metropolitan Police,00ATGA,9,1,26,9,24,7,3,39,1,2,5
2011-11,Metropolitan Police,00ATGB,20,0,23,13,26,7,2,9,0,3,4
2011-11,Metropolitan Police,00ATGC,16,1,29,20,40,6,0,17,5,5,5
2011-11,Metropolitan Police,00ATGD,22,2,25,14,38,9,1,11,4,8,7
2011-11,Metropolitan Police,00ATGE,16,2,8,41,52,16,13,13,10,3,4
2011-11,Metropolitan Police,00ATGF,16,0,15,20,42,16,1,10,8,7,6
2011-11,Metropolitan Police,00ATGG,15,4,16,25,52,11,1,20,2,8,2
2011-11,Metropolitan Police,00ATGH,24,2,13,21,41,7,0,9,9,5,5
2011-11,Metropolitan Police,00ATGJ,20,6,18,17,39,10,2,12,6,2,13
2011-11,Metropolitan Police,00ATGK,13,6,18,17,50,12,16,12,8,4,21
2011-11,Metropolitan Police,00ATGL,14,10,9,36,105,20,41,66,16,15,17
2011-11,Metropolitan Police,00ATGM,9,7,16,28,49,11,5,20,6,6,7
2011-11,Metropolitan Police,00ATGN,18,1,19,9,19,4,0,3,0,3,2
2011-11,Metropolitan Police,00ATGP,22,4,14,31,43,6,4,22,11,12,4
2011-11,Metropolitan Police,00ATGQ,2,2,13,17,38,11,7,17,6,0,11
2011-11,Metropolitan Police,00ATGR,15,0,25,10,21,9,8,7,6,4,8
2011-11,Metropolitan Police,00ATGS,6,1,10,20,39,13,0,23,12,11,3
2011-11,Metropolitan Police,00ATGT,13,1,20,12,37,11,13,21,3,5,12
