Month,Force,Neighbourhood,Burglary,Robbery,Vehicle crime,Violent crime,Anti-social behaviour,Other crime
2011-06,South Wales Police,216,0,0,1,0,4,2
2011-06,South Wales Police,217,7,0,13,14,73,68
2011-06,South Wales Police,214,1,0,0,1,14,6
2011-06,South Wales Police,215,1,0,0,0,6,2
2011-06,South Wales Police,212,1,0,1,1,7,5
2011-06,South Wales Police,213,5,0,6,8,43,35
2011-06,South Wales Police,210,0,0,1,2,4,0
2011-06,South Wales Police,211,7,0,4,13,43,25
2011-06,South Wales Police,218,1,1,6,4,31,23
2011-06,South Wales Police,219,0,0,1,1,4,1
2011-06,South Wales Police,133,0,0,0,0,1,4
2011-06,South Wales Police,132,0,0,0,1,7,5
2011-06,South Wales Police,131,0,0,2,3,6,6
2011-06,South Wales Police,130,1,0,0,1,18,11
2011-06,South Wales Police,137,4,0,1,11,25,21
2011-06,South Wales Police,136,4,0,1,5,11,10
2011-06,South Wales Police,135,0,0,1,0,3,4
2011-06,South Wales Police,226,5,0,2,2,27,11
2011-06,South Wales Police,139,0,0,0,0,7,5
2011-06,South Wales Police,166,0,0,1,1,1,1
2011-06,South Wales Police,24,0,1,1,2,10,11
2011-06,South Wales Police,322,7,1,3,36,79,49
2011-06,South Wales Police,26,1,0,2,4,21,4
2011-06,South Wales Police,92,13,0,6,17,46,48
2011-06,South Wales Police,20,1,0,2,10,23,11
2011-06,South Wales Police,21,4,0,2,0,7,2
2011-06,South Wales Police,22,0,0,1,3,24,14
2011-06,South Wales Police,23,2,0,5,7,24,11
2011-06,South Wales Police,95,7,0,2,7,37,28
2011-06,South Wales Police,28,3,0,1,1,24,16
2011-06,South Wales Police,29,2,1,2,2,12,5
2011-06,South Wales Police,161,4,0,1,1,14,2
2011-06,South Wales Police,4,1,0,3,7,55,29
2011-06,South Wales Police,8,3,0,5,4,24,13
2011-06,South Wales Police,220,2,0,1,1,14,5
2011-06,South Wales Police,68,25,1,10,115,285,343
2011-06,South Wales Police,87,2,0,1,2,30,15
2011-06,South Wales Police,119,1,0,0,2,11,5
2011-06,South Wales Police,120,0,0,11,7,35,19
2011-06,South Wales Police,121,2,0,0,0,7,1
2011-06,South Wales Police,122,1,0,0,9,15,5
2011-06,South Wales Police,123,0,0,2,3,18,18
2011-06,South Wales Police,124,3,0,2,11,52,19
2011-06,South Wales Police,125,3,0,0,1,7,1
2011-06,South Wales Police,126,0,0,0,1,1,2
2011-06,South Wales Police,127,1,0,2,0,6,2
2011-06,South Wales Police,128,5,0,4,3,30,15
2011-06,South Wales Police,129,3,0,1,2,4,8
2011-06,South Wales Police,91,9,1,10,30,112,63
2011-06,South Wales Police,59,4,0,4,13,22,13
2011-06,South Wales Police,58,7,1,3,7,28,21
2011-06,South Wales Police,55,0,0,3,6,20,16
2011-06,South Wales Police,54,3,0,2,2,25,12
2011-06,South Wales Police,57,3,2,2,10,58,18
2011-06,South Wales Police,56,7,0,4,6,21,19
2011-06,South Wales Police,51,5,0,1,4,33,7
2011-06,South Wales Police,50,4,0,1,5,10,6
2011-06,South Wales Police,53,2,0,4,8,26,14
2011-06,South Wales Police,52,1,0,2,7,20,6
2011-06,South Wales Police,25,0,0,0,6,14,6
2011-06,South Wales Police,90,10,0,21,13,109,83
2011-06,South Wales Police,164,0,0,0,3,27,14
2011-06,South Wales Police,201,17,0,16,17,46,53
2011-06,South Wales Police,199,21,2,17,97,269,247
2011-06,South Wales Police,198,3,0,4,7,26,28
2011-06,South Wales Police,200,6,0,1,3,28,10
2011-06,South Wales Police,195,0,0,0,2,6,4
2011-06,South Wales Police,194,0,0,1,3,5,1
2011-06,South Wales Police,197,0,0,2,0,3,1
2011-06,South Wales Police,196,1,0,0,1,7,4
2011-06,South Wales Police,191,1,0,2,10,23,14
2011-06,South Wales Police,190,5,0,2,9,40,22
2011-06,South Wales Police,193,2,1,1,2,17,21
2011-06,South Wales Police,192,1,0,0,0,6,2
2011-06,South Wales Police,115,3,0,1,0,6,5
2011-06,South Wales Police,114,1,0,4,1,4,11
2011-06,South Wales Police,88,14,2,16,25,86,72
2011-06,South Wales Police,116,0,0,0,0,7,3
2011-06,South Wales Police,111,2,0,0,6,17,24
2011-06,South Wales Police,110,2,0,0,3,7,4
2011-06,South Wales Police,113,1,0,0,5,19,7
2011-06,South Wales Police,112,0,0,1,0,4,5
2011-06,South Wales Police,82,0,0,1,1,8,4
2011-06,South Wales Police,83,11,0,11,5,38,54
2011-06,South Wales Police,80,13,0,9,17,68,52
2011-06,South Wales Police,81,8,1,22,16,106,78
2011-06,South Wales Police,86,0,0,0,2,16,1
2011-06,South Wales Police,118,0,0,0,4,12,5
2011-06,South Wales Police,84,17,1,18,21,97,90
2011-06,South Wales Police,85,7,0,13,9,36,43
2011-06,South Wales Police,207,1,0,3,3,20,6
2011-06,South Wales Police,108,5,0,1,0,6,9
2011-06,South Wales Police,66,8,0,8,16,98,49
2011-06,South Wales Police,206,1,0,2,2,10,9
2011-06,South Wales Police,94,5,0,5,15,42,34
2011-06,South Wales Police,3,6,0,7,5,40,21
2011-06,South Wales Police,7,4,0,4,4,43,17
2011-06,South Wales Police,5,7,0,0,2,21,5
2011-06,South Wales Police,178,4,0,1,2,5,2
2011-06,South Wales Police,181,5,0,2,10,33,16
2011-06,South Wales Police,27,1,0,1,18,35,12
2011-06,South Wales Police,102,4,0,1,4,14,20
2011-06,South Wales Police,103,3,1,10,7,26,30
2011-06,South Wales Police,100,5,0,3,4,20,19
2011-06,South Wales Police,101,2,1,1,6,17,8
2011-06,South Wales Police,106,5,0,4,9,16,19
2011-06,South Wales Police,107,1,0,0,0,1,11
2011-06,South Wales Police,104,2,0,1,4,4,4
2011-06,South Wales Police,105,0,0,1,0,2,5
2011-06,South Wales Police,39,5,0,0,3,27,24
2011-06,South Wales Police,38,2,0,2,3,47,7
2011-06,South Wales Police,33,3,0,2,3,15,5
2011-06,South Wales Police,32,0,0,4,3,13,4
2011-06,South Wales Police,31,3,0,0,0,18,5
2011-06,South Wales Police,30,2,0,0,3,12,3
2011-06,South Wales Police,37,3,0,0,8,34,18
2011-06,South Wales Police,36,0,0,1,0,18,6
2011-06,South Wales Police,35,5,0,2,4,28,12
2011-06,South Wales Police,34,1,0,1,2,21,10
2011-06,South Wales Police,109,3,0,3,3,21,8
2011-06,South Wales Police,162,0,0,2,5,13,13
2011-06,South Wales Police,160,3,0,2,5,10,8
2011-06,South Wales Police,73,4,0,4,6,27,36
2011-06,South Wales Police,205,8,0,3,3,20,18
2011-06,South Wales Police,176,1,0,0,1,2,0
2011-06,South Wales Police,60,2,0,0,0,17,7
2011-06,South Wales Police,61,2,0,1,2,32,6
2011-06,South Wales Police,62,1,0,4,4,20,7
2011-06,South Wales Police,63,1,0,1,4,28,16
2011-06,South Wales Police,64,6,1,17,22,72,58
2011-06,South Wales Police,65,6,0,15,18,56,74
2011-06,South Wales Police,179,1,0,0,2,4,4
2011-06,South Wales Police,67,13,0,14,16,71,51
2011-06,South Wales Police,177,1,0,0,1,6,6
2011-06,South Wales Police,69,2,0,2,3,19,6
2011-06,South Wales Police,175,1,0,1,0,14,2
2011-06,South Wales Police,174,2,0,0,0,4,3
2011-06,South Wales Police,173,3,0,3,3,9,8
2011-06,South Wales Police,172,2,0,1,2,15,14
2011-06,South Wales Police,171,1,0,0,0,2,1
2011-06,South Wales Police,170,3,0,0,0,4,1
2011-06,South Wales Police,145,1,0,0,7,11,2
2011-06,South Wales Police,182,1,0,0,16,45,45
2011-06,South Wales Police,183,0,0,4,3,22,3
2011-06,South Wales Police,180,5,0,1,4,11,12
2011-06,South Wales Police,2,7,0,3,3,33,27
2011-06,South Wales Police,167,7,0,2,3,7,9
2011-06,South Wales Police,187,4,0,5,14,33,37
2011-06,South Wales Police,184,0,0,1,0,1,0
2011-06,South Wales Police,185,0,0,0,1,5,1
2011-06,South Wales Police,186,5,0,2,8,15,8
2011-06,South Wales Police,188,1,0,0,4,7,5
2011-06,South Wales Police,189,0,0,0,1,2,1
2011-06,South Wales Police,97,1,0,0,4,6,10
2011-06,South Wales Police,6,2,0,6,3,31,29
2011-06,South Wales Police,99,3,0,0,0,9,5
2011-06,South Wales Police,98,3,0,0,7,22,15
2011-06,South Wales Police,168,1,0,2,1,2,3
2011-06,South Wales Police,169,3,0,2,3,10,5
2011-06,South Wales Police,229,9,0,7,17,60,32
2011-06,South Wales Police,228,4,0,6,3,42,48
2011-06,South Wales Police,227,2,0,6,4,26,13
2011-06,South Wales Police,165,0,0,0,0,2,3
2011-06,South Wales Police,225,2,0,0,3,15,2
2011-06,South Wales Police,224,2,0,0,0,1,1
2011-06,South Wales Police,223,1,0,1,1,9,8
2011-06,South Wales Police,222,9,0,5,11,90,55
2011-06,South Wales Police,221,1,0,1,2,8,2
2011-06,South Wales Police,163,1,0,0,0,6,0
2011-06,South Wales Police,11,5,0,4,6,20,7
2011-06,South Wales Police,10,3,0,2,8,29,7
2011-06,South Wales Police,13,4,0,2,3,34,22
2011-06,South Wales Police,12,7,0,5,5,28,20
2011-06,South Wales Police,15,7,0,6,19,68,33
2011-06,South Wales Police,14,8,0,6,8,26,28
2011-06,South Wales Police,17,1,0,1,4,5,2
2011-06,South Wales Police,16,6,0,1,3,49,22
2011-06,South Wales Police,19,1,0,0,0,18,9
2011-06,South Wales Police,18,1,0,2,2,9,4
2011-06,South Wales Police,143,1,0,1,1,10,5
2011-06,South Wales Police,117,0,0,0,3,10,2
2011-06,South Wales Police,89,8,4,7,6,56,28
2011-06,South Wales Police,151,3,0,8,8,22,19
2011-06,South Wales Police,150,5,0,0,7,42,23
2011-06,South Wales Police,153,0,0,0,3,15,8
2011-06,South Wales Police,152,3,0,1,0,4,0
2011-06,South Wales Police,155,11,0,5,13,40,36
2011-06,South Wales Police,154,0,1,0,3,10,2
2011-06,South Wales Police,157,0,0,1,0,3,2
2011-06,South Wales Police,156,1,0,1,1,4,2
2011-06,South Wales Police,159,0,0,0,0,5,1
2011-06,South Wales Police,158,4,0,3,3,17,11
2011-06,South Wales Police,230,9,0,14,10,55,44
2011-06,South Wales Police,231,1,0,1,0,5,2
2011-06,South Wales Police,232,2,0,0,0,21,9
2011-06,South Wales Police,48,6,0,2,0,11,9
2011-06,South Wales Police,49,3,0,1,2,24,27
2011-06,South Wales Police,46,0,0,1,2,23,18
2011-06,South Wales Police,47,4,0,3,4,33,11
2011-06,South Wales Police,44,4,0,2,9,29,26
2011-06,South Wales Police,45,1,0,2,1,13,6
2011-06,South Wales Police,42,5,0,4,1,19,21
2011-06,South Wales Police,43,4,0,0,4,27,40
2011-06,South Wales Police,40,0,0,7,8,34,13
2011-06,South Wales Police,41,0,0,1,5,25,0
2011-06,South Wales Police,1,5,0,2,3,11,10
2011-06,South Wales Police,326,0,0,1,0,4,1
2011-06,South Wales Police,9,4,1,11,19,103,47
2011-06,South Wales Police,146,0,0,1,2,3,5
2011-06,South Wales Police,147,1,0,0,1,7,3
2011-06,South Wales Police,203,2,0,0,1,5,4
2011-06,South Wales Police,202,4,1,7,4,28,19
2011-06,South Wales Police,142,1,0,0,0,8,3
2011-06,South Wales Police,204,0,0,1,0,11,3
2011-06,South Wales Police,140,4,0,8,3,31,26
2011-06,South Wales Police,141,2,0,9,7,8,11
2011-06,South Wales Police,209,0,0,1,3,2,4
2011-06,South Wales Police,208,1,0,0,0,1,1
2011-06,South Wales Police,148,3,0,0,1,13,8
2011-06,South Wales Police,149,5,0,5,2,14,13
2011-06,South Wales Police,77,3,1,3,2,31,20
2011-06,South Wales Police,76,1,0,0,0,12,5
2011-06,South Wales Police,75,6,0,8,16,44,37
2011-06,South Wales Police,74,23,1,4,27,101,86
2011-06,South Wales Police,93,5,0,3,8,23,16
2011-06,South Wales Police,72,5,0,16,6,124,48
2011-06,South Wales Police,71,9,4,3,31,92,78
2011-06,South Wales Police,70,17,0,8,1,11,28
2011-06,South Wales Police,96,6,2,1,6,36,26
2011-06,South Wales Police,79,5,0,4,10,51,32
2011-06,South Wales Police,78,8,0,11,10,48,26
2011-06,South Wales Police,144,7,0,2,7,35,36
