Month,Force,Neighbourhood,Burglary,Robbery,Vehicle crime,Violent crime,Anti-social behaviour,Other crime
2011-06,Gwent Police,GB83,4,0,1,5,25,16
2011-06,Gwent Police,GB82,3,0,4,5,36,14
2011-06,Gwent Police,GB81,20,0,24,5,60,36
2011-06,Gwent Police,MA84,1,0,2,6,11,5
2011-06,Gwent Police,MM89,2,0,0,0,1,1
2011-06,Gwent Police,CP84,1,1,4,4,34,16
2011-06,Gwent Police,CP81,18,0,4,19,32,46
2011-06,Gwent Police,CP83,4,0,4,10,65,20
2011-06,Gwent Police,CP82,6,0,14,5,34,25
2011-06,Gwent Police,CG82,2,0,2,0,5,6
2011-06,Gwent Police,CG83,1,0,1,5,16,14
2011-06,Gwent Police,CG81,6,0,5,18,42,26
2011-06,Gwent Police,GT81,14,0,5,19,69,51
2011-06,Gwent Police,GT83,11,0,4,4,24,10
2011-06,Gwent Police,GT82,0,0,9,4,28,17
2011-06,Gwent Police,NM83,5,0,8,7,41,19
2011-06,Gwent Police,NM82,7,0,3,12,62,38
2011-06,Gwent Police,NM81,10,0,6,17,58,51
2011-06,Gwent Police,NM84,9,1,9,16,81,47
2011-06,Gwent Police,GE84,5,0,3,1,12,2
2011-06,Gwent Police,GE85,1,0,6,3,15,10
2011-06,Gwent Police,GE86,2,0,2,2,22,11
2011-06,Gwent Police,GE81,6,0,2,16,44,37
2011-06,Gwent Police,GE82,2,0,3,2,49,33
2011-06,Gwent Police,GE83,1,0,2,2,12,13
2011-06,Gwent Police,CY84,0,0,1,1,24,15
2011-06,Gwent Police,CY85,7,0,9,5,34,14
2011-06,Gwent Police,GA81,10,1,7,6,29,40
2011-06,Gwent Police,GA82,2,0,4,7,25,8
2011-06,Gwent Police,GA83,0,0,1,2,14,12
2011-06,Gwent Police,GA84,7,1,1,3,25,9
2011-06,Gwent Police,CY86,2,0,0,9,28,8
2011-06,Gwent Police,CC86,6,0,0,1,11,6
2011-06,Gwent Police,CC85,1,0,0,2,20,5
2011-06,Gwent Police,CC82,4,0,2,1,18,5
2011-06,Gwent Police,CC83,12,0,6,1,52,21
2011-06,Gwent Police,CC81,4,0,4,14,78,36
2011-06,Gwent Police,CY81,2,0,1,0,22,13
2011-06,Gwent Police,CY82,2,0,2,3,9,2
2011-06,Gwent Police,CY83,0,0,0,0,0,0
2011-06,Gwent Police,MM87,1,0,2,0,2,3
2011-06,Gwent Police,MA88,0,0,3,2,6,5
2011-06,Gwent Police,MA89,0,0,0,0,0,0
2011-06,Gwent Police,MM82,1,0,2,0,5,6
2011-06,Gwent Police,MM83,0,0,1,1,14,2
2011-06,Gwent Police,MM81,2,0,0,3,29,15
2011-06,Gwent Police,MA82,0,0,0,0,8,3
2011-06,Gwent Police,MA83,2,0,6,6,28,29
2011-06,Gwent Police,MA81,1,0,7,4,18,22
2011-06,Gwent Police,MA86,0,0,1,1,3,2
2011-06,Gwent Police,MA87,0,0,0,0,0,1
2011-06,Gwent Police,MM88,2,0,0,0,5,3
2011-06,Gwent Police,MA85,1,0,1,4,14,2
2011-06,Gwent Police,CR87,7,0,6,5,14,6
2011-06,Gwent Police,CR86,2,0,1,6,24,9
2011-06,Gwent Police,CR85,4,0,5,8,30,16
2011-06,Gwent Police,CR84,4,0,4,5,36,20
2011-06,Gwent Police,CR83,4,0,2,6,18,8
2011-06,Gwent Police,CR82,4,0,3,7,59,18
2011-06,Gwent Police,CR81,5,0,6,4,35,20
2011-06,Gwent Police,MA91,3,0,5,2,3,11
2011-06,Gwent Police,MA90,6,0,5,1,16,4
2011-06,Gwent Police,MA93,1,0,1,2,3,4
2011-06,Gwent Police,NC84,6,0,5,6,72,39
2011-06,Gwent Police,MM91,2,0,1,3,4,3
2011-06,Gwent Police,MM90,2,0,0,0,2,2
2011-06,Gwent Police,MM93,2,0,0,0,1,1
2011-06,Gwent Police,MM92,2,0,0,0,0,1
2011-06,Gwent Police,NL82,5,0,0,6,42,40
2011-06,Gwent Police,NL83,7,0,3,1,24,12
2011-06,Gwent Police,NL81,10,0,11,10,59,57
2011-06,Gwent Police,TP81,5,1,3,2,14,34
2011-06,Gwent Police,MA92,0,0,5,1,6,2
2011-06,Gwent Police,CD81,11,0,6,9,70,29
2011-06,Gwent Police,CD82,7,0,3,4,37,22
2011-06,Gwent Police,TP89,0,0,2,1,9,2
2011-06,Gwent Police,CH85,4,0,0,4,40,14
2011-06,Gwent Police,CH84,0,0,0,2,5,3
2011-06,Gwent Police,CH81,6,1,5,7,19,18
2011-06,Gwent Police,CH83,2,0,2,2,17,5
2011-06,Gwent Police,CH82,7,0,1,1,24,12
2011-06,Gwent Police,MH88,0,0,0,0,0,0
2011-06,Gwent Police,MH83,2,0,0,1,13,7
2011-06,Gwent Police,MH82,1,0,1,0,2,5
2011-06,Gwent Police,MH81,0,0,1,5,29,25
2011-06,Gwent Police,MH87,1,0,0,0,3,0
2011-06,Gwent Police,MH86,0,0,2,0,7,2
2011-06,Gwent Police,MH85,2,0,1,1,28,7
2011-06,Gwent Police,MH84,2,1,0,3,5,8
2011-06,Gwent Police,TC90,3,0,1,12,38,17
2011-06,Gwent Police,TC91,2,0,0,4,29,5
2011-06,Gwent Police,TC92,1,0,0,7,42,13
2011-06,Gwent Police,NC81,12,0,12,63,143,139
2011-06,Gwent Police,NC83,6,0,4,10,28,24
2011-06,Gwent Police,NC82,3,0,13,5,42,13
2011-06,Gwent Police,MC88,1,0,0,0,3,2
2011-06,Gwent Police,MC89,0,1,3,3,4,4
2011-06,Gwent Police,TP82,8,0,3,2,10,10
2011-06,Gwent Police,TP83,0,0,1,0,11,4
2011-06,Gwent Police,TP84,1,0,1,1,6,7
2011-06,Gwent Police,TP85,7,0,1,4,19,7
2011-06,Gwent Police,TP86,4,0,2,5,32,10
2011-06,Gwent Police,TP87,9,0,5,10,35,32
2011-06,Gwent Police,TP88,3,0,0,3,33,22
2011-06,Gwent Police,MC81,1,0,1,0,15,3
2011-06,Gwent Police,MC82,0,0,0,1,7,3
2011-06,Gwent Police,MC83,1,0,2,0,5,2
2011-06,Gwent Police,MC84,1,0,0,1,6,6
2011-06,Gwent Police,MC85,2,0,0,0,5,0
2011-06,Gwent Police,MC86,0,0,1,5,6,3
2011-06,Gwent Police,MC87,0,0,0,0,3,0
2011-06,Gwent Police,NA85,3,0,1,0,6,6
2011-06,Gwent Police,NA84,1,0,1,1,6,3
2011-06,Gwent Police,NA83,2,0,18,8,25,27
2011-06,Gwent Police,NA82,14,0,13,7,83,49
2011-06,Gwent Police,NA81,8,0,3,13,51,35
2011-06,Gwent Police,CG85,9,0,1,4,31,18
2011-06,Gwent Police,TC89,1,0,2,2,30,9
2011-06,Gwent Police,TC88,0,0,0,3,45,15
2011-06,Gwent Police,TC83,1,0,1,3,7,1
2011-06,Gwent Police,TC82,0,0,2,1,10,4
2011-06,Gwent Police,TC81,7,0,6,13,68,59
2011-06,Gwent Police,TC87,2,0,0,5,52,12
2011-06,Gwent Police,TC86,4,0,2,6,53,28
2011-06,Gwent Police,TC85,0,0,0,3,20,3
2011-06,Gwent Police,TC84,2,0,0,0,5,4
2011-06,Gwent Police,TP92,2,0,1,6,23,8
2011-06,Gwent Police,TP91,2,0,8,2,27,12
2011-06,Gwent Police,TP90,0,0,1,1,21,3
2011-06,Gwent Police,MC90,1,0,0,2,5,4
2011-06,Gwent Police,MM84,2,0,1,1,17,13
2011-06,Gwent Police,MM85,4,0,0,2,4,2
2011-06,Gwent Police,NB84,3,0,2,1,15,13
2011-06,Gwent Police,NB81,4,1,4,18,78,39
2011-06,Gwent Police,NB82,3,0,3,2,33,19
2011-06,Gwent Police,NB83,6,0,7,2,36,17
