Month,Force,Neighbourhood,Burglary,Robbery,Vehicle crime,Violent crime,Anti-social behaviour,Other crime
2011-06,Avon and Somerset Constabulary,BF161,1,1,2,2,9,5
2011-06,Avon and Somerset Constabulary,FW004,1,0,1,1,0,2
2011-06,Avon and Somerset Constabulary,BT111,6,1,22,6,38,33
2011-06,Avon and Somerset Constabulary,JW110,1,0,0,1,12,7
2011-06,Avon and Somerset Constabulary,BC190,4,1,7,20,53,21
2011-06,Avon and Somerset Constabulary,JW109,1,1,2,1,3,10
2011-06,Avon and Somerset Constabulary,JW111,1,0,0,0,4,2
2011-06,Avon and Somerset Constabulary,JW107,1,1,0,13,20,23
2011-06,Avon and Somerset Constabulary,JW106,6,0,10,9,23,20
2011-06,Avon and Somerset Constabulary,JW105,11,0,10,10,48,43
2011-06,Avon and Somerset Constabulary,JW104,19,2,5,22,104,73
2011-06,Avon and Somerset Constabulary,JW103,12,1,10,24,57,41
2011-06,Avon and Somerset Constabulary,JW112,1,0,1,0,8,4
2011-06,Avon and Somerset Constabulary,JW101,8,1,14,55,121,112
2011-06,Avon and Somerset Constabulary,EK117,3,0,3,12,38,30
2011-06,Avon and Somerset Constabulary,JC209,0,0,0,0,2,1
2011-06,Avon and Somerset Constabulary,JW113,0,0,0,2,2,4
2011-06,Avon and Somerset Constabulary,EB114,0,0,1,1,7,9
2011-06,Avon and Somerset Constabulary,JC201,0,0,3,2,8,3
2011-06,Avon and Somerset Constabulary,JC202,1,0,1,3,2,0
2011-06,Avon and Somerset Constabulary,JC203,0,0,1,1,10,10
2011-06,Avon and Somerset Constabulary,JC204,3,0,3,7,12,29
2011-06,Avon and Somerset Constabulary,JC205,2,0,2,5,7,10
2011-06,Avon and Somerset Constabulary,EK119,2,0,1,1,10,10
2011-06,Avon and Somerset Constabulary,EB113,1,0,1,3,9,12
2011-06,Avon and Somerset Constabulary,GT024,0,0,1,3,13,10
2011-06,Avon and Somerset Constabulary,GT025,3,0,3,1,15,9
2011-06,Avon and Somerset Constabulary,GT026,4,0,0,9,21,12
2011-06,Avon and Somerset Constabulary,BU151,12,1,10,19,63,54
2011-06,Avon and Somerset Constabulary,GT020,6,0,9,2,10,15
2011-06,Avon and Somerset Constabulary,GT021,2,0,2,0,3,2
2011-06,Avon and Somerset Constabulary,GT022,1,0,2,1,4,2
2011-06,Avon and Somerset Constabulary,GT023,0,0,0,1,5,5
2011-06,Avon and Somerset Constabulary,BC194,4,1,3,32,100,85
2011-06,Avon and Somerset Constabulary,BT186,5,1,13,52,125,75
2011-06,Avon and Somerset Constabulary,BC196,7,0,10,15,25,44
2011-06,Avon and Somerset Constabulary,JW117,0,0,0,1,4,2
2011-06,Avon and Somerset Constabulary,GT028,2,0,0,0,7,8
2011-06,Avon and Somerset Constabulary,BC191,3,0,2,2,14,24
2011-06,Avon and Somerset Constabulary,GB011,6,0,3,1,14,7
2011-06,Avon and Somerset Constabulary,BC193,10,4,1,49,81,111
2011-06,Avon and Somerset Constabulary,BU154,18,2,5,18,58,39
2011-06,Avon and Somerset Constabulary,BC192,1,2,0,35,90,245
2011-06,Avon and Somerset Constabulary,FI004,1,0,0,1,6,5
2011-06,Avon and Somerset Constabulary,BT185,10,2,12,20,40,23
2011-06,Avon and Somerset Constabulary,FI001,0,0,0,0,6,5
2011-06,Avon and Somerset Constabulary,FI002,3,0,0,2,14,4
2011-06,Avon and Somerset Constabulary,FI003,1,0,1,0,4,2
2011-06,Avon and Somerset Constabulary,FW002,0,1,1,2,6,26
2011-06,Avon and Somerset Constabulary,FW003,0,1,1,8,31,15
2011-06,Avon and Somerset Constabulary,FW001,3,0,0,6,20,17
2011-06,Avon and Somerset Constabulary,FW006,0,0,3,0,1,3
2011-06,Avon and Somerset Constabulary,FW007,3,0,1,1,2,7
2011-06,Avon and Somerset Constabulary,FC008,3,0,0,0,0,1
2011-06,Avon and Somerset Constabulary,FW005,2,0,1,0,5,1
2011-06,Avon and Somerset Constabulary,FC006,0,0,1,0,2,4
2011-06,Avon and Somerset Constabulary,FC007,0,0,0,2,4,3
2011-06,Avon and Somerset Constabulary,FC004,0,0,0,3,5,5
2011-06,Avon and Somerset Constabulary,FC005,0,0,1,4,6,16
2011-06,Avon and Somerset Constabulary,JW114,2,0,0,1,10,1
2011-06,Avon and Somerset Constabulary,FC003,1,0,0,8,8,10
2011-06,Avon and Somerset Constabulary,JW116,0,0,0,0,2,4
2011-06,Avon and Somerset Constabulary,FC001,0,0,0,0,5,2
2011-06,Avon and Somerset Constabulary,BC198,1,0,8,3,16,11
2011-06,Avon and Somerset Constabulary,GB008,8,0,2,3,19,17
2011-06,Avon and Somerset Constabulary,GB001,10,0,1,4,25,25
2011-06,Avon and Somerset Constabulary,GB002,11,0,2,24,57,47
2011-06,Avon and Somerset Constabulary,BS135,13,2,8,13,45,33
2011-06,Avon and Somerset Constabulary,GB004,8,0,4,3,37,36
2011-06,Avon and Somerset Constabulary,GB005,1,0,2,17,75,27
2011-06,Avon and Somerset Constabulary,GB006,5,1,2,31,82,56
2011-06,Avon and Somerset Constabulary,GB007,2,1,1,4,10,15
2011-06,Avon and Somerset Constabulary,BC197,4,1,1,34,37,56
2011-06,Avon and Somerset Constabulary,FR010,6,0,1,0,2,3
2011-06,Avon and Somerset Constabulary,JP219,0,0,0,0,0,0
2011-06,Avon and Somerset Constabulary,BF167,9,4,8,19,40,15
2011-06,Avon and Somerset Constabulary,BC173,18,1,17,13,30,33
2011-06,Avon and Somerset Constabulary,GU005,4,0,3,4,13,21
2011-06,Avon and Somerset Constabulary,GU004,2,0,3,2,3,10
2011-06,Avon and Somerset Constabulary,GU007,4,0,2,7,15,23
2011-06,Avon and Somerset Constabulary,GU006,1,0,1,10,23,17
2011-06,Avon and Somerset Constabulary,GU001,1,0,4,4,10,14
2011-06,Avon and Somerset Constabulary,GU003,1,0,0,5,9,4
2011-06,Avon and Somerset Constabulary,BC175,6,2,12,14,28,39
2011-06,Avon and Somerset Constabulary,FL005,0,0,2,0,8,8
2011-06,Avon and Somerset Constabulary,DF145,4,0,3,6,20,7
2011-06,Avon and Somerset Constabulary,FL003,2,0,0,0,3,3
2011-06,Avon and Somerset Constabulary,FL002,5,0,0,4,1,11
2011-06,Avon and Somerset Constabulary,FL001,2,0,1,0,1,3
2011-06,Avon and Somerset Constabulary,DF141,7,1,8,13,19,25
2011-06,Avon and Somerset Constabulary,JN305,0,0,0,5,7,6
2011-06,Avon and Somerset Constabulary,BS134,8,0,10,7,29,53
2011-06,Avon and Somerset Constabulary,DS101,17,5,6,17,100,68
2011-06,Avon and Somerset Constabulary,DS103,18,2,21,40,118,138
2011-06,Avon and Somerset Constabulary,DS102,14,1,5,21,105,50
2011-06,Avon and Somerset Constabulary,DS105,10,0,14,7,56,21
2011-06,Avon and Somerset Constabulary,DS104,11,1,6,21,72,47
2011-06,Avon and Somerset Constabulary,JP213,0,0,1,6,17,17
2011-06,Avon and Somerset Constabulary,GT014,4,0,5,13,55,38
2011-06,Avon and Somerset Constabulary,BU153,6,2,4,23,41,55
2011-06,Avon and Somerset Constabulary,FT005,0,0,1,0,4,5
2011-06,Avon and Somerset Constabulary,FT004,4,0,1,0,3,11
2011-06,Avon and Somerset Constabulary,FT003,0,0,0,1,3,3
2011-06,Avon and Somerset Constabulary,FT002,0,0,1,3,6,7
2011-06,Avon and Somerset Constabulary,FT001,1,1,1,6,25,24
2011-06,Avon and Somerset Constabulary,BU155,7,0,2,6,15,18
2011-06,Avon and Somerset Constabulary,FE001,1,0,1,4,25,10
2011-06,Avon and Somerset Constabulary,FE002,0,0,0,2,12,10
2011-06,Avon and Somerset Constabulary,FE003,2,0,0,0,1,6
2011-06,Avon and Somerset Constabulary,JC208,2,0,0,6,15,14
2011-06,Avon and Somerset Constabulary,BU121,6,0,5,26,60,43
2011-06,Avon and Somerset Constabulary,BI107,11,0,5,18,52,24
2011-06,Avon and Somerset Constabulary,BT110,8,5,13,37,89,63
2011-06,Avon and Somerset Constabulary,BI109,7,0,2,9,21,15
2011-06,Avon and Somerset Constabulary,FR004,6,0,3,16,34,23
2011-06,Avon and Somerset Constabulary,FR006,4,0,1,3,16,3
2011-06,Avon and Somerset Constabulary,FR001,1,0,2,1,8,3
2011-06,Avon and Somerset Constabulary,JN318,1,0,1,0,6,1
2011-06,Avon and Somerset Constabulary,FR003,12,0,4,13,22,24
2011-06,Avon and Somerset Constabulary,FR002,1,0,2,5,15,15
2011-06,Avon and Somerset Constabulary,JN315,0,0,0,0,1,0
2011-06,Avon and Somerset Constabulary,JC207,2,0,0,0,6,3
2011-06,Avon and Somerset Constabulary,JN317,0,0,0,0,0,0
2011-06,Avon and Somerset Constabulary,JN316,0,0,0,0,1,2
2011-06,Avon and Somerset Constabulary,FR009,6,0,1,0,5,7
2011-06,Avon and Somerset Constabulary,JN310,0,0,0,0,1,1
2011-06,Avon and Somerset Constabulary,JN313,1,0,2,2,0,6
2011-06,Avon and Somerset Constabulary,BI106,1,0,2,3,19,24
2011-06,Avon and Somerset Constabulary,JN309,1,0,0,0,1,0
2011-06,Avon and Somerset Constabulary,FR005,5,0,3,9,32,21
2011-06,Avon and Somerset Constabulary,GB003,10,0,7,10,51,29
2011-06,Avon and Somerset Constabulary,BI108,19,2,8,44,85,72
2011-06,Avon and Somerset Constabulary,JW108,4,0,1,15,52,31
2011-06,Avon and Somerset Constabulary,BS132,17,0,9,18,44,38
2011-06,Avon and Somerset Constabulary,JC319,0,0,0,0,2,6
2011-06,Avon and Somerset Constabulary,DS106,13,0,10,15,49,27
2011-06,Avon and Somerset Constabulary,JP218,0,0,2,2,10,1
2011-06,Avon and Somerset Constabulary,BS133,3,0,3,13,43,33
2011-06,Avon and Somerset Constabulary,JC206,1,0,0,0,10,4
2011-06,Avon and Somerset Constabulary,GM009,1,0,2,0,0,2
2011-06,Avon and Somerset Constabulary,GM008,0,0,1,1,4,6
2011-06,Avon and Somerset Constabulary,EB115,4,0,3,3,15,23
2011-06,Avon and Somerset Constabulary,GM005,1,0,0,4,6,2
2011-06,Avon and Somerset Constabulary,GM004,0,0,0,0,4,2
2011-06,Avon and Somerset Constabulary,GM007,1,0,1,4,35,21
2011-06,Avon and Somerset Constabulary,GM006,0,0,0,0,0,0
2011-06,Avon and Somerset Constabulary,GM001,3,1,1,8,16,28
2011-06,Avon and Somerset Constabulary,EB116,1,0,0,11,17,7
2011-06,Avon and Somerset Constabulary,GM003,0,0,0,0,3,2
2011-06,Avon and Somerset Constabulary,GM002,0,1,0,2,10,0
2011-06,Avon and Somerset Constabulary,GT019,0,0,1,1,2,5
2011-06,Avon and Somerset Constabulary,GT018,4,0,2,10,27,16
2011-06,Avon and Somerset Constabulary,GT015,5,0,4,0,8,8
2011-06,Avon and Somerset Constabulary,EB110,1,0,2,8,19,12
2011-06,Avon and Somerset Constabulary,GT017,2,0,2,16,33,16
2011-06,Avon and Somerset Constabulary,GT011,4,0,0,5,31,20
2011-06,Avon and Somerset Constabulary,GT010,9,0,1,0,1,1
2011-06,Avon and Somerset Constabulary,GT013,9,0,6,9,27,17
2011-06,Avon and Somerset Constabulary,GT012,9,1,13,34,84,82
2011-06,Avon and Somerset Constabulary,EB112,3,0,2,9,19,12
2011-06,Avon and Somerset Constabulary,JN308,4,0,0,4,6,5
2011-06,Avon and Somerset Constabulary,FR011,12,0,3,0,4,10
2011-06,Avon and Somerset Constabulary,JN306,0,0,2,1,5,3
2011-06,Avon and Somerset Constabulary,JP217,1,0,1,5,11,19
2011-06,Avon and Somerset Constabulary,JN304,0,0,1,1,8,11
2011-06,Avon and Somerset Constabulary,EK118,5,0,0,4,9,10
2011-06,Avon and Somerset Constabulary,JN307,0,0,0,0,4,1
2011-06,Avon and Somerset Constabulary,JN303,0,0,0,0,5,3
2011-06,Avon and Somerset Constabulary,FG002,1,0,0,3,4,6
2011-06,Avon and Somerset Constabulary,FG003,7,0,3,6,70,17
2011-06,Avon and Somerset Constabulary,FG001,0,0,1,1,8,5
2011-06,Avon and Somerset Constabulary,FS005,1,0,1,1,6,3
2011-06,Avon and Somerset Constabulary,JN322,0,0,1,2,4,10
2011-06,Avon and Somerset Constabulary,FG004,0,0,4,3,13,7
2011-06,Avon and Somerset Constabulary,JN312,1,0,0,0,6,2
2011-06,Avon and Somerset Constabulary,JN311,0,0,0,0,0,1
2011-06,Avon and Somerset Constabulary,JN223,0,0,0,0,3,1
2011-06,Avon and Somerset Constabulary,JP215,4,0,2,1,8,7
2011-06,Avon and Somerset Constabulary,JP216,0,0,2,0,2,1
2011-06,Avon and Somerset Constabulary,FR008,1,0,0,1,3,8
2011-06,Avon and Somerset Constabulary,ER125,4,0,0,4,9,7
2011-06,Avon and Somerset Constabulary,FS006,3,0,2,2,7,9
2011-06,Avon and Somerset Constabulary,ER127,1,0,0,2,18,7
2011-06,Avon and Somerset Constabulary,ER126,2,0,0,13,16,19
2011-06,Avon and Somerset Constabulary,BS140,12,0,11,22,28,72
2011-06,Avon and Somerset Constabulary,GM018,0,0,3,8,9,11
2011-06,Avon and Somerset Constabulary,BU122,3,0,2,8,21,17
2011-06,Avon and Somerset Constabulary,GM016,0,0,0,14,16,17
2011-06,Avon and Somerset Constabulary,GM017,3,0,1,0,3,1
2011-06,Avon and Somerset Constabulary,GM014,2,0,0,0,1,3
2011-06,Avon and Somerset Constabulary,GM015,0,0,0,0,5,2
2011-06,Avon and Somerset Constabulary,ER129,2,0,1,11,15,8
2011-06,Avon and Somerset Constabulary,ER128,6,0,1,11,14,19
2011-06,Avon and Somerset Constabulary,GM010,0,0,0,0,2,0
2011-06,Avon and Somerset Constabulary,GM011,1,0,0,0,0,0
2011-06,Avon and Somerset Constabulary,BU120,6,0,5,24,52,53
2011-06,Avon and Somerset Constabulary,GT008,2,0,1,2,3,12
2011-06,Avon and Somerset Constabulary,GT009,3,0,0,3,5,4
2011-06,Avon and Somerset Constabulary,GT006,2,0,0,1,4,0
2011-06,Avon and Somerset Constabulary,GT007,2,0,1,0,7,7
2011-06,Avon and Somerset Constabulary,GT004,3,0,1,2,3,3
2011-06,Avon and Somerset Constabulary,GT005,1,0,0,4,1,3
2011-06,Avon and Somerset Constabulary,GT002,3,1,0,1,8,2
2011-06,Avon and Somerset Constabulary,GT003,0,0,0,0,3,4
2011-06,Avon and Somerset Constabulary,GT001,2,0,3,3,9,14
2011-06,Avon and Somerset Constabulary,BU170,3,0,0,7,26,17
2011-06,Avon and Somerset Constabulary,BC195,8,2,9,15,36,52
2011-06,Avon and Somerset Constabulary,JP222,1,1,1,4,5,7
2011-06,Avon and Somerset Constabulary,JP221,0,0,0,0,1,0
2011-06,Avon and Somerset Constabulary,JP220,0,0,0,0,0,0
2011-06,Avon and Somerset Constabulary,JW102,5,0,10,3,30,27
2011-06,Avon and Somerset Constabulary,JP225,1,0,2,3,14,11
2011-06,Avon and Somerset Constabulary,JP224,1,0,0,0,0,4
2011-06,Avon and Somerset Constabulary,FN001,1,0,2,6,17,22
2011-06,Avon and Somerset Constabulary,FN003,1,0,0,0,1,16
2011-06,Avon and Somerset Constabulary,FN002,0,0,0,2,4,2
2011-06,Avon and Somerset Constabulary,FN005,3,0,2,1,6,7
2011-06,Avon and Somerset Constabulary,FN004,4,0,1,0,4,1
2011-06,Avon and Somerset Constabulary,FN007,1,0,2,5,6,7
2011-06,Avon and Somerset Constabulary,FN006,1,0,0,3,4,1
2011-06,Avon and Somerset Constabulary,JW118,3,0,0,2,4,3
2011-06,Avon and Somerset Constabulary,GM012,0,0,0,0,2,0
2011-06,Avon and Somerset Constabulary,JP214,1,0,2,1,8,3
2011-06,Avon and Somerset Constabulary,GM013,5,0,0,1,4,4
2011-06,Avon and Somerset Constabulary,ER136,1,0,0,1,4,5
2011-06,Avon and Somerset Constabulary,ER134,1,0,0,3,2,4
2011-06,Avon and Somerset Constabulary,ER135,0,0,1,1,1,6
2011-06,Avon and Somerset Constabulary,ER132,0,0,0,1,9,1
2011-06,Avon and Somerset Constabulary,ER133,2,0,0,7,16,3
2011-06,Avon and Somerset Constabulary,ER130,6,0,1,0,0,5
2011-06,Avon and Somerset Constabulary,ER131,6,0,1,2,4,4
2011-06,Avon and Somerset Constabulary,FY004,6,0,2,5,31,23
2011-06,Avon and Somerset Constabulary,FY005,4,0,0,7,13,16
2011-06,Avon and Somerset Constabulary,FY006,2,0,1,2,12,8
2011-06,Avon and Somerset Constabulary,FY007,0,0,1,2,3,4
2011-06,Avon and Somerset Constabulary,FY001,13,0,2,51,95,94
2011-06,Avon and Somerset Constabulary,FY002,6,1,7,10,33,34
2011-06,Avon and Somerset Constabulary,FY003,4,0,3,20,61,27
2011-06,Avon and Somerset Constabulary,BI105,6,1,7,9,30,18
2011-06,Avon and Somerset Constabulary,JN320,1,0,0,2,3,2
2011-06,Avon and Somerset Constabulary,JN321,1,0,3,0,2,4
2011-06,Avon and Somerset Constabulary,FS008,2,0,0,0,0,0
2011-06,Avon and Somerset Constabulary,BU123,13,1,7,25,50,51
2011-06,Avon and Somerset Constabulary,FS007,1,0,3,1,5,5
2011-06,Avon and Somerset Constabulary,FS004,0,0,0,1,1,2
2011-06,Avon and Somerset Constabulary,GU002,1,0,0,0,6,1
2011-06,Avon and Somerset Constabulary,FS002,5,0,0,7,14,18
2011-06,Avon and Somerset Constabulary,FS003,2,1,15,14,6,462
2011-06,Avon and Somerset Constabulary,FS001,4,0,1,8,20,18
2011-06,Avon and Somerset Constabulary,JN314,3,0,1,5,15,10
2011-06,Avon and Somerset Constabulary,BU152,6,0,2,6,19,18
2011-06,Avon and Somerset Constabulary,DF144,10,0,3,7,29,22
2011-06,Avon and Somerset Constabulary,FL004,2,0,0,0,7,3
2011-06,Avon and Somerset Constabulary,FB001,4,0,1,2,0,6
2011-06,Avon and Somerset Constabulary,FB003,2,0,2,0,9,7
2011-06,Avon and Somerset Constabulary,FB002,2,0,0,4,6,11
2011-06,Avon and Somerset Constabulary,GU009,2,0,3,14,44,42
2011-06,Avon and Somerset Constabulary,BS143,10,2,8,16,55,44
2011-06,Avon and Somerset Constabulary,BS141,15,3,9,36,111,67
2011-06,Avon and Somerset Constabulary,GU008,2,0,3,0,3,2
2011-06,Avon and Somerset Constabulary,BT182,9,0,5,19,18,22
2011-06,Avon and Somerset Constabulary,BT183,5,1,1,20,28,28
2011-06,Avon and Somerset Constabulary,BI104,11,1,9,13,28,42
2011-06,Avon and Somerset Constabulary,BT181,10,1,10,7,44,35
2011-06,Avon and Somerset Constabulary,FK002,0,0,2,0,1,5
2011-06,Avon and Somerset Constabulary,DF140,15,3,8,19,59,40
2011-06,Avon and Somerset Constabulary,BT184,0,1,6,16,23,18
2011-06,Avon and Somerset Constabulary,FK001,16,1,9,13,26,32
2011-06,Avon and Somerset Constabulary,BC174,7,3,7,7,36,51
2011-06,Avon and Somerset Constabulary,DC125,1,0,0,1,6,5
2011-06,Avon and Somerset Constabulary,DC124,9,0,2,10,41,31
2011-06,Avon and Somerset Constabulary,DC123,1,0,2,0,9,6
2011-06,Avon and Somerset Constabulary,DC122,4,1,4,5,26,23
2011-06,Avon and Somerset Constabulary,DC121,6,0,6,6,19,18
2011-06,Avon and Somerset Constabulary,DC120,9,0,6,21,62,63
2011-06,Avon and Somerset Constabulary,FC002,0,0,0,2,15,6
2011-06,Avon and Somerset Constabulary,DF142,14,0,14,16,66,102
2011-06,Avon and Somerset Constabulary,BI142,18,4,21,24,96,84
2011-06,Avon and Somerset Constabulary,BF162,37,4,30,40,74,90
2011-06,Avon and Somerset Constabulary,BF163,9,6,10,19,68,43
2011-06,Avon and Somerset Constabulary,BF160,21,2,4,15,81,45
2011-06,Avon and Somerset Constabulary,GT027,2,0,0,0,3,4
2011-06,Avon and Somerset Constabulary,BF166,4,1,7,15,24,10
2011-06,Avon and Somerset Constabulary,GT029,5,0,3,6,48,20
2011-06,Avon and Somerset Constabulary,BF164,7,1,14,16,29,18
2011-06,Avon and Somerset Constabulary,BF165,2,0,1,6,7,12
2011-06,Avon and Somerset Constabulary,EB103,8,0,2,4,12,16
2011-06,Avon and Somerset Constabulary,EB102,1,0,2,4,9,6
2011-06,Avon and Somerset Constabulary,EB101,3,0,3,8,44,41
2011-06,Avon and Somerset Constabulary,EB100,6,0,4,74,89,135
2011-06,Avon and Somerset Constabulary,EB107,1,0,2,3,6,4
2011-06,Avon and Somerset Constabulary,EB106,8,0,3,2,7,8
2011-06,Avon and Somerset Constabulary,EB105,2,1,1,5,13,12
2011-06,Avon and Somerset Constabulary,EB104,2,0,0,3,11,12
2011-06,Avon and Somerset Constabulary,EB109,2,0,1,2,8,14
2011-06,Avon and Somerset Constabulary,EB108,0,0,0,2,12,13
2011-06,Avon and Somerset Constabulary,JC212,3,0,1,0,5,6
2011-06,Avon and Somerset Constabulary,JC211,0,0,0,0,0,1
2011-06,Avon and Somerset Constabulary,JC210,0,0,0,0,2,2
2011-06,Avon and Somerset Constabulary,DF143,14,0,9,17,64,48
2011-06,Avon and Somerset Constabulary,EK122,1,0,0,2,2,1
2011-06,Avon and Somerset Constabulary,EK123,2,0,0,0,0,4
2011-06,Avon and Somerset Constabulary,EK120,2,0,0,3,7,9
2011-06,Avon and Somerset Constabulary,EK121,1,0,1,2,5,6
2011-06,Avon and Somerset Constabulary,EB111,2,0,0,13,22,21
2011-06,Avon and Somerset Constabulary,EK124,0,0,2,3,2,6
