Month,Force,Neighbourhood,Burglary,Robbery,Vehicle crime,Violent crime,Anti-social behaviour,Other crime
2011-06,Durham Constabulary,133,0,0,1,1,6,7
2011-06,Durham Constabulary,164,0,0,0,0,3,1
2011-06,Durham Constabulary,131,1,0,4,1,18,17
2011-06,Durham Constabulary,130,4,0,2,3,19,7
2011-06,Durham Constabulary,137,2,0,3,8,39,14
2011-06,Durham Constabulary,165,4,0,0,2,15,12
2011-06,Durham Constabulary,139,3,0,0,1,9,1
2011-06,Durham Constabulary,138,1,0,0,2,15,9
2011-06,Durham Constabulary,166,6,0,1,6,27,30
2011-06,Durham Constabulary,24,2,0,0,4,6,1
2011-06,Durham Constabulary,26,2,0,1,10,53,25
2011-06,Durham Constabulary,27,0,0,1,2,24,4
2011-06,Durham Constabulary,20,4,0,1,4,24,6
2011-06,Durham Constabulary,21,1,0,0,3,15,4
2011-06,Durham Constabulary,22,0,0,0,3,23,3
2011-06,Durham Constabulary,23,0,0,0,1,7,0
2011-06,Durham Constabulary,28,0,0,1,0,4,4
2011-06,Durham Constabulary,29,1,0,1,4,23,11
2011-06,Durham Constabulary,161,0,0,0,0,6,0
2011-06,Durham Constabulary,4,0,0,0,1,15,9
2011-06,Durham Constabulary,8,0,0,1,1,12,3
2011-06,Durham Constabulary,163,4,0,5,0,5,4
2011-06,Durham Constabulary,120,2,0,5,7,33,13
2011-06,Durham Constabulary,121,1,0,3,1,30,10
2011-06,Durham Constabulary,122,7,0,12,11,25,13
2011-06,Durham Constabulary,123,3,0,7,6,47,13
2011-06,Durham Constabulary,124,2,0,0,3,38,11
2011-06,Durham Constabulary,125,0,0,3,3,55,13
2011-06,Durham Constabulary,127,0,0,2,4,26,5
2011-06,Durham Constabulary,128,3,0,2,5,40,24
2011-06,Durham Constabulary,129,4,0,2,5,51,14
2011-06,Durham Constabulary,167,0,0,0,0,1,1
2011-06,Durham Constabulary,132,10,0,2,4,44,22
2011-06,Durham Constabulary,55,7,0,3,2,36,17
2011-06,Durham Constabulary,54,4,0,3,7,48,26
2011-06,Durham Constabulary,56,3,0,2,6,43,26
2011-06,Durham Constabulary,115,2,0,5,1,20,6
2011-06,Durham Constabulary,114,0,1,2,10,45,22
2011-06,Durham Constabulary,117,1,0,0,2,35,5
2011-06,Durham Constabulary,116,0,0,2,6,11,2
2011-06,Durham Constabulary,111,0,0,0,13,64,32
2011-06,Durham Constabulary,110,0,0,2,4,30,24
2011-06,Durham Constabulary,113,0,0,0,5,10,7
2011-06,Durham Constabulary,112,2,0,3,1,31,20
2011-06,Durham Constabulary,80,16,0,12,8,36,40
2011-06,Durham Constabulary,81,7,0,4,5,32,12
2011-06,Durham Constabulary,86,10,1,5,32,124,107
2011-06,Durham Constabulary,87,5,0,2,0,20,18
2011-06,Durham Constabulary,3,4,0,1,1,17,12
2011-06,Durham Constabulary,7,1,0,3,6,62,9
2011-06,Durham Constabulary,108,5,0,2,3,7,6
2011-06,Durham Constabulary,109,3,0,3,2,10,10
2011-06,Durham Constabulary,102,3,0,2,3,61,24
2011-06,Durham Constabulary,103,0,0,2,4,16,9
2011-06,Durham Constabulary,100,4,0,0,6,43,22
2011-06,Durham Constabulary,101,3,0,2,2,26,20
2011-06,Durham Constabulary,106,6,0,5,10,62,30
2011-06,Durham Constabulary,107,1,0,7,1,8,7
2011-06,Durham Constabulary,104,2,0,0,4,13,13
2011-06,Durham Constabulary,105,3,0,2,1,9,4
2011-06,Durham Constabulary,39,5,0,5,31,91,83
2011-06,Durham Constabulary,38,1,0,0,1,5,1
2011-06,Durham Constabulary,33,0,0,1,1,28,4
2011-06,Durham Constabulary,32,2,0,0,2,11,2
2011-06,Durham Constabulary,31,2,0,0,5,21,8
2011-06,Durham Constabulary,30,1,0,1,3,13,2
2011-06,Durham Constabulary,37,1,0,3,8,40,27
2011-06,Durham Constabulary,36,0,0,1,0,0,0
2011-06,Durham Constabulary,35,0,0,1,1,20,6
2011-06,Durham Constabulary,34,0,0,0,0,1,4
2011-06,Durham Constabulary,60,3,0,1,10,45,18
2011-06,Durham Constabulary,62,3,0,2,10,59,27
2011-06,Durham Constabulary,63,3,0,4,1,11,5
2011-06,Durham Constabulary,64,3,0,2,5,48,21
2011-06,Durham Constabulary,66,5,0,1,2,21,6
2011-06,Durham Constabulary,67,2,0,9,3,30,11
2011-06,Durham Constabulary,68,1,0,2,1,8,5
2011-06,Durham Constabulary,69,0,0,0,4,16,3
2011-06,Durham Constabulary,173,2,0,1,2,12,4
2011-06,Durham Constabulary,172,3,0,3,3,22,15
2011-06,Durham Constabulary,171,2,0,0,0,11,7
2011-06,Durham Constabulary,170,0,0,1,1,3,0
2011-06,Durham Constabulary,2,4,0,0,1,31,17
2011-06,Durham Constabulary,162,1,0,0,1,7,2
2011-06,Durham Constabulary,6,0,0,1,0,5,1
2011-06,Durham Constabulary,99,1,0,3,3,30,17
2011-06,Durham Constabulary,98,3,0,3,1,19,8
2011-06,Durham Constabulary,168,1,0,0,1,12,2
2011-06,Durham Constabulary,169,0,0,3,1,7,2
2011-06,Durham Constabulary,91,0,0,1,2,20,6
2011-06,Durham Constabulary,90,2,0,3,3,23,12
2011-06,Durham Constabulary,93,1,0,4,1,13,7
2011-06,Durham Constabulary,92,4,0,2,1,24,8
2011-06,Durham Constabulary,95,6,0,8,3,31,15
2011-06,Durham Constabulary,94,4,0,3,1,17,12
2011-06,Durham Constabulary,97,3,0,15,0,6,6
2011-06,Durham Constabulary,96,7,0,1,3,24,24
2011-06,Durham Constabulary,11,3,0,2,0,26,12
2011-06,Durham Constabulary,10,5,0,3,2,7,4
2011-06,Durham Constabulary,13,0,0,1,0,10,5
2011-06,Durham Constabulary,12,9,0,3,6,34,11
2011-06,Durham Constabulary,15,2,0,0,2,4,5
2011-06,Durham Constabulary,14,5,0,8,0,15,5
2011-06,Durham Constabulary,17,1,0,0,2,10,1
2011-06,Durham Constabulary,16,0,0,0,2,5,5
2011-06,Durham Constabulary,19,1,0,3,1,1,1
2011-06,Durham Constabulary,18,0,0,2,5,23,11
2011-06,Durham Constabulary,88,9,0,11,6,52,35
2011-06,Durham Constabulary,89,8,0,2,8,69,18
2011-06,Durham Constabulary,151,1,0,2,0,12,0
2011-06,Durham Constabulary,153,2,0,2,5,39,10
2011-06,Durham Constabulary,152,0,0,0,0,0,1
2011-06,Durham Constabulary,155,6,0,5,10,83,28
2011-06,Durham Constabulary,154,16,0,3,25,173,77
2011-06,Durham Constabulary,157,1,0,1,0,5,7
2011-06,Durham Constabulary,156,0,0,2,2,8,8
2011-06,Durham Constabulary,159,2,0,2,4,31,17
2011-06,Durham Constabulary,158,0,0,0,0,2,0
2011-06,Durham Constabulary,48,3,0,0,8,61,13
2011-06,Durham Constabulary,49,1,0,4,2,23,20
2011-06,Durham Constabulary,46,1,0,1,0,32,0
2011-06,Durham Constabulary,119,0,0,0,2,4,2
2011-06,Durham Constabulary,44,3,0,5,6,26,3
2011-06,Durham Constabulary,45,0,0,1,1,16,4
2011-06,Durham Constabulary,42,1,0,0,0,3,1
2011-06,Durham Constabulary,43,0,0,2,1,20,3
2011-06,Durham Constabulary,40,1,0,1,1,10,4
2011-06,Durham Constabulary,41,5,0,3,9,27,15
2011-06,Durham Constabulary,1,2,0,3,5,20,22
2011-06,Durham Constabulary,5,2,0,2,3,43,32
2011-06,Durham Constabulary,9,0,0,0,1,2,2
2011-06,Durham Constabulary,147,1,0,1,8,61,23
2011-06,Durham Constabulary,144,0,0,0,3,10,3
2011-06,Durham Constabulary,143,1,0,0,0,5,3
2011-06,Durham Constabulary,141,2,0,0,3,15,10
2011-06,Durham Constabulary,148,1,0,0,0,2,3
2011-06,Durham Constabulary,77,2,0,0,5,16,11
2011-06,Durham Constabulary,76,2,0,5,8,53,19
2011-06,Durham Constabulary,75,2,1,7,21,77,49
2011-06,Durham Constabulary,73,1,0,1,4,58,14
2011-06,Durham Constabulary,72,2,0,0,2,36,19
2011-06,Durham Constabulary,71,4,0,1,12,44,21
2011-06,Durham Constabulary,70,2,0,1,1,29,12
2011-06,Durham Constabulary,79,3,0,1,5,49,15
2011-06,Durham Constabulary,78,3,0,0,8,34,18
2011-06,Durham Constabulary,47,1,0,1,2,10,4
