Month,Force,Neighbourhood,Burglary,Robbery,Vehicle crime,Violent crime,Anti-social behaviour,Other crime
2011-08,Devon and Cornwall Constabulary,431.08,2,0,0,1,16,9
2011-08,Devon and Cornwall Constabulary,132.01,5,0,3,5,19,14
2011-08,Devon and Cornwall Constabulary,431.04,6,0,3,45,71,73
2011-08,Devon and Cornwall Constabulary,431.05,1,0,0,1,10,3
2011-08,Devon and Cornwall Constabulary,431.06,3,0,0,7,20,15
2011-08,Devon and Cornwall Constabulary,341.01,5,0,5,16,71,40
2011-08,Devon and Cornwall Constabulary,423.10,1,0,2,1,22,10
2011-08,Devon and Cornwall Constabulary,423.11,0,0,1,3,8,5
2011-08,Devon and Cornwall Constabulary,431.02,1,0,1,2,10,9
2011-08,Devon and Cornwall Constabulary,431.03,4,0,4,3,10,22
2011-08,Devon and Cornwall Constabulary,114.06,12,0,4,5,25,30
2011-08,Devon and Cornwall Constabulary,114.04,2,0,0,4,14,5
2011-08,Devon and Cornwall Constabulary,132.02,0,1,1,0,13,7
2011-08,Devon and Cornwall Constabulary,134.04,4,0,5,3,17,27
2011-08,Devon and Cornwall Constabulary,111.04,8,1,1,25,95,60
2011-08,Devon and Cornwall Constabulary,134.06,4,1,3,4,45,31
2011-08,Devon and Cornwall Constabulary,134.07,5,0,4,12,40,20
2011-08,Devon and Cornwall Constabulary,111.01,2,0,4,4,23,10
2011-08,Devon and Cornwall Constabulary,111.03,8,0,0,12,58,50
2011-08,Devon and Cornwall Constabulary,111.02,0,0,0,9,10,11
2011-08,Devon and Cornwall Constabulary,134.09,1,0,3,2,26,14
2011-08,Devon and Cornwall Constabulary,341.02,1,0,7,1,18,6
2011-08,Devon and Cornwall Constabulary,341.03,4,0,2,12,37,28
2011-08,Devon and Cornwall Constabulary,216.01,12,2,11,54,107,89
2011-08,Devon and Cornwall Constabulary,216.02,10,4,8,106,139,237
2011-08,Devon and Cornwall Constabulary,421.04,0,0,0,4,21,18
2011-08,Devon and Cornwall Constabulary,423.09,2,0,2,1,13,19
2011-08,Devon and Cornwall Constabulary,423.08,4,0,2,2,6,7
2011-08,Devon and Cornwall Constabulary,343.01,6,0,0,24,69,70
2011-08,Devon and Cornwall Constabulary,343.02,2,0,4,13,19,22
2011-08,Devon and Cornwall Constabulary,343.03,3,0,3,8,17,22
2011-08,Devon and Cornwall Constabulary,423.03,2,0,2,4,9,11
2011-08,Devon and Cornwall Constabulary,423.02,12,0,3,2,20,4
2011-08,Devon and Cornwall Constabulary,423.01,3,0,0,2,15,13
2011-08,Devon and Cornwall Constabulary,421.06,3,0,3,38,67,46
2011-08,Devon and Cornwall Constabulary,423.06,0,0,0,1,30,9
2011-08,Devon and Cornwall Constabulary,423.05,1,0,1,2,13,8
2011-08,Devon and Cornwall Constabulary,423.04,2,0,2,4,21,18
2011-08,Devon and Cornwall Constabulary,433.02,9,0,4,8,14,21
2011-08,Devon and Cornwall Constabulary,433.03,5,0,7,10,30,23
2011-08,Devon and Cornwall Constabulary,433.01,11,0,3,6,21,26
2011-08,Devon and Cornwall Constabulary,423.12,1,0,1,7,22,7
2011-08,Devon and Cornwall Constabulary,433.04,4,0,3,4,22,7
2011-08,Devon and Cornwall Constabulary,433.05,3,1,1,25,60,43
2011-08,Devon and Cornwall Constabulary,134.10,8,0,0,1,15,9
2011-08,Devon and Cornwall Constabulary,123.21,9,1,4,14,48,36
2011-08,Devon and Cornwall Constabulary,113.07,11,0,10,4,43,25
2011-08,Devon and Cornwall Constabulary,113.06,23,0,10,11,62,42
2011-08,Devon and Cornwall Constabulary,113.05,2,0,4,2,19,8
2011-08,Devon and Cornwall Constabulary,113.04,2,2,4,13,27,23
2011-08,Devon and Cornwall Constabulary,113.03,6,0,10,8,52,38
2011-08,Devon and Cornwall Constabulary,113.02,0,1,3,12,67,34
2011-08,Devon and Cornwall Constabulary,113.01,4,0,2,7,36,25
2011-08,Devon and Cornwall Constabulary,131.01,2,0,1,9,28,15
2011-08,Devon and Cornwall Constabulary,121.08,2,1,1,17,56,28
2011-08,Devon and Cornwall Constabulary,121.07,1,0,1,4,20,12
2011-08,Devon and Cornwall Constabulary,121.04,4,0,2,10,34,23
2011-08,Devon and Cornwall Constabulary,121.05,0,0,0,1,1,1
2011-08,Devon and Cornwall Constabulary,121.02,3,0,3,2,24,16
2011-08,Devon and Cornwall Constabulary,121.03,7,0,2,1,16,5
2011-08,Devon and Cornwall Constabulary,121.01,6,0,0,7,28,24
2011-08,Devon and Cornwall Constabulary,215.03,6,0,4,12,44,29
2011-08,Devon and Cornwall Constabulary,133.01,3,0,2,10,59,40
2011-08,Devon and Cornwall Constabulary,342.03,4,0,3,4,22,14
2011-08,Devon and Cornwall Constabulary,133.03,4,0,1,2,25,18
2011-08,Devon and Cornwall Constabulary,133.02,2,0,0,0,7,9
2011-08,Devon and Cornwall Constabulary,133.05,7,0,1,20,27,33
2011-08,Devon and Cornwall Constabulary,133.04,2,0,0,0,4,9
2011-08,Devon and Cornwall Constabulary,342.02,3,0,2,3,11,8
2011-08,Devon and Cornwall Constabulary,421.01,3,0,4,0,10,16
2011-08,Devon and Cornwall Constabulary,421.03,0,0,0,7,18,16
2011-08,Devon and Cornwall Constabulary,421.02,1,0,2,4,9,14
2011-08,Devon and Cornwall Constabulary,421.05,2,0,1,6,22,15
2011-08,Devon and Cornwall Constabulary,215.06,3,1,6,6,25,43
2011-08,Devon and Cornwall Constabulary,123.01,4,2,6,48,81,92
2011-08,Devon and Cornwall Constabulary,215.02,19,4,8,46,95,70
2011-08,Devon and Cornwall Constabulary,131.03,0,0,1,4,14,14
2011-08,Devon and Cornwall Constabulary,131.02,7,0,2,7,31,33
2011-08,Devon and Cornwall Constabulary,411.08,1,0,9,3,25,19
2011-08,Devon and Cornwall Constabulary,411.09,2,0,2,8,37,13
2011-08,Devon and Cornwall Constabulary,131.04,3,0,2,10,38,25
2011-08,Devon and Cornwall Constabulary,411.02,4,0,8,6,37,31
2011-08,Devon and Cornwall Constabulary,411.03,4,0,2,11,26,13
2011-08,Devon and Cornwall Constabulary,123.02,6,1,5,12,25,55
2011-08,Devon and Cornwall Constabulary,411.01,6,1,11,11,33,24
2011-08,Devon and Cornwall Constabulary,411.06,5,0,2,7,31,15
2011-08,Devon and Cornwall Constabulary,411.07,3,0,0,14,52,25
2011-08,Devon and Cornwall Constabulary,411.05,5,0,1,2,16,11
2011-08,Devon and Cornwall Constabulary,121.10,2,0,4,2,32,19
2011-08,Devon and Cornwall Constabulary,343.21,8,0,2,15,45,32
2011-08,Devon and Cornwall Constabulary,134.02,2,1,0,0,9,8
2011-08,Devon and Cornwall Constabulary,214.07,2,0,1,0,24,12
2011-08,Devon and Cornwall Constabulary,341.04,2,0,4,4,16,12
2011-08,Devon and Cornwall Constabulary,214.01,6,1,1,5,36,15
2011-08,Devon and Cornwall Constabulary,432.10,1,0,2,4,8,7
2011-08,Devon and Cornwall Constabulary,312.02,8,0,1,8,13,21
2011-08,Devon and Cornwall Constabulary,312.03,3,0,2,4,20,12
2011-08,Devon and Cornwall Constabulary,214.05,1,0,1,2,22,12
2011-08,Devon and Cornwall Constabulary,122.02,2,0,3,17,28,23
2011-08,Devon and Cornwall Constabulary,411.11,2,0,1,8,50,24
2011-08,Devon and Cornwall Constabulary,411.10,4,0,6,5,62,32
2011-08,Devon and Cornwall Constabulary,411.13,8,0,4,5,37,29
2011-08,Devon and Cornwall Constabulary,411.12,3,0,2,6,14,16
2011-08,Devon and Cornwall Constabulary,411.14,12,2,1,51,81,114
2011-08,Devon and Cornwall Constabulary,411.17,6,1,1,9,39,14
2011-08,Devon and Cornwall Constabulary,411.16,1,0,6,9,15,23
2011-08,Devon and Cornwall Constabulary,123.03,5,0,3,10,35,23
2011-08,Devon and Cornwall Constabulary,331.04,12,1,12,13,56,44
2011-08,Devon and Cornwall Constabulary,215.01,5,0,2,14,22,19
2011-08,Devon and Cornwall Constabulary,342.05,2,0,1,5,20,6
2011-08,Devon and Cornwall Constabulary,342.04,1,0,2,2,9,11
2011-08,Devon and Cornwall Constabulary,215.04,3,0,2,5,8,9
2011-08,Devon and Cornwall Constabulary,215.05,3,0,0,0,2,6
2011-08,Devon and Cornwall Constabulary,342.01,7,0,6,7,33,21
2011-08,Devon and Cornwall Constabulary,215.07,8,2,2,23,35,37
2011-08,Devon and Cornwall Constabulary,214.08,3,0,1,2,16,9
2011-08,Devon and Cornwall Constabulary,432.08,2,1,3,4,14,8
2011-08,Devon and Cornwall Constabulary,432.05,1,0,2,2,8,3
2011-08,Devon and Cornwall Constabulary,432.04,4,0,1,3,13,16
2011-08,Devon and Cornwall Constabulary,432.07,1,0,5,4,18,13
2011-08,Devon and Cornwall Constabulary,432.06,0,0,0,3,6,5
2011-08,Devon and Cornwall Constabulary,432.01,5,0,0,10,37,28
2011-08,Devon and Cornwall Constabulary,432.03,6,0,1,4,6,9
2011-08,Devon and Cornwall Constabulary,432.02,3,0,1,4,8,9
2011-08,Devon and Cornwall Constabulary,211.04,2,0,1,8,24,22
2011-08,Devon and Cornwall Constabulary,211.05,8,0,7,27,74,39
2011-08,Devon and Cornwall Constabulary,213.08,1,0,2,0,8,6
2011-08,Devon and Cornwall Constabulary,213.09,0,0,0,2,4,2
2011-08,Devon and Cornwall Constabulary,211.01,5,3,6,12,40,33
2011-08,Devon and Cornwall Constabulary,211.02,0,0,0,8,20,11
2011-08,Devon and Cornwall Constabulary,211.03,1,0,2,7,20,15
2011-08,Devon and Cornwall Constabulary,213.02,2,0,1,1,11,10
2011-08,Devon and Cornwall Constabulary,213.03,1,1,5,5,30,18
2011-08,Devon and Cornwall Constabulary,213.01,3,0,2,2,12,9
2011-08,Devon and Cornwall Constabulary,213.06,1,0,5,2,9,9
2011-08,Devon and Cornwall Constabulary,311.11,3,0,2,3,11,4
2011-08,Devon and Cornwall Constabulary,213.04,4,0,1,2,22,18
2011-08,Devon and Cornwall Constabulary,311.13,2,0,3,4,16,8
2011-08,Devon and Cornwall Constabulary,214.09,0,0,0,0,2,4
2011-08,Devon and Cornwall Constabulary,423.14,3,0,3,7,31,21
2011-08,Devon and Cornwall Constabulary,422.01,6,0,1,4,2,7
2011-08,Devon and Cornwall Constabulary,422.02,13,0,3,5,36,39
2011-08,Devon and Cornwall Constabulary,422.03,5,0,3,2,12,47
2011-08,Devon and Cornwall Constabulary,422.04,2,0,2,1,7,10
2011-08,Devon and Cornwall Constabulary,422.05,9,0,2,1,6,11
2011-08,Devon and Cornwall Constabulary,422.06,0,0,1,6,17,9
2011-08,Devon and Cornwall Constabulary,422.07,3,0,4,1,9,10
2011-08,Devon and Cornwall Constabulary,422.08,1,0,1,2,12,6
2011-08,Devon and Cornwall Constabulary,422.09,9,0,5,10,31,45
2011-08,Devon and Cornwall Constabulary,214.06,4,0,0,2,10,7
2011-08,Devon and Cornwall Constabulary,114.03,2,2,2,9,40,33
2011-08,Devon and Cornwall Constabulary,124.05,3,0,0,6,25,17
2011-08,Devon and Cornwall Constabulary,124.04,4,0,1,14,17,22
2011-08,Devon and Cornwall Constabulary,124.06,10,1,9,28,132,94
2011-08,Devon and Cornwall Constabulary,124.01,3,0,2,1,15,20
2011-08,Devon and Cornwall Constabulary,124.03,3,0,0,7,29,12
2011-08,Devon and Cornwall Constabulary,124.02,4,0,2,6,35,11
2011-08,Devon and Cornwall Constabulary,213.07,0,0,5,9,27,19
2011-08,Devon and Cornwall Constabulary,311.12,3,0,5,0,11,6
2011-08,Devon and Cornwall Constabulary,311.02,1,0,4,2,11,8
2011-08,Devon and Cornwall Constabulary,311.01,4,0,3,10,34,22
2011-08,Devon and Cornwall Constabulary,213.05,0,1,2,3,7,6
2011-08,Devon and Cornwall Constabulary,311.07,2,0,2,3,11,22
2011-08,Devon and Cornwall Constabulary,311.05,2,0,2,3,24,16
2011-08,Devon and Cornwall Constabulary,122.03,6,0,0,8,41,24
2011-08,Devon and Cornwall Constabulary,214.04,2,0,1,2,6,12
2011-08,Devon and Cornwall Constabulary,122.01,3,0,3,13,29,39
2011-08,Devon and Cornwall Constabulary,122.06,2,0,1,7,14,8
2011-08,Devon and Cornwall Constabulary,122.04,4,1,1,11,28,31
2011-08,Devon and Cornwall Constabulary,214.10,1,0,2,5,35,15
2011-08,Devon and Cornwall Constabulary,214.11,14,0,4,9,53,24
2011-08,Devon and Cornwall Constabulary,214.12,1,0,2,1,8,2
2011-08,Devon and Cornwall Constabulary,214.13,2,0,1,0,7,2
2011-08,Devon and Cornwall Constabulary,331.10,7,1,5,23,57,47
2011-08,Devon and Cornwall Constabulary,112.04,3,0,3,3,23,16
2011-08,Devon and Cornwall Constabulary,112.05,10,0,3,6,48,34
2011-08,Devon and Cornwall Constabulary,112.01,1,0,1,7,1,11
2011-08,Devon and Cornwall Constabulary,112.02,4,0,0,4,11,12
2011-08,Devon and Cornwall Constabulary,112.03,8,0,0,15,52,35
2011-08,Devon and Cornwall Constabulary,321.01,2,0,1,12,23,18
2011-08,Devon and Cornwall Constabulary,321.02,7,0,4,3,15,6
2011-08,Devon and Cornwall Constabulary,321.03,9,0,2,6,8,5
2011-08,Devon and Cornwall Constabulary,321.04,2,1,1,6,30,32
2011-08,Devon and Cornwall Constabulary,321.05,4,0,0,4,4,7
2011-08,Devon and Cornwall Constabulary,321.06,4,0,6,1,9,5
2011-08,Devon and Cornwall Constabulary,321.07,6,0,1,1,8,8
2011-08,Devon and Cornwall Constabulary,431.07,1,0,1,0,15,14
2011-08,Devon and Cornwall Constabulary,332.08,1,0,2,4,26,11
2011-08,Devon and Cornwall Constabulary,332.04,10,0,3,10,27,32
2011-08,Devon and Cornwall Constabulary,332.05,6,0,5,13,75,25
2011-08,Devon and Cornwall Constabulary,332.06,6,1,8,23,96,50
2011-08,Devon and Cornwall Constabulary,332.07,2,0,1,4,15,4
2011-08,Devon and Cornwall Constabulary,332.01,1,0,4,1,9,5
2011-08,Devon and Cornwall Constabulary,332.02,2,0,1,3,27,21
2011-08,Devon and Cornwall Constabulary,332.03,9,0,2,11,33,25
2011-08,Devon and Cornwall Constabulary,214.03,8,0,4,15,58,29
2011-08,Devon and Cornwall Constabulary,214.02,14,1,5,10,57,36
2011-08,Devon and Cornwall Constabulary,312.04,4,0,6,3,24,14
2011-08,Devon and Cornwall Constabulary,312.05,1,0,1,3,11,7
2011-08,Devon and Cornwall Constabulary,331.09,3,0,6,6,32,19
2011-08,Devon and Cornwall Constabulary,331.08,16,0,5,37,81,109
2011-08,Devon and Cornwall Constabulary,132.08,4,0,0,3,15,8
2011-08,Devon and Cornwall Constabulary,312.01,11,0,1,3,30,23
2011-08,Devon and Cornwall Constabulary,331.05,6,0,11,14,35,22
2011-08,Devon and Cornwall Constabulary,132.07,3,0,4,7,31,19
2011-08,Devon and Cornwall Constabulary,132.04,9,0,12,5,57,39
2011-08,Devon and Cornwall Constabulary,331.06,11,1,4,14,20,26
2011-08,Devon and Cornwall Constabulary,331.01,2,0,2,8,28,15
2011-08,Devon and Cornwall Constabulary,132.03,3,0,1,3,12,6
2011-08,Devon and Cornwall Constabulary,331.03,9,1,8,11,45,32
2011-08,Devon and Cornwall Constabulary,331.02,3,0,6,8,28,29
2011-08,Devon and Cornwall Constabulary,111.05,11,0,3,5,25,20
2011-08,Devon and Cornwall Constabulary,431.01,3,0,0,3,12,14
2011-08,Devon and Cornwall Constabulary,212.05,4,0,5,8,10,24
2011-08,Devon and Cornwall Constabulary,212.04,1,1,3,7,27,10
2011-08,Devon and Cornwall Constabulary,212.07,5,0,3,14,31,26
2011-08,Devon and Cornwall Constabulary,212.06,3,0,2,5,37,23
2011-08,Devon and Cornwall Constabulary,212.01,4,0,1,2,12,12
2011-08,Devon and Cornwall Constabulary,212.03,5,0,3,2,10,3
2011-08,Devon and Cornwall Constabulary,212.02,4,0,4,8,33,14
