Month,Force,Neighbourhood,Burglary,Robbery,Vehicle crime,Violent crime,Anti-social behaviour,Other crime
2011-07,Thames Valley Police,N305,1,1,2,10,10,20
2011-07,Thames Valley Police,N176,3,0,8,6,11,31
2011-07,Thames Valley Police,N174,1,0,6,8,36,42
2011-07,Thames Valley Police,N306,1,0,2,13,39,25
2011-07,Thames Valley Police,N172,2,1,3,2,13,5
2011-07,Thames Valley Police,N300,3,0,3,2,8,14
2011-07,Thames Valley Police,N268,2,0,2,3,36,8
2011-07,Thames Valley Police,N302,3,0,3,23,43,85
2011-07,Thames Valley Police,N266,1,0,1,2,12,8
2011-07,Thames Valley Police,N267,13,1,11,5,48,35
2011-07,Thames Valley Police,N264,0,0,0,6,11,7
2011-07,Thames Valley Police,N265,5,1,0,10,28,34
2011-07,Thames Valley Police,N262,1,0,2,2,10,6
2011-07,Thames Valley Police,N263,0,0,2,18,27,41
2011-07,Thames Valley Police,N260,1,0,5,3,13,13
2011-07,Thames Valley Police,N261,1,0,1,1,4,5
2011-07,Thames Valley Police,N181,3,0,1,7,10,18
2011-07,Thames Valley Police,N334,5,0,3,1,7,7
2011-07,Thames Valley Police,N175,10,0,2,6,22,13
2011-07,Thames Valley Police,N311,9,1,7,13,30,38
2011-07,Thames Valley Police,N124,11,0,12,11,47,41
2011-07,Thames Valley Police,N301,6,0,6,8,44,17
2011-07,Thames Valley Police,N127,1,0,1,23,29,14
2011-07,Thames Valley Police,N173,3,0,4,5,12,17
2011-07,Thames Valley Police,N126,5,0,26,10,12,25
2011-07,Thames Valley Police,N303,4,1,2,5,17,16
2011-07,Thames Valley Police,N121,4,0,5,13,28,30
2011-07,Thames Valley Police,N269,4,0,4,10,43,51
2011-07,Thames Valley Police,N120,9,0,6,6,25,19
2011-07,Thames Valley Police,N366,1,0,3,2,6,17
2011-07,Thames Valley Police,N123,6,0,7,9,23,25
2011-07,Thames Valley Police,N122,5,0,2,1,13,6
2011-07,Thames Valley Police,N151,23,0,12,8,38,28
2011-07,Thames Valley Police,N161,6,1,3,6,34,34
2011-07,Thames Valley Police,N278,7,0,5,14,27,25
2011-07,Thames Valley Police,N163,1,0,4,8,21,17
2011-07,Thames Valley Police,N162,8,0,1,9,15,18
2011-07,Thames Valley Police,N165,5,0,5,5,24,31
2011-07,Thames Valley Police,N164,4,0,5,1,12,22
2011-07,Thames Valley Police,N167,4,0,4,1,19,8
2011-07,Thames Valley Police,N166,8,3,14,21,42,47
2011-07,Thames Valley Police,N271,4,0,1,3,10,9
2011-07,Thames Valley Police,N309,3,1,4,11,19,18
2011-07,Thames Valley Police,N273,0,0,0,3,2,3
2011-07,Thames Valley Police,N272,15,0,6,11,41,17
2011-07,Thames Valley Police,N275,5,0,1,9,17,27
2011-07,Thames Valley Police,N274,2,2,2,25,50,72
2011-07,Thames Valley Police,N277,1,0,4,4,11,20
2011-07,Thames Valley Police,N276,4,0,3,4,18,15
2011-07,Thames Valley Police,N178,3,0,7,8,38,38
2011-07,Thames Valley Police,N168,4,0,3,4,3,18
2011-07,Thames Valley Police,N370,3,0,2,10,19,19
2011-07,Thames Valley Police,N179,5,0,7,5,13,21
2011-07,Thames Valley Police,N148,2,0,2,3,10,10
2011-07,Thames Valley Police,N170,5,0,11,9,29,28
2011-07,Thames Valley Police,N130,5,0,1,1,16,12
2011-07,Thames Valley Police,N138,0,0,0,1,13,7
2011-07,Thames Valley Police,N363,6,2,10,12,55,51
2011-07,Thames Valley Police,N362,3,0,4,7,34,21
2011-07,Thames Valley Police,N361,0,1,0,4,13,9
2011-07,Thames Valley Police,N360,5,0,3,14,39,46
2011-07,Thames Valley Police,N198,6,0,0,0,2,4
2011-07,Thames Valley Police,N199,11,1,3,13,33,46
2011-07,Thames Valley Police,N365,13,11,7,33,71,62
2011-07,Thames Valley Police,N364,3,0,3,7,40,21
2011-07,Thames Valley Police,N194,2,0,5,5,29,9
2011-07,Thames Valley Police,N195,7,1,13,17,74,48
2011-07,Thames Valley Police,N369,2,0,7,12,19,25
2011-07,Thames Valley Police,N197,1,0,2,8,20,26
2011-07,Thames Valley Police,N190,3,0,4,3,6,13
2011-07,Thames Valley Police,N191,23,2,6,9,37,40
2011-07,Thames Valley Police,N192,13,0,13,12,28,32
2011-07,Thames Valley Police,N193,7,0,4,27,30,70
2011-07,Thames Valley Police,N114,19,0,6,3,22,25
2011-07,Thames Valley Police,N115,6,1,16,8,40,38
2011-07,Thames Valley Police,N116,8,1,9,7,24,41
2011-07,Thames Valley Police,N117,7,0,2,3,13,4
2011-07,Thames Valley Police,N208,8,0,9,16,63,51
2011-07,Thames Valley Police,N209,15,1,14,22,57,50
2011-07,Thames Valley Police,N112,3,1,1,7,19,20
2011-07,Thames Valley Police,N113,3,0,7,5,18,30
2011-07,Thames Valley Police,N205,7,1,4,1,20,10
2011-07,Thames Valley Police,N206,8,0,10,10,35,29
2011-07,Thames Valley Police,N207,7,0,5,19,43,21
2011-07,Thames Valley Police,N118,10,0,12,27,32,55
2011-07,Thames Valley Police,N201,13,1,7,12,59,39
2011-07,Thames Valley Police,N202,32,1,13,19,71,45
2011-07,Thames Valley Police,N203,4,0,0,7,28,20
2011-07,Thames Valley Police,N284,4,1,1,15,25,40
2011-07,Thames Valley Police,N285,2,0,0,14,25,19
2011-07,Thames Valley Police,N286,1,0,5,5,7,18
2011-07,Thames Valley Police,N139,2,0,2,3,13,16
2011-07,Thames Valley Police,N280,0,0,2,4,21,11
2011-07,Thames Valley Police,N281,2,0,5,11,26,24
2011-07,Thames Valley Police,N282,1,0,3,4,7,15
2011-07,Thames Valley Police,N283,1,0,3,3,14,13
2011-07,Thames Valley Police,N359,14,0,4,7,27,36
2011-07,Thames Valley Police,N288,13,1,7,20,38,47
2011-07,Thames Valley Police,N289,1,0,0,11,17,30
2011-07,Thames Valley Police,N356,6,0,4,4,8,4
2011-07,Thames Valley Police,N186,6,0,4,12,50,33
2011-07,Thames Valley Police,N185,19,2,17,12,34,39
2011-07,Thames Valley Police,N184,9,1,2,5,42,21
2011-07,Thames Valley Police,N189,5,0,10,6,19,9
2011-07,Thames Valley Police,N188,3,0,3,1,11,13
2011-07,Thames Valley Police,N187,3,0,2,1,7,8
2011-07,Thames Valley Police,N357,2,0,4,2,18,8
2011-07,Thames Valley Police,N354,3,1,2,7,22,17
2011-07,Thames Valley Police,N355,6,2,4,14,20,12
2011-07,Thames Valley Police,N352,7,2,4,12,33,21
2011-07,Thames Valley Police,N182,18,0,21,15,70,46
2011-07,Thames Valley Police,N350,4,2,7,10,28,19
2011-07,Thames Valley Police,N180,3,0,1,7,3,6
2011-07,Thames Valley Police,N107,21,0,4,6,17,18
2011-07,Thames Valley Police,N106,4,0,2,28,55,70
2011-07,Thames Valley Police,N105,16,0,10,17,36,39
2011-07,Thames Valley Police,N104,7,1,4,7,26,22
2011-07,Thames Valley Police,N103,1,0,0,3,9,3
2011-07,Thames Valley Police,N102,2,0,2,11,31,24
2011-07,Thames Valley Police,N219,9,0,2,4,10,18
2011-07,Thames Valley Police,N218,11,0,3,6,33,22
2011-07,Thames Valley Police,N217,5,0,4,6,23,15
2011-07,Thames Valley Police,N216,3,0,2,1,11,10
2011-07,Thames Valley Police,N215,3,0,3,4,26,17
2011-07,Thames Valley Police,N351,17,1,8,18,57,89
2011-07,Thames Valley Police,N213,3,1,4,6,43,28
2011-07,Thames Valley Police,N212,0,0,0,2,8,4
2011-07,Thames Valley Police,N211,0,0,2,2,18,20
2011-07,Thames Valley Police,N210,11,1,1,3,32,14
2011-07,Thames Valley Police,N296,4,1,5,23,40,56
2011-07,Thames Valley Police,N295,5,2,5,4,12,12
2011-07,Thames Valley Police,N294,1,0,0,1,4,1
2011-07,Thames Valley Police,N293,2,0,2,7,22,19
2011-07,Thames Valley Police,N292,3,1,3,5,10,24
2011-07,Thames Valley Police,N291,3,0,10,7,15,18
2011-07,Thames Valley Police,N290,4,0,7,8,25,26
2011-07,Thames Valley Police,N149,11,0,5,6,36,21
2011-07,Thames Valley Police,N299,6,0,3,3,12,18
2011-07,Thames Valley Police,N298,11,1,15,22,32,92
2011-07,Thames Valley Police,N319,7,1,5,7,13,56
2011-07,Thames Valley Police,N183,2,0,3,5,10,13
2011-07,Thames Valley Police,N349,3,0,2,0,4,6
2011-07,Thames Valley Police,N348,10,1,10,31,67,60
2011-07,Thames Valley Police,N101,9,0,9,7,18,9
2011-07,Thames Valley Police,N171,6,0,6,4,11,23
2011-07,Thames Valley Police,N341,4,0,2,5,6,10
2011-07,Thames Valley Police,N343,1,0,3,1,16,14
2011-07,Thames Valley Police,N342,4,0,1,1,14,23
2011-07,Thames Valley Police,N345,10,5,8,75,151,237
2011-07,Thames Valley Police,N344,1,0,4,4,22,12
2011-07,Thames Valley Police,N347,2,0,1,4,23,12
2011-07,Thames Valley Police,N346,8,0,5,6,20,35
2011-07,Thames Valley Police,N132,14,4,14,20,54,51
2011-07,Thames Valley Police,N133,17,7,8,63,127,194
2011-07,Thames Valley Police,N228,5,0,3,5,25,33
2011-07,Thames Valley Police,N131,12,0,4,3,12,8
2011-07,Thames Valley Police,N136,6,0,8,1,9,10
2011-07,Thames Valley Police,N137,8,1,11,21,43,40
2011-07,Thames Valley Police,N134,5,2,3,8,29,19
2011-07,Thames Valley Police,N135,9,0,5,0,12,12
2011-07,Thames Valley Police,N222,8,1,9,34,37,155
2011-07,Thames Valley Police,N223,1,0,3,1,11,21
2011-07,Thames Valley Police,N220,5,0,0,1,14,9
2011-07,Thames Valley Police,N221,9,0,1,0,15,27
2011-07,Thames Valley Police,N226,8,1,7,7,36,16
2011-07,Thames Valley Police,N227,0,0,2,6,17,18
2011-07,Thames Valley Police,N224,8,0,0,4,19,15
2011-07,Thames Valley Police,N225,2,0,1,1,3,2
2011-07,Thames Valley Police,N200,6,0,11,36,50,97
2011-07,Thames Valley Police,N214,2,0,4,1,3,7
2011-07,Thames Valley Police,N316,2,0,1,2,15,7
2011-07,Thames Valley Police,N317,10,0,13,28,63,73
2011-07,Thames Valley Police,N358,8,0,4,3,18,11
2011-07,Thames Valley Police,N314,6,0,2,7,26,10
2011-07,Thames Valley Police,N108,7,3,3,5,35,29
2011-07,Thames Valley Police,N196,2,0,3,15,19,11
2011-07,Thames Valley Police,N235,7,0,8,12,20,33
2011-07,Thames Valley Police,N234,11,1,9,9,22,14
2011-07,Thames Valley Police,N237,7,0,3,11,52,40
2011-07,Thames Valley Police,N368,3,0,3,1,17,20
2011-07,Thames Valley Police,N231,3,0,8,6,57,24
2011-07,Thames Valley Police,N230,4,0,7,4,20,12
2011-07,Thames Valley Police,N233,4,0,9,0,6,15
2011-07,Thames Valley Police,N232,3,0,4,3,1,4
2011-07,Thames Valley Police,N239,4,0,3,3,43,34
2011-07,Thames Valley Police,N238,3,1,4,8,4,11
2011-07,Thames Valley Police,N338,10,0,7,25,30,32
2011-07,Thames Valley Police,N339,2,0,6,8,29,15
2011-07,Thames Valley Police,N353,17,1,11,1,38,80
2011-07,Thames Valley Police,N125,1,0,15,18,37,33
2011-07,Thames Valley Police,N335,0,1,0,8,18,16
2011-07,Thames Valley Police,N336,10,0,4,4,24,23
2011-07,Thames Valley Police,N337,1,3,7,55,65,194
2011-07,Thames Valley Police,N330,6,3,13,8,31,37
2011-07,Thames Valley Police,N331,2,0,1,3,9,5
2011-07,Thames Valley Police,N332,1,0,0,1,4,2
2011-07,Thames Valley Police,N333,0,1,2,1,7,11
2011-07,Thames Valley Police,N109,1,0,2,1,15,3
2011-07,Thames Valley Police,N367,1,0,3,9,23,25
2011-07,Thames Valley Police,N287,4,0,8,11,21,30
2011-07,Thames Valley Police,N160,5,0,3,4,24,12
2011-07,Thames Valley Police,N159,4,0,6,5,21,16
2011-07,Thames Valley Police,N144,4,0,1,4,11,8
2011-07,Thames Valley Police,N110,0,0,1,1,1,8
2011-07,Thames Valley Police,N310,1,0,3,8,15,13
2011-07,Thames Valley Police,N111,8,0,8,17,31,29
2011-07,Thames Valley Police,N240,8,2,4,9,43,20
2011-07,Thames Valley Police,N241,2,0,1,2,11,6
2011-07,Thames Valley Police,N242,21,3,7,3,22,50
2011-07,Thames Valley Police,N243,9,2,5,32,77,132
2011-07,Thames Valley Police,N244,7,1,4,4,12,13
2011-07,Thames Valley Police,N245,13,0,0,8,30,30
2011-07,Thames Valley Police,N246,5,0,2,14,29,18
2011-07,Thames Valley Police,N247,2,0,2,2,11,11
2011-07,Thames Valley Police,N248,1,0,4,0,3,7
2011-07,Thames Valley Police,N249,3,0,3,0,2,5
2011-07,Thames Valley Police,N308,6,0,1,6,16,13
2011-07,Thames Valley Police,N158,0,1,0,3,32,9
2011-07,Thames Valley Police,N327,4,1,2,14,41,27
2011-07,Thames Valley Police,N236,3,0,4,17,27,26
2011-07,Thames Valley Police,N322,1,1,3,4,19,21
2011-07,Thames Valley Police,N329,3,1,0,2,11,10
2011-07,Thames Valley Police,N328,2,1,6,9,19,21
2011-07,Thames Valley Police,N150,13,2,11,14,31,40
2011-07,Thames Valley Police,N326,5,3,1,19,42,34
2011-07,Thames Valley Police,N152,7,1,7,5,15,24
2011-07,Thames Valley Police,N324,2,0,2,1,7,13
2011-07,Thames Valley Police,N323,5,0,6,10,13,44
2011-07,Thames Valley Police,N155,0,0,3,1,5,3
2011-07,Thames Valley Police,N156,7,4,4,6,33,22
2011-07,Thames Valley Police,N320,6,0,2,5,19,22
2011-07,Thames Valley Police,N153,3,0,3,7,13,13
2011-07,Thames Valley Police,N154,4,1,0,19,57,54
2011-07,Thames Valley Police,N325,1,0,1,3,6,16
2011-07,Thames Valley Police,N119,8,0,3,2,12,15
2011-07,Thames Valley Police,N169,7,0,3,2,15,9
2011-07,Thames Valley Police,N321,12,5,6,5,31,25
2011-07,Thames Valley Police,N270,3,0,2,6,13,24
2011-07,Thames Valley Police,N157,3,0,0,2,16,6
2011-07,Thames Valley Police,N253,16,0,11,23,46,64
2011-07,Thames Valley Police,N252,4,0,12,4,24,43
2011-07,Thames Valley Police,N251,7,0,3,15,25,21
2011-07,Thames Valley Police,N250,3,0,3,1,0,6
2011-07,Thames Valley Police,N257,5,0,3,0,13,13
2011-07,Thames Valley Police,N256,11,0,6,11,9,18
2011-07,Thames Valley Police,N307,4,1,2,24,45,39
2011-07,Thames Valley Police,N254,16,0,7,18,47,20
2011-07,Thames Valley Police,N259,0,0,0,9,35,13
2011-07,Thames Valley Police,N258,2,0,5,10,26,21
2011-07,Thames Valley Police,N318,2,1,7,1,21,37
2011-07,Thames Valley Police,N279,5,2,1,29,31,43
2011-07,Thames Valley Police,N177,7,1,6,11,32,21
2011-07,Thames Valley Police,N312,10,0,5,7,32,36
2011-07,Thames Valley Police,N313,5,1,11,12,43,39
2011-07,Thames Valley Police,N141,1,0,3,4,10,8
2011-07,Thames Valley Police,N140,9,0,6,3,7,3
2011-07,Thames Valley Police,N147,5,0,6,3,32,31
2011-07,Thames Valley Police,N146,15,0,17,20,48,34
2011-07,Thames Valley Police,N145,7,3,7,15,29,33
2011-07,Thames Valley Police,N315,1,0,1,7,22,18
2011-07,Thames Valley Police,N304,3,1,1,2,14,15
2011-07,Thames Valley Police,N142,1,0,1,9,26,26
2011-07,Thames Valley Police,N128,0,1,4,15,35,28
