Month,Force,Neighbourhood,Burglary,Robbery,Vehicle crime,Violent crime,Anti-social behaviour,Other crime
2011-07,West Mercia Police,G20,3,0,1,1,8,7
2011-07,West Mercia Police,E18,1,0,2,5,12,17
2011-07,West Mercia Police,F23,7,0,3,3,36,29
2011-07,West Mercia Police,F22,6,0,5,14,80,51
2011-07,West Mercia Police,F21,1,0,0,4,23,9
2011-07,West Mercia Police,F20,1,0,1,1,7,4
2011-07,West Mercia Police,F27,0,0,1,0,15,3
2011-07,West Mercia Police,F26,5,0,1,0,17,11
2011-07,West Mercia Police,F25,4,0,0,3,17,11
2011-07,West Mercia Police,F24,3,0,1,2,15,13
2011-07,West Mercia Police,F29,0,0,4,9,27,5
2011-07,West Mercia Police,F28,7,1,5,14,77,40
2011-07,West Mercia Police,C31,6,0,2,3,15,16
2011-07,West Mercia Police,C30,7,1,9,2,9,23
2011-07,West Mercia Police,C32,4,0,5,3,17,9
2011-07,West Mercia Police,E19,1,0,1,7,38,16
2011-07,West Mercia Police,C22,5,0,12,7,66,30
2011-07,West Mercia Police,C23,5,0,3,3,36,18
2011-07,West Mercia Police,C20,4,1,5,0,62,28
2011-07,West Mercia Police,C21,8,0,4,6,27,23
2011-07,West Mercia Police,C26,4,0,10,6,14,17
2011-07,West Mercia Police,C27,6,0,8,10,51,29
2011-07,West Mercia Police,C24,2,1,2,19,108,48
2011-07,West Mercia Police,C25,4,0,6,12,59,24
2011-07,West Mercia Police,C28,1,0,0,3,12,5
2011-07,West Mercia Police,C29,4,0,2,4,23,11
2011-07,West Mercia Police,F30,2,0,0,7,16,7
2011-07,West Mercia Police,F31,0,0,0,1,7,4
2011-07,West Mercia Police,F32,2,0,0,6,14,4
2011-07,West Mercia Police,F33,1,0,3,0,4,5
2011-07,West Mercia Police,F34,4,0,0,1,10,8
2011-07,West Mercia Police,F35,18,0,5,10,43,45
2011-07,West Mercia Police,F36,9,1,10,12,42,21
2011-07,West Mercia Police,F37,3,0,0,8,23,12
2011-07,West Mercia Police,F38,1,1,7,2,26,8
2011-07,West Mercia Police,F39,6,1,0,3,16,5
2011-07,West Mercia Police,C11,3,1,1,7,70,30
2011-07,West Mercia Police,F05,5,0,8,14,60,27
2011-07,West Mercia Police,F04,9,0,3,10,28,31
2011-07,West Mercia Police,F07,10,0,2,7,16,19
2011-07,West Mercia Police,F06,8,2,0,6,43,15
2011-07,West Mercia Police,F01,4,0,2,14,72,57
2011-07,West Mercia Police,F03,1,0,3,7,37,10
2011-07,West Mercia Police,F02,2,0,1,9,51,18
2011-07,West Mercia Police,F09,7,0,2,6,53,23
2011-07,West Mercia Police,F08,1,0,9,3,25,12
2011-07,West Mercia Police,D07,1,0,4,12,24,25
2011-07,West Mercia Police,D06,4,0,6,13,42,22
2011-07,West Mercia Police,D05,4,0,10,15,66,32
2011-07,West Mercia Police,D04,4,1,9,9,40,47
2011-07,West Mercia Police,D03,4,0,6,9,43,24
2011-07,West Mercia Police,D02,6,1,7,12,82,42
2011-07,West Mercia Police,D01,8,0,9,24,81,83
2011-07,West Mercia Police,D09,7,1,5,7,25,23
2011-07,West Mercia Police,D08,3,2,2,1,22,9
2011-07,West Mercia Police,F18,3,0,1,0,13,4
2011-07,West Mercia Police,F19,3,0,2,5,39,9
2011-07,West Mercia Police,F12,3,0,1,0,14,8
2011-07,West Mercia Police,F13,2,0,1,1,13,10
2011-07,West Mercia Police,F10,15,0,1,1,20,17
2011-07,West Mercia Police,F11,6,1,3,11,39,23
2011-07,West Mercia Police,F16,3,0,3,2,29,11
2011-07,West Mercia Police,F17,4,0,0,0,30,18
2011-07,West Mercia Police,F14,4,1,2,2,24,13
2011-07,West Mercia Police,F15,3,1,0,21,78,46
2011-07,West Mercia Police,D14,5,2,5,14,44,27
2011-07,West Mercia Police,D15,4,0,0,18,58,24
2011-07,West Mercia Police,D16,4,0,3,6,38,17
2011-07,West Mercia Police,D17,3,0,3,16,60,51
2011-07,West Mercia Police,D10,3,0,16,12,52,30
2011-07,West Mercia Police,D11,5,1,5,14,53,29
2011-07,West Mercia Police,D12,11,0,8,22,47,22
2011-07,West Mercia Police,D13,9,0,4,39,84,84
2011-07,West Mercia Police,D18,6,1,1,13,63,23
2011-07,West Mercia Police,D19,4,0,1,9,17,5
2011-07,West Mercia Police,D29,16,0,11,18,63,57
2011-07,West Mercia Police,D28,9,1,4,13,56,25
2011-07,West Mercia Police,E20,4,0,2,5,18,7
2011-07,West Mercia Police,D21,12,0,8,8,55,36
2011-07,West Mercia Police,D20,10,0,7,6,33,37
2011-07,West Mercia Police,D23,1,0,1,17,47,61
2011-07,West Mercia Police,D22,1,0,1,20,47,23
2011-07,West Mercia Police,D25,3,0,3,5,8,16
2011-07,West Mercia Police,D24,6,1,0,7,21,13
2011-07,West Mercia Police,D27,1,0,5,3,24,9
2011-07,West Mercia Police,D26,8,0,9,6,44,32
2011-07,West Mercia Police,E17,5,0,2,1,29,14
2011-07,West Mercia Police,G19,0,0,1,8,18,22
2011-07,West Mercia Police,G18,0,0,0,1,23,7
2011-07,West Mercia Police,G17,5,0,6,4,30,11
2011-07,West Mercia Police,G16,2,0,2,2,22,6
2011-07,West Mercia Police,G15,10,2,7,10,85,30
2011-07,West Mercia Police,G14,6,2,4,18,61,29
2011-07,West Mercia Police,G13,9,0,3,17,44,40
2011-07,West Mercia Police,G12,1,1,3,5,39,16
2011-07,West Mercia Police,G11,3,0,3,9,53,23
2011-07,West Mercia Police,G10,5,1,5,14,51,63
2011-07,West Mercia Police,F41,8,0,2,5,14,7
2011-07,West Mercia Police,F40,7,0,5,1,17,11
2011-07,West Mercia Police,F43,3,0,1,0,12,5
2011-07,West Mercia Police,F42,4,0,0,0,7,2
2011-07,West Mercia Police,E11,8,0,5,16,59,37
2011-07,West Mercia Police,E10,0,0,1,2,14,7
2011-07,West Mercia Police,E13,10,0,8,11,19,19
2011-07,West Mercia Police,E12,7,0,5,5,14,16
2011-07,West Mercia Police,E15,5,0,3,2,10,10
2011-07,West Mercia Police,E14,3,0,0,7,16,13
2011-07,West Mercia Police,D30,12,1,9,12,32,20
2011-07,West Mercia Police,E16,9,0,3,3,21,6
2011-07,West Mercia Police,C13,3,0,4,8,25,16
2011-07,West Mercia Police,C19,7,0,3,18,80,45
2011-07,West Mercia Police,C18,7,0,1,10,77,41
2011-07,West Mercia Police,G08,17,1,6,10,77,54
2011-07,West Mercia Police,G09,10,1,7,14,88,23
2011-07,West Mercia Police,C12,5,0,4,4,27,19
2011-07,West Mercia Police,G04,10,0,4,13,97,45
2011-07,West Mercia Police,G05,13,1,12,5,51,31
2011-07,West Mercia Police,G06,6,0,20,10,66,20
2011-07,West Mercia Police,G07,4,0,1,7,55,16
2011-07,West Mercia Police,C17,6,0,3,10,41,29
2011-07,West Mercia Police,C16,6,0,4,15,80,29
2011-07,West Mercia Police,G02,3,3,2,11,61,30
2011-07,West Mercia Police,G03,13,1,6,19,114,41
2011-07,West Mercia Police,C10,8,2,15,88,298,196
2011-07,West Mercia Police,G01,4,3,4,7,79,12
2011-07,West Mercia Police,C15,4,0,2,5,56,17
2011-07,West Mercia Police,C14,2,0,4,10,42,27
2011-07,West Mercia Police,E08,0,0,3,6,29,13
2011-07,West Mercia Police,E09,5,0,4,9,29,8
2011-07,West Mercia Police,E06,4,0,1,6,43,19
2011-07,West Mercia Police,E07,3,0,2,14,71,21
2011-07,West Mercia Police,E04,14,0,7,21,87,49
2011-07,West Mercia Police,E05,4,0,2,8,60,32
2011-07,West Mercia Police,E02,3,0,4,24,87,26
2011-07,West Mercia Police,E03,2,0,4,25,79,41
2011-07,West Mercia Police,E01,5,1,0,57,124,105
2011-07,West Mercia Police,C08,8,0,2,5,23,19
2011-07,West Mercia Police,C09,3,0,2,2,17,13
2011-07,West Mercia Police,C01,5,2,0,14,64,15
2011-07,West Mercia Police,C02,6,0,5,11,44,34
2011-07,West Mercia Police,C03,3,0,1,3,20,10
2011-07,West Mercia Police,C04,8,0,8,7,18,30
2011-07,West Mercia Police,C05,7,1,5,13,24,22
2011-07,West Mercia Police,C06,6,0,7,1,31,8
2011-07,West Mercia Police,C07,5,0,1,7,20,15
