Month,Force,Neighbourhood,Burglary,Robbery,Vehicle crime,Violent crime,Anti-social behaviour,Other crime
2011-07,Metropolitan Police,00ASHD,9,6,11,21,77,50
2011-07,Metropolitan Police,00ASHE,11,2,15,32,83,56
2011-07,Metropolitan Police,00ASHB,6,2,13,24,63,51
2011-07,Metropolitan Police,00ASHC,11,1,10,12,35,27
2011-07,Metropolitan Police,00ASHA,36,14,10,23,124,55
2011-07,Metropolitan Police,00ADGQ,1,0,1,5,21,15
2011-07,Metropolitan Police,00BFGS,10,1,12,5,26,24
2011-07,Metropolitan Police,00BFGR,4,0,7,13,44,25
2011-07,Metropolitan Police,00ALHA,17,4,14,28,63,62
2011-07,Metropolitan Police,00ALHC,15,6,15,40,96,49
2011-07,Metropolitan Police,00AKHD,16,2,28,10,48,46
2011-07,Metropolitan Police,00ALHE,12,1,20,36,103,59
2011-07,Metropolitan Police,00BFGQ,4,4,8,8,24,14
2011-07,Metropolitan Police,00ALHG,7,5,10,20,69,45
2011-07,Metropolitan Police,00ALHF,5,4,5,61,140,123
2011-07,Metropolitan Police,00BFGP,20,0,3,6,25,15
2011-07,Metropolitan Police,00AHGS,12,9,23,12,95,37
2011-07,Metropolitan Police,00BDGA,14,0,14,6,35,32
2011-07,Metropolitan Police,00BFGU,7,1,9,19,42,35
2011-07,Metropolitan Police,00BFGT,22,2,7,20,34,41
2011-07,Metropolitan Police,00ADGU,5,1,7,8,27,7
2011-07,Metropolitan Police,00AEGU,13,13,35,31,74,46
2011-07,Metropolitan Police,00BGFY,9,5,23,31,75,87
2011-07,Metropolitan Police,00BGFX,16,13,15,40,139,99
2011-07,Metropolitan Police,00BGFZ,17,9,18,23,94,138
2011-07,Metropolitan Police,00BHFZ,12,5,19,19,65,49
2011-07,Metropolitan Police,00BHFX,11,10,21,17,71,41
2011-07,Metropolitan Police,00BHFY,8,4,11,29,85,42
2011-07,Metropolitan Police,00BGFW,23,8,30,32,97,103
2011-07,Metropolitan Police,00BDGP,18,2,4,10,22,18
2011-07,Metropolitan Police,00BBGG,15,9,27,43,118,122
2011-07,Metropolitan Police,00BBGF,9,5,35,28,62,75
2011-07,Metropolitan Police,00BBGE,8,9,32,32,67,47
2011-07,Metropolitan Police,00BBGD,10,7,33,31,96,74
2011-07,Metropolitan Police,00BBGC,10,9,22,39,76,67
2011-07,Metropolitan Police,00BBGB,23,7,31,49,121,85
2011-07,Metropolitan Police,00BBGN,9,15,12,23,69,49
2011-07,Metropolitan Police,00BBGM,6,2,13,26,70,59
2011-07,Metropolitan Police,00BBGL,21,10,17,40,149,64
2011-07,Metropolitan Police,00BBGK,16,11,24,25,85,41
2011-07,Metropolitan Police,00BBGJ,15,5,25,22,59,50
2011-07,Metropolitan Police,00BBGH,7,10,11,19,34,30
2011-07,Metropolitan Police,00BBGW,11,8,13,27,45,35
2011-07,Metropolitan Police,00AKHG,19,7,46,35,98,104
2011-07,Metropolitan Police,00BBGU,20,17,19,69,215,208
2011-07,Metropolitan Police,00AKHE,8,7,11,15,71,31
2011-07,Metropolitan Police,00AKHB,14,3,7,18,72,68
2011-07,Metropolitan Police,00BBGR,13,4,22,25,69,26
2011-07,Metropolitan Police,00BBGQ,8,4,12,25,74,42
2011-07,Metropolitan Police,00BBGP,6,8,16,29,87,60
2011-07,Metropolitan Police,00AKHH,5,1,24,15,38,19
2011-07,Metropolitan Police,00BBGX,10,5,12,27,101,42
2011-07,Metropolitan Police,00AFGZ,5,1,16,19,36,34
2011-07,Metropolitan Police,00AFGX,20,11,21,36,94,64
2011-07,Metropolitan Police,00AFGY,4,0,7,10,20,23
2011-07,Metropolitan Police,00AFGW,11,3,11,23,63,54
2011-07,Metropolitan Police,00AFGT,7,1,12,9,86,65
2011-07,Metropolitan Police,00AFGU,5,2,5,26,55,58
2011-07,Metropolitan Police,00AFGR,7,0,9,7,52,32
2011-07,Metropolitan Police,00AFGS,8,0,11,14,49,26
2011-07,Metropolitan Police,00AFGP,7,5,14,13,120,58
2011-07,Metropolitan Police,00AFGQ,6,0,10,12,17,10
2011-07,Metropolitan Police,00AFGN,17,3,26,26,95,84
2011-07,Metropolitan Police,00AFGL,17,5,11,16,51,41
2011-07,Metropolitan Police,00AFGM,5,4,23,28,74,55
2011-07,Metropolitan Police,00AFGJ,15,2,12,23,68,38
2011-07,Metropolitan Police,00AFGK,12,4,13,17,31,31
2011-07,Metropolitan Police,00AFGH,1,0,3,6,21,11
2011-07,Metropolitan Police,00AFGF,6,2,4,20,35,39
2011-07,Metropolitan Police,00AFGG,20,12,23,49,92,134
2011-07,Metropolitan Police,00AFGD,12,1,6,10,22,25
2011-07,Metropolitan Police,00AFGE,7,0,4,5,32,20
2011-07,Metropolitan Police,00BAFZ,24,6,18,5,49,48
2011-07,Metropolitan Police,00BAFY,3,3,16,3,8,13
2011-07,Metropolitan Police,00BAFX,17,4,13,26,45,42
2011-07,Metropolitan Police,00ADGP,11,0,19,11,38,21
2011-07,Metropolitan Police,00AMGA,13,6,23,14,83,34
2011-07,Metropolitan Police,00AMGC,8,8,13,42,150,99
2011-07,Metropolitan Police,00AMGB,7,4,11,17,42,34
2011-07,Metropolitan Police,00AMGE,7,19,15,46,97,182
2011-07,Metropolitan Police,00AMGD,8,4,13,13,56,48
2011-07,Metropolitan Police,00AMGG,9,3,10,28,67,91
2011-07,Metropolitan Police,00AMGF,11,5,12,17,89,60
2011-07,Metropolitan Police,00AMGH,6,4,18,18,62,36
2011-07,Metropolitan Police,00AMGK,15,6,5,30,103,65
2011-07,Metropolitan Police,00AMGJ,42,6,17,58,114,282
2011-07,Metropolitan Police,00AMGM,6,3,21,19,84,46
2011-07,Metropolitan Police,00AMGL,4,5,15,28,53,43
2011-07,Metropolitan Police,00AMGN,6,2,8,15,84,34
2011-07,Metropolitan Police,00AMGQ,19,3,14,18,73,94
2011-07,Metropolitan Police,00AMGP,8,8,14,19,57,45
2011-07,Metropolitan Police,00AMGS,8,8,9,25,61,52
2011-07,Metropolitan Police,00AMGR,8,4,9,17,50,21
2011-07,Metropolitan Police,00AMGU,10,6,21,24,63,58
2011-07,Metropolitan Police,00ATFZ,6,5,14,26,61,62
2011-07,Metropolitan Police,00ATFY,11,0,8,28,64,35
2011-07,Metropolitan Police,00ALHB,11,10,28,41,95,85
2011-07,Metropolitan Police,00ALHD,15,11,21,39,145,63
2011-07,Metropolitan Police,00ABFX,7,12,27,57,125,112
2011-07,Metropolitan Police,00BKGB,12,0,12,17,52,43
2011-07,Metropolitan Police,00AJGR,15,1,8,14,22,37
2011-07,Metropolitan Police,00AJGS,20,7,11,22,76,45
2011-07,Metropolitan Police,00AJGP,12,3,8,26,70,28
2011-07,Metropolitan Police,00AJGQ,4,2,5,11,34,19
2011-07,Metropolitan Police,00AJGW,16,6,27,15,61,52
2011-07,Metropolitan Police,00AJGT,18,8,15,42,88,66
2011-07,Metropolitan Police,00AJGU,5,8,20,43,112,56
2011-07,Metropolitan Police,00AJGZ,7,2,18,38,87,61
2011-07,Metropolitan Police,00AJGX,10,10,11,23,72,55
2011-07,Metropolitan Police,00AJGY,6,14,12,49,177,113
2011-07,Metropolitan Police,00AJGC,12,5,10,41,83,50
2011-07,Metropolitan Police,00AJGF,12,4,12,38,98,125
2011-07,Metropolitan Police,00AJGG,8,3,20,27,47,67
2011-07,Metropolitan Police,00AJGD,6,4,17,13,47,29
2011-07,Metropolitan Police,00AJGE,11,3,12,31,71,66
2011-07,Metropolitan Police,00AJGJ,10,5,15,34,114,64
2011-07,Metropolitan Police,00AJGK,14,10,17,40,101,68
2011-07,Metropolitan Police,00AJGH,13,11,27,41,92,111
2011-07,Metropolitan Police,00AJGN,12,6,18,14,57,36
2011-07,Metropolitan Police,00AJGL,11,6,14,22,62,34
2011-07,Metropolitan Police,00AJGM,11,4,33,14,52,34
2011-07,Metropolitan Police,00ANGF,16,3,20,39,110,48
2011-07,Metropolitan Police,00AHGU,9,0,7,7,26,20
2011-07,Metropolitan Police,00ADGB,8,2,6,28,46,38
2011-07,Metropolitan Police,00ANGE,10,4,12,18,68,42
2011-07,Metropolitan Police,00AHGP,17,2,19,12,39,40
2011-07,Metropolitan Police,00AHGQ,12,4,13,9,39,16
2011-07,Metropolitan Police,00AEHA,22,11,19,54,180,105
2011-07,Metropolitan Police,00AEHB,9,11,18,26,115,35
2011-07,Metropolitan Police,00AEHC,9,3,14,31,51,165
2011-07,Metropolitan Police,00AEHD,18,8,16,24,62,29
2011-07,Metropolitan Police,00AEHE,12,11,3,50,120,106
2011-07,Metropolitan Police,00ADGC,3,0,5,7,16,13
2011-07,Metropolitan Police,00AMGT,19,2,18,26,80,66
2011-07,Metropolitan Police,00AWGR,4,0,11,10,61,67
2011-07,Metropolitan Police,00AWGQ,4,6,3,8,97,33
2011-07,Metropolitan Police,00AWGP,3,3,10,12,28,71
2011-07,Metropolitan Police,00AHGX,6,1,6,4,19,19
2011-07,Metropolitan Police,00ANGK,3,0,13,11,25,29
2011-07,Metropolitan Police,00AWGG,3,5,6,10,35,58
2011-07,Metropolitan Police,00AWGF,11,5,5,30,55,63
2011-07,Metropolitan Police,00AWGE,9,1,9,17,64,37
2011-07,Metropolitan Police,00AWGD,10,0,8,17,44,47
2011-07,Metropolitan Police,00AWGC,5,0,4,6,33,66
2011-07,Metropolitan Police,00AWGB,10,3,4,23,69,81
2011-07,Metropolitan Police,00AWGA,5,1,5,5,37,68
2011-07,Metropolitan Police,00AWGN,11,3,7,6,19,36
2011-07,Metropolitan Police,00AWGM,4,0,10,6,46,55
2011-07,Metropolitan Police,00AWGL,12,2,10,17,47,64
2011-07,Metropolitan Police,00AWGK,7,6,10,13,42,37
2011-07,Metropolitan Police,00AWGJ,5,2,8,7,33,22
2011-07,Metropolitan Police,00AWGH,8,2,14,9,23,35
2011-07,Metropolitan Police,00AYGU,29,15,10,33,87,56
2011-07,Metropolitan Police,00AYGT,9,7,25,24,61,54
2011-07,Metropolitan Police,00AYGW,14,12,11,23,85,60
2011-07,Metropolitan Police,00AYGQ,14,14,8,22,72,42
2011-07,Metropolitan Police,00AYGP,13,2,20,15,73,43
2011-07,Metropolitan Police,00AYGS,23,9,12,13,37,28
2011-07,Metropolitan Police,00AYGR,9,12,14,19,87,51
2011-07,Metropolitan Police,00AYGM,12,10,11,39,83,63
2011-07,Metropolitan Police,00AYGL,12,17,9,31,91,81
2011-07,Metropolitan Police,00AYGN,5,15,19,22,84,69
2011-07,Metropolitan Police,00AYGH,22,7,19,20,76,50
2011-07,Metropolitan Police,00AYGK,10,24,27,49,107,119
2011-07,Metropolitan Police,00AYGJ,12,17,7,40,94,94
2011-07,Metropolitan Police,00AYGE,27,20,8,51,88,112
2011-07,Metropolitan Police,00AXFZ,12,0,7,8,40,20
2011-07,Metropolitan Police,00AXFY,2,0,0,5,25,13
2011-07,Metropolitan Police,00AXFX,5,0,4,7,18,22
2011-07,Metropolitan Police,00AYGA,16,12,9,20,59,53
2011-07,Metropolitan Police,00AYGC,12,21,11,40,91,138
2011-07,Metropolitan Police,00AYGB,16,12,8,16,39,56
2011-07,Metropolitan Police,00BEGL,17,10,19,40,96,70
2011-07,Metropolitan Police,00BEGM,11,10,16,34,116,95
2011-07,Metropolitan Police,00BEGN,19,14,3,34,88,64
2011-07,Metropolitan Police,00BEGH,12,1,12,16,38,43
2011-07,Metropolitan Police,00BEGJ,20,23,5,39,123,81
2011-07,Metropolitan Police,00BEGK,11,11,8,28,51,64
2011-07,Metropolitan Police,00BEGD,15,12,4,30,89,82
2011-07,Metropolitan Police,00BEGE,23,16,10,30,155,186
2011-07,Metropolitan Police,00BEGF,8,11,12,36,66,105
2011-07,Metropolitan Police,00BEGG,11,2,11,13,37,42
2011-07,Metropolitan Police,00ADGR,8,2,7,25,61,32
2011-07,Metropolitan Police,00BEGC,16,4,13,31,78,60
2011-07,Metropolitan Police,00BKGE,7,3,11,26,102,43
2011-07,Metropolitan Police,00BEGX,9,15,14,10,73,42
2011-07,Metropolitan Police,00BEGY,15,11,13,43,129,90
2011-07,Metropolitan Police,00BEGZ,17,8,20,7,38,45
2011-07,Metropolitan Police,00BEGT,8,5,13,27,79,67
2011-07,Metropolitan Police,00BEGU,6,6,11,29,108,61
2011-07,Metropolitan Police,00BEGW,13,10,10,16,99,30
2011-07,Metropolitan Police,00BEGP,17,9,12,24,64,71
2011-07,Metropolitan Police,00BEGQ,4,16,13,37,56,94
2011-07,Metropolitan Police,00BEGR,17,7,8,14,44,37
2011-07,Metropolitan Police,00BEGS,18,3,19,35,80,100
2011-07,Metropolitan Police,00AHX1,18,10,20,23,86,60
2011-07,Metropolitan Police,00ADGW,7,0,3,11,42,26
2011-07,Metropolitan Police,00BDFW,4,1,11,4,28,16
2011-07,Metropolitan Police,00BDFZ,7,1,7,14,57,24
2011-07,Metropolitan Police,00BDFX,13,7,7,5,21,35
2011-07,Metropolitan Police,00BDFY,7,1,2,8,26,16
2011-07,Metropolitan Police,00BCGT,12,6,29,34,76,98
2011-07,Metropolitan Police,00BCGU,8,7,24,5,31,43
2011-07,Metropolitan Police,00BCGR,19,6,14,17,76,57
2011-07,Metropolitan Police,00BCGS,16,11,11,12,39,27
2011-07,Metropolitan Police,00BCGP,14,2,24,15,73,31
2011-07,Metropolitan Police,00BCGQ,18,4,14,4,41,16
2011-07,Metropolitan Police,00BCGN,4,4,13,7,31,14
2011-07,Metropolitan Police,00BCGL,14,8,26,33,129,71
2011-07,Metropolitan Police,00BCGM,13,7,33,26,63,39
2011-07,Metropolitan Police,00BCGJ,8,4,22,14,62,40
2011-07,Metropolitan Police,00BCGK,12,6,9,20,112,55
2011-07,Metropolitan Police,00BCGH,11,3,15,13,49,27
2011-07,Metropolitan Police,00BCGF,11,5,15,19,43,48
2011-07,Metropolitan Police,00BCGG,10,4,17,18,30,46
2011-07,Metropolitan Police,00BCGD,14,0,15,5,42,37
2011-07,Metropolitan Police,00BCGE,6,9,41,43,144,120
2011-07,Metropolitan Police,00BCGB,11,3,11,8,67,20
2011-07,Metropolitan Police,00BCGC,6,3,12,7,42,25
2011-07,Metropolitan Police,00BCGA,21,3,10,5,30,31
2011-07,Metropolitan Police,00ALGX,12,4,10,29,79,35
2011-07,Metropolitan Police,00ALGY,20,7,14,39,113,125
2011-07,Metropolitan Police,00ALGZ,20,2,9,17,35,29
2011-07,Metropolitan Police,00ADGF,2,0,2,20,56,54
2011-07,Metropolitan Police,00ALGP,15,6,14,33,83,53
2011-07,Metropolitan Police,00ALGQ,19,5,18,6,59,37
2011-07,Metropolitan Police,00ALGR,9,13,14,17,97,42
2011-07,Metropolitan Police,00ALGS,6,4,11,12,47,24
2011-07,Metropolitan Police,00ALGT,11,3,7,12,47,58
2011-07,Metropolitan Police,00ALGU,6,0,11,12,29,32
2011-07,Metropolitan Police,00ALGW,6,0,5,17,34,23
2011-07,Metropolitan Police,00ADGK,3,1,12,10,45,40
2011-07,Metropolitan Police,00ADGE,2,3,6,8,24,12
2011-07,Metropolitan Police,00BKGR,15,4,3,10,42,18
2011-07,Metropolitan Police,00AKHF,15,12,5,13,88,47
2011-07,Metropolitan Police,00AGGG,9,7,8,20,80,54
2011-07,Metropolitan Police,00AGGF,13,10,16,81,109,418
2011-07,Metropolitan Police,00AGGE,39,17,16,52,125,309
2011-07,Metropolitan Police,00AGGD,10,5,18,5,30,26
2011-07,Metropolitan Police,00AGGN,12,9,18,22,216,35
2011-07,Metropolitan Police,00AGGM,3,6,10,21,80,78
2011-07,Metropolitan Police,00AGGL,5,6,16,13,45,58
2011-07,Metropolitan Police,00AGGK,9,5,5,21,35,37
2011-07,Metropolitan Police,00AGGJ,9,0,17,10,39,26
2011-07,Metropolitan Police,00AGGH,20,5,32,4,38,28
2011-07,Metropolitan Police,00AGGW,14,10,12,17,26,43
2011-07,Metropolitan Police,00AGGU,14,4,16,29,124,70
2011-07,Metropolitan Police,00AGGT,4,4,12,30,102,116
2011-07,Metropolitan Police,00AGGS,8,10,8,38,105,123
2011-07,Metropolitan Police,00AGGR,8,3,9,37,58,83
2011-07,Metropolitan Police,00AGGQ,18,4,17,42,82,52
2011-07,Metropolitan Police,00AGGP,35,21,31,71,222,344
2011-07,Metropolitan Police,00AGGX,12,3,13,31,43,45
2011-07,Metropolitan Police,00BHGA,7,5,11,8,31,26
2011-07,Metropolitan Police,00AKGZ,13,8,16,22,87,35
2011-07,Metropolitan Police,00BHGC,10,14,24,28,76,51
2011-07,Metropolitan Police,00BHGB,21,5,17,6,25,19
2011-07,Metropolitan Police,00BHGE,14,7,8,9,27,28
2011-07,Metropolitan Police,00BHGD,9,11,15,13,60,43
2011-07,Metropolitan Police,00BHGG,20,21,33,40,96,131
2011-07,Metropolitan Police,00BHGF,18,6,16,12,91,32
2011-07,Metropolitan Police,00AKGS,19,5,18,20,74,45
2011-07,Metropolitan Police,00AKGR,27,3,14,18,66,43
2011-07,Metropolitan Police,00BHGK,23,4,8,31,70,39
2011-07,Metropolitan Police,00BHGJ,14,18,32,33,80,43
2011-07,Metropolitan Police,00BHGM,9,12,28,23,98,58
2011-07,Metropolitan Police,00BHGL,12,10,45,42,117,59
2011-07,Metropolitan Police,00AKGU,19,11,10,25,78,42
2011-07,Metropolitan Police,00AKGT,7,4,22,14,37,44
2011-07,Metropolitan Police,00BHGQ,8,9,24,19,40,73
2011-07,Metropolitan Police,00BHGP,11,10,20,19,75,51
2011-07,Metropolitan Police,00BHGS,12,7,23,18,86,45
2011-07,Metropolitan Police,00BHGR,11,3,21,15,61,34
2011-07,Metropolitan Police,00AKGN,13,2,8,8,77,18
2011-07,Metropolitan Police,00AKGM,7,1,24,7,37,24
2011-07,Metropolitan Police,00AKGL,13,1,20,13,44,19
2011-07,Metropolitan Police,00AZGF,24,5,28,30,94,59
2011-07,Metropolitan Police,00AZGG,5,6,8,33,55,25
2011-07,Metropolitan Police,00AZGD,8,3,15,35,84,53
2011-07,Metropolitan Police,00AZGE,7,3,9,30,63,93
2011-07,Metropolitan Police,00AZGJ,12,10,11,39,86,51
2011-07,Metropolitan Police,00AZGK,12,5,23,30,74,76
2011-07,Metropolitan Police,00AZGH,14,3,9,18,51,42
2011-07,Metropolitan Police,00AZGN,16,11,11,14,53,56
2011-07,Metropolitan Police,00AZGL,20,6,17,26,74,41
2011-07,Metropolitan Police,00AZGM,9,2,12,32,61,34
2011-07,Metropolitan Police,00AZGR,15,11,21,55,138,100
2011-07,Metropolitan Police,00AZGS,16,2,14,19,45,40
2011-07,Metropolitan Police,00AZGP,7,2,17,22,52,42
2011-07,Metropolitan Police,00AZGQ,19,17,21,56,176,157
2011-07,Metropolitan Police,00AZGW,11,15,13,21,54,46
2011-07,Metropolitan Police,00AZGT,15,15,9,49,116,84
2011-07,Metropolitan Police,00AZGU,14,5,25,24,73,48
2011-07,Metropolitan Police,00AZGX,8,3,15,30,92,47
2011-07,Metropolitan Police,00BKX8,5,29,6,86,127,374
2011-07,Metropolitan Police,00BKX3,28,20,19,35,143,389
2011-07,Metropolitan Police,00BKX2,13,6,8,39,78,301
2011-07,Metropolitan Police,00BKX1,19,3,17,29,53,154
2011-07,Metropolitan Police,00BKX7,2,4,1,21,62,164
2011-07,Metropolitan Police,00BKX6,8,14,4,70,192,358
2011-07,Metropolitan Police,00BKX5,15,20,13,77,145,554
2011-07,Metropolitan Police,00BKX4,8,13,11,54,129,655
2011-07,Metropolitan Police,00AUFZ,4,3,7,29,117,109
2011-07,Metropolitan Police,00BJGG,14,10,13,17,67,54
2011-07,Metropolitan Police,00AUFX,8,2,6,26,75,94
2011-07,Metropolitan Police,00AUFY,19,7,18,30,109,140
2011-07,Metropolitan Police,00AEGP,15,10,13,21,65,23
2011-07,Metropolitan Police,00BJGE,7,3,14,13,63,30
2011-07,Metropolitan Police,00AEGR,25,8,15,29,81,61
2011-07,Metropolitan Police,00BJGB,19,4,11,28,49,35
2011-07,Metropolitan Police,00APGT,7,6,11,18,79,40
2011-07,Metropolitan Police,00APGU,16,12,10,28,78,37
2011-07,Metropolitan Police,00APGP,9,4,38,10,47,26
2011-07,Metropolitan Police,00APGQ,21,25,32,51,151,79
2011-07,Metropolitan Police,00APGR,16,13,21,38,98,68
2011-07,Metropolitan Police,00APGS,17,8,16,27,61,39
2011-07,Metropolitan Police,00APGL,28,7,24,25,128,54
2011-07,Metropolitan Police,00APGM,26,5,16,25,111,39
2011-07,Metropolitan Police,00APGN,10,12,15,29,87,49
2011-07,Metropolitan Police,00APGH,10,0,14,17,47,33
2011-07,Metropolitan Police,00AEGW,12,7,16,11,32,32
2011-07,Metropolitan Police,00APGJ,19,2,15,7,29,43
2011-07,Metropolitan Police,00APGK,11,10,36,46,167,152
2011-07,Metropolitan Police,00APGD,17,1,13,5,31,38
2011-07,Metropolitan Police,00APGE,20,5,14,13,36,32
2011-07,Metropolitan Police,00APGF,17,6,12,20,110,41
2011-07,Metropolitan Police,00APGG,13,0,32,3,28,28
2011-07,Metropolitan Police,00APGA,8,5,21,6,39,20
2011-07,Metropolitan Police,00APGB,11,5,15,23,80,48
2011-07,Metropolitan Police,00APGC,10,7,23,20,80,26
2011-07,Metropolitan Police,00AQFZ,8,1,8,9,36,21
2011-07,Metropolitan Police,00AQFY,8,5,19,10,31,18
2011-07,Metropolitan Police,00ANGH,17,1,23,9,40,33
2011-07,Metropolitan Police,00ABFY,14,4,11,23,35,35
2011-07,Metropolitan Police,00BKGN,3,4,5,29,94,46
2011-07,Metropolitan Police,00AKGY,16,5,21,23,78,43
2011-07,Metropolitan Police,00AKGX,16,4,20,15,56,26
2011-07,Metropolitan Police,00BHGH,14,3,18,20,55,24
2011-07,Metropolitan Police,00AKGQ,19,11,49,41,135,94
2011-07,Metropolitan Police,00AKGP,18,1,14,10,37,26
2011-07,Metropolitan Police,00AKGW,8,0,12,7,44,17
2011-07,Metropolitan Police,00BJFZ,18,4,25,6,62,68
2011-07,Metropolitan Police,00BHGN,8,11,13,29,85,70
2011-07,Metropolitan Police,00BCFY,8,3,15,17,59,80
2011-07,Metropolitan Police,00BCFZ,14,2,11,15,52,26
2011-07,Metropolitan Police,00ACFX,13,1,16,13,41,25
2011-07,Metropolitan Police,00ACFY,8,4,22,35,126,43
2011-07,Metropolitan Police,00ACFZ,30,6,38,24,117,72
2011-07,Metropolitan Police,00AEHF,18,17,16,57,117,64
2011-07,Metropolitan Police,00AJHB,11,6,14,35,71,68
2011-07,Metropolitan Police,00AJHA,10,3,22,8,42,73
2011-07,Metropolitan Police,00ABGJ,9,4,9,23,53,29
2011-07,Metropolitan Police,00ABGK,2,11,13,24,70,36
2011-07,Metropolitan Police,00ABGH,7,4,13,21,45,32
2011-07,Metropolitan Police,00ABGN,15,4,15,15,71,45
2011-07,Metropolitan Police,00ABGL,9,5,29,14,71,51
2011-07,Metropolitan Police,00ABGM,14,4,19,18,47,37
2011-07,Metropolitan Police,00ABGB,9,2,13,20,43,23
2011-07,Metropolitan Police,00ABGC,16,5,20,21,77,46
2011-07,Metropolitan Police,00ABGA,12,8,9,18,51,43
2011-07,Metropolitan Police,00ABGF,6,3,17,20,68,39
2011-07,Metropolitan Police,00ABGG,8,5,20,17,47,26
2011-07,Metropolitan Police,00ABGD,10,2,14,29,50,57
2011-07,Metropolitan Police,00ABGE,6,9,16,15,58,34
2011-07,Metropolitan Police,00ABGP,12,2,18,17,63,30
2011-07,Metropolitan Police,00BDGE,9,0,10,8,29,21
2011-07,Metropolitan Police,00BDGD,6,6,4,14,25,26
2011-07,Metropolitan Police,00BDGG,13,1,10,12,23,32
2011-07,Metropolitan Police,00BDGF,5,0,6,11,36,26
2011-07,Metropolitan Police,00BFGW,5,0,6,7,22,25
2011-07,Metropolitan Police,00BDGC,5,1,4,11,41,31
2011-07,Metropolitan Police,00BDGB,8,0,2,8,34,33
2011-07,Metropolitan Police,00BDGM,8,0,7,23,28,33
2011-07,Metropolitan Police,00BDGL,11,0,3,12,30,32
2011-07,Metropolitan Police,00BDGN,14,0,4,6,22,13
2011-07,Metropolitan Police,00BDGH,10,0,3,4,63,63
2011-07,Metropolitan Police,00BDGK,2,0,4,9,25,11
2011-07,Metropolitan Police,00BDGJ,17,1,5,14,43,72
2011-07,Metropolitan Police,00BFGC,4,1,16,6,49,34
2011-07,Metropolitan Police,00BFGG,5,1,7,5,28,25
2011-07,Metropolitan Police,00BFGF,7,1,8,7,33,31
2011-07,Metropolitan Police,00BFGE,4,1,6,3,23,15
2011-07,Metropolitan Police,00BFGD,11,0,6,11,33,33
2011-07,Metropolitan Police,00BFGK,10,0,7,21,71,35
2011-07,Metropolitan Police,00BFGJ,6,0,4,16,30,30
2011-07,Metropolitan Police,00BFGH,9,0,10,3,26,27
2011-07,Metropolitan Police,00BFGN,1,2,8,11,54,21
2011-07,Metropolitan Police,00BFGM,12,2,11,35,88,121
2011-07,Metropolitan Police,00BFGL,7,2,18,6,29,20
2011-07,Metropolitan Police,00AEGX,12,7,4,8,31,66
2011-07,Metropolitan Police,00AQGU,11,5,5,15,32,12
2011-07,Metropolitan Police,00AQGT,7,8,5,17,66,38
2011-07,Metropolitan Police,00AQGQ,5,4,11,9,50,28
2011-07,Metropolitan Police,00AQGP,8,4,6,7,19,12
2011-07,Metropolitan Police,00AQGS,6,4,11,4,24,19
2011-07,Metropolitan Police,00AQGR,8,3,3,8,43,14
2011-07,Metropolitan Police,00AQGE,7,3,5,7,16,18
2011-07,Metropolitan Police,00AQGD,21,3,12,11,45,27
2011-07,Metropolitan Police,00AQGG,3,3,7,7,29,13
2011-07,Metropolitan Police,00AQGF,5,2,7,6,40,11
2011-07,Metropolitan Police,00AQGA,17,4,8,21,40,23
2011-07,Metropolitan Police,00AQGC,10,5,9,21,37,30
2011-07,Metropolitan Police,00AQGB,11,3,12,25,60,69
2011-07,Metropolitan Police,00AQGM,4,0,3,3,12,13
2011-07,Metropolitan Police,00AQGL,9,2,9,3,16,29
2011-07,Metropolitan Police,00AQGN,6,6,6,12,19,19
2011-07,Metropolitan Police,00AQGH,7,3,9,7,20,16
2011-07,Metropolitan Police,00AQGK,8,6,2,13,45,36
2011-07,Metropolitan Police,00AQGJ,6,8,5,11,25,21
2011-07,Metropolitan Police,00BKGF,8,5,7,20,68,47
2011-07,Metropolitan Police,00BKGG,24,14,12,29,133,153
2011-07,Metropolitan Police,00BKGD,2,1,1,14,59,38
2011-07,Metropolitan Police,00ADGS,5,0,6,13,25,19
2011-07,Metropolitan Police,00ADGT,3,1,4,7,16,16
2011-07,Metropolitan Police,00BKGC,16,23,15,23,66,161
2011-07,Metropolitan Police,00BKGA,2,0,8,4,37,25
2011-07,Metropolitan Police,00ADGX,11,1,6,24,63,31
2011-07,Metropolitan Police,00BKGL,5,7,11,21,48,32
2011-07,Metropolitan Police,00BKGM,16,2,23,22,75,126
2011-07,Metropolitan Police,00BKGJ,18,7,7,18,77,173
2011-07,Metropolitan Police,00BKGK,4,9,12,16,56,67
2011-07,Metropolitan Police,00BKGH,9,13,10,21,33,282
2011-07,Metropolitan Police,00ADGA,5,2,6,14,34,16
2011-07,Metropolitan Police,00BKGT,12,3,4,8,42,31
2011-07,Metropolitan Police,00BKGU,1,5,7,27,78,55
2011-07,Metropolitan Police,00ADGD,3,1,5,5,19,18
2011-07,Metropolitan Police,00BKGS,16,4,5,32,186,115
2011-07,Metropolitan Police,00BKGP,4,4,12,12,54,74
2011-07,Metropolitan Police,00ADGG,4,0,3,11,38,23
2011-07,Metropolitan Police,00ADGH,7,0,7,16,52,29
2011-07,Metropolitan Police,00ADGJ,4,0,9,10,34,18
2011-07,Metropolitan Police,00AEGZ,14,14,17,14,59,72
2011-07,Metropolitan Police,00ADGL,4,0,6,9,43,25
2011-07,Metropolitan Police,00ADGM,5,2,11,28,58,35
2011-07,Metropolitan Police,00ADGN,5,0,4,11,17,17
2011-07,Metropolitan Police,00AHHD,15,14,21,35,63,71
2011-07,Metropolitan Police,00ASGG,18,5,11,29,83,40
2011-07,Metropolitan Police,00ASGK,6,0,12,9,19,10
2011-07,Metropolitan Police,00ASGJ,15,4,8,31,85,38
2011-07,Metropolitan Police,00ASGH,16,9,12,35,89,66
2011-07,Metropolitan Police,00ASGN,4,0,9,7,28,21
2011-07,Metropolitan Police,00ASGM,8,3,13,13,36,19
2011-07,Metropolitan Police,00ASGL,10,2,10,15,54,33
2011-07,Metropolitan Police,00ASGS,5,3,6,16,38,22
2011-07,Metropolitan Police,00ASGR,3,1,4,7,18,11
2011-07,Metropolitan Police,00ASGQ,10,1,10,28,73,46
2011-07,Metropolitan Police,00ASGP,22,3,34,45,261,273
2011-07,Metropolitan Police,00ASGW,11,5,16,22,58,43
2011-07,Metropolitan Police,00ASGU,7,1,20,14,66,26
2011-07,Metropolitan Police,00ASGT,12,1,26,13,38,33
2011-07,Metropolitan Police,00AHHE,17,7,13,34,62,35
2011-07,Metropolitan Police,00ASGZ,12,5,7,38,65,61
2011-07,Metropolitan Police,00ASGY,16,16,23,42,102,74
2011-07,Metropolitan Police,00ASGX,10,4,20,20,56,49
2011-07,Metropolitan Police,00AHHA,16,4,23,37,121,57
2011-07,Metropolitan Police,00AHHC,17,7,9,19,62,47
2011-07,Metropolitan Police,00AHHB,17,3,11,10,41,25
2011-07,Metropolitan Police,00AUGH,9,5,12,27,93,47
2011-07,Metropolitan Police,00AUGK,12,5,9,15,55,45
2011-07,Metropolitan Police,00AUGJ,20,14,13,22,93,45
2011-07,Metropolitan Police,00AUGM,15,9,18,29,79,60
2011-07,Metropolitan Police,00AUGL,15,4,26,38,152,163
2011-07,Metropolitan Police,00AUGN,11,6,12,30,75,39
2011-07,Metropolitan Police,00AUGA,20,1,27,22,57,48
2011-07,Metropolitan Police,00AUGC,22,13,26,44,125,121
2011-07,Metropolitan Police,00AUGB,32,7,16,30,90,103
2011-07,Metropolitan Police,00AUGE,19,8,9,23,183,63
2011-07,Metropolitan Police,00AUGD,19,2,11,15,64,48
2011-07,Metropolitan Police,00AUGG,15,7,4,26,86,38
2011-07,Metropolitan Police,00AUGF,10,2,9,19,56,31
2011-07,Metropolitan Police,00BBGT,11,17,12,22,101,38
2011-07,Metropolitan Police,00BBGS,12,0,24,26,114,78
2011-07,Metropolitan Police,00AKHC,11,2,10,14,42,34
2011-07,Metropolitan Police,00BAGP,6,4,10,22,57,60
2011-07,Metropolitan Police,00BAGQ,12,0,9,3,17,25
2011-07,Metropolitan Police,00BAGR,6,1,8,2,25,20
2011-07,Metropolitan Police,00BAGS,16,1,28,4,13,16
2011-07,Metropolitan Police,00AKHA,14,4,11,33,106,39
2011-07,Metropolitan Police,00BAGA,23,6,11,22,75,41
2011-07,Metropolitan Police,00BAGB,4,4,9,8,18,38
2011-07,Metropolitan Police,00BAGC,11,7,10,20,66,47
2011-07,Metropolitan Police,00BAGD,16,4,6,13,28,20
2011-07,Metropolitan Police,00BAGE,4,4,2,1,17,28
2011-07,Metropolitan Police,00BAGF,15,1,5,10,46,44
2011-07,Metropolitan Police,00BAGG,10,3,9,5,37,20
2011-07,Metropolitan Police,00BAGH,7,5,6,3,18,9
2011-07,Metropolitan Police,00BAGJ,5,2,8,11,41,29
2011-07,Metropolitan Police,00BAGK,14,4,6,20,104,30
2011-07,Metropolitan Police,00BAGL,6,2,6,13,45,30
2011-07,Metropolitan Police,00BAGM,6,0,2,5,29,16
2011-07,Metropolitan Police,00BAGN,5,4,8,11,33,25
2011-07,Metropolitan Police,00ACGS,16,12,21,27,126,89
2011-07,Metropolitan Police,00ACGR,20,5,15,14,74,46
2011-07,Metropolitan Police,00ACGQ,19,10,12,16,77,43
2011-07,Metropolitan Police,00ACGP,8,3,4,7,42,36
2011-07,Metropolitan Police,00ACGT,20,8,31,23,73,82
2011-07,Metropolitan Police,00ACGC,16,0,18,20,39,32
2011-07,Metropolitan Police,00ACGB,21,6,29,21,93,37
2011-07,Metropolitan Police,00ACGA,18,4,11,32,86,72
2011-07,Metropolitan Police,00ACGG,20,3,60,3,44,39
2011-07,Metropolitan Police,00ACGF,12,2,28,10,41,32
2011-07,Metropolitan Police,00ACGE,18,4,16,17,97,67
2011-07,Metropolitan Police,00ACGD,15,20,9,17,58,40
2011-07,Metropolitan Police,00ACGK,24,4,25,11,81,34
2011-07,Metropolitan Police,00ACGJ,15,1,21,22,62,29
2011-07,Metropolitan Police,00ACGH,30,6,22,14,81,49
2011-07,Metropolitan Police,00ACGN,20,4,14,14,48,34
2011-07,Metropolitan Police,00ACGM,26,1,42,18,61,47
2011-07,Metropolitan Police,00ACGL,12,9,14,17,60,52
2011-07,Metropolitan Police,00AYGD,17,28,8,59,141,167
2011-07,Metropolitan Police,00AYGG,18,15,14,18,83,83
2011-07,Metropolitan Police,00BGGJ,10,1,18,13,76,60
2011-07,Metropolitan Police,00BGGK,14,3,22,17,89,46
2011-07,Metropolitan Police,00BGGH,13,9,12,19,106,77
2011-07,Metropolitan Police,00AYGF,15,7,10,15,48,35
2011-07,Metropolitan Police,00BGGN,12,6,26,37,157,100
2011-07,Metropolitan Police,00BGGL,13,6,17,51,118,176
2011-07,Metropolitan Police,00BGGM,18,11,22,24,157,131
2011-07,Metropolitan Police,00BGGB,15,5,3,38,88,39
2011-07,Metropolitan Police,00BGGC,12,2,19,33,101,51
2011-07,Metropolitan Police,00BGGA,13,5,14,16,106,301
2011-07,Metropolitan Police,00BGGF,13,10,15,20,78,72
2011-07,Metropolitan Police,00BGGG,17,1,6,29,96,118
2011-07,Metropolitan Police,00BGGD,24,3,9,23,100,58
2011-07,Metropolitan Police,00BGGE,5,3,24,37,79,85
2011-07,Metropolitan Police,00AHGT,18,3,18,16,45,40
2011-07,Metropolitan Police,00ANGG,10,5,26,48,134,165
2011-07,Metropolitan Police,00ANGD,5,6,16,32,67,52
2011-07,Metropolitan Police,00AHGW,32,6,23,57,152,98
2011-07,Metropolitan Police,00ANGB,12,5,8,19,64,44
2011-07,Metropolitan Police,00ANGC,11,9,10,18,46,34
2011-07,Metropolitan Police,00AHGR,5,3,6,22,61,31
2011-07,Metropolitan Police,00ANGA,13,6,15,20,59,71
2011-07,Metropolitan Police,00ANGN,12,1,16,14,49,24
2011-07,Metropolitan Police,00ANGL,11,1,22,12,57,69
2011-07,Metropolitan Police,00ANGM,5,6,35,21,76,46
2011-07,Metropolitan Police,00ANGJ,7,2,11,17,48,41
2011-07,Metropolitan Police,00AHGY,9,3,7,12,29,17
2011-07,Metropolitan Police,00AHGZ,32,7,12,29,96,75
2011-07,Metropolitan Police,00AHGE,15,5,16,24,60,47
2011-07,Metropolitan Police,00AHGF,12,6,18,20,37,33
2011-07,Metropolitan Police,00AHGG,14,4,25,22,94,46
2011-07,Metropolitan Police,00ANGR,13,6,14,33,77,45
2011-07,Metropolitan Police,00ANGP,12,16,6,79,130,272
2011-07,Metropolitan Police,00ANGQ,10,1,24,25,74,44
2011-07,Metropolitan Police,00AHGL,35,3,14,22,77,49
2011-07,Metropolitan Police,00AHGM,36,38,16,92,187,233
2011-07,Metropolitan Police,00AHGN,8,0,9,21,39,34
2011-07,Metropolitan Police,00AHGH,17,24,33,60,149,211
2011-07,Metropolitan Police,00AHGJ,3,1,1,4,39,17
2011-07,Metropolitan Police,00AHGK,9,1,12,7,30,19
2011-07,Metropolitan Police,00ARGR,18,10,17,71,123,208
2011-07,Metropolitan Police,00ARGS,8,1,12,14,48,43
2011-07,Metropolitan Police,00ARGP,14,2,8,10,34,28
2011-07,Metropolitan Police,00ARGQ,15,1,26,17,66,49
2011-07,Metropolitan Police,00ARGW,8,2,8,7,34,40
2011-07,Metropolitan Police,00ARGT,18,3,26,19,42,45
2011-07,Metropolitan Police,00ARGU,11,1,12,9,27,24
2011-07,Metropolitan Police,00ARGJ,13,4,8,11,60,28
2011-07,Metropolitan Police,00ARGK,10,1,9,21,40,16
2011-07,Metropolitan Police,00ARGH,4,2,7,3,22,14
2011-07,Metropolitan Police,00ARGN,13,1,10,15,43,29
2011-07,Metropolitan Police,00ARGL,29,3,5,22,50,26
2011-07,Metropolitan Police,00ARGM,8,6,13,8,35,33
2011-07,Metropolitan Police,00ARGC,16,2,18,13,71,41
2011-07,Metropolitan Police,00ARGF,12,0,10,5,25,20
2011-07,Metropolitan Police,00ARGG,12,3,13,26,107,33
2011-07,Metropolitan Police,00ARGD,2,2,12,6,16,17
2011-07,Metropolitan Police,00ARGE,17,1,5,7,29,25
2011-07,Metropolitan Police,00AEGY,18,8,14,21,47,58
2011-07,Metropolitan Police,00BJGN,7,2,13,11,57,46
2011-07,Metropolitan Police,00BJGM,12,6,11,23,38,58
2011-07,Metropolitan Police,00BJGL,18,5,31,34,105,54
2011-07,Metropolitan Police,00BJGK,9,10,45,28,82,51
2011-07,Metropolitan Police,00BJGJ,9,2,14,20,62,85
2011-07,Metropolitan Police,00BJGH,5,10,16,14,34,37
2011-07,Metropolitan Police,00AEGQ,14,14,11,58,117,134
2011-07,Metropolitan Police,00BJGF,15,13,21,24,104,76
2011-07,Metropolitan Police,00AEGS,6,7,6,13,30,19
2011-07,Metropolitan Police,00BJGD,7,7,12,18,53,64
2011-07,Metropolitan Police,00BJGC,18,2,9,11,42,35
2011-07,Metropolitan Police,00AEGT,21,5,9,36,97,85
2011-07,Metropolitan Police,00BJGA,10,6,23,18,34,52
2011-07,Metropolitan Police,00AEGK,18,5,8,20,49,64
2011-07,Metropolitan Police,00AEGJ,12,10,17,27,54,62
2011-07,Metropolitan Police,00AEGM,10,11,31,28,71,57
2011-07,Metropolitan Police,00AEGL,19,1,11,15,45,41
2011-07,Metropolitan Police,00AEGN,6,16,16,38,60,63
2011-07,Metropolitan Police,00BJGU,24,6,9,24,43,27
2011-07,Metropolitan Police,00BJGT,5,2,6,13,47,30
2011-07,Metropolitan Police,00BJGS,15,6,16,10,75,23
2011-07,Metropolitan Police,00BJGR,15,7,11,39,99,48
2011-07,Metropolitan Police,00BJGQ,13,1,18,22,64,69
2011-07,Metropolitan Police,00BJGP,12,10,11,12,48,50
2011-07,Metropolitan Police,00AFHB,11,3,8,5,24,17
2011-07,Metropolitan Police,00AFHA,1,2,4,1,15,7
2011-07,Metropolitan Police,00AWFY,4,1,13,8,39,73
2011-07,Metropolitan Police,00AWFZ,11,3,11,28,64,181
2011-07,Metropolitan Police,00AXGD,10,0,10,4,24,29
2011-07,Metropolitan Police,00AXGE,3,0,3,13,26,11
2011-07,Metropolitan Police,00AXGF,7,7,6,64,135,249
2011-07,Metropolitan Police,00AXGG,4,1,6,15,43,34
2011-07,Metropolitan Police,00AYFZ,11,23,2,40,141,182
2011-07,Metropolitan Police,00AXGA,6,0,4,3,42,27
2011-07,Metropolitan Police,00AXGB,3,3,2,9,41,18
2011-07,Metropolitan Police,00AXGC,6,2,9,11,61,35
2011-07,Metropolitan Police,00AXGL,8,0,2,6,19,10
2011-07,Metropolitan Police,00AXGM,6,2,3,18,38,28
2011-07,Metropolitan Police,00AXGN,4,0,3,5,26,15
2011-07,Metropolitan Police,00AXGH,8,0,4,7,17,14
2011-07,Metropolitan Police,00AXGJ,4,3,5,5,19,9
2011-07,Metropolitan Police,00AXGK,6,1,5,8,38,37
2011-07,Metropolitan Police,00ABFZ,13,7,13,18,42,42
2011-07,Metropolitan Police,00ATGA,19,3,26,6,50,66
2011-07,Metropolitan Police,00ATGB,6,3,15,11,43,39
2011-07,Metropolitan Police,00ATGC,13,4,21,31,61,52
2011-07,Metropolitan Police,00ATGD,10,1,12,27,58,54
2011-07,Metropolitan Police,00ATGE,8,1,3,44,81,62
2011-07,Metropolitan Police,00ATGF,3,1,7,21,63,39
2011-07,Metropolitan Police,00ATGG,8,3,12,19,59,49
2011-07,Metropolitan Police,00ATGH,16,6,5,19,59,32
2011-07,Metropolitan Police,00ATGJ,8,4,16,17,56,46
2011-07,Metropolitan Police,00ATGK,7,1,20,31,69,87
2011-07,Metropolitan Police,00ATGL,16,23,12,58,154,143
2011-07,Metropolitan Police,00ATGM,12,6,9,36,96,57
2011-07,Metropolitan Police,00ATGN,9,2,3,9,42,27
2011-07,Metropolitan Police,00ATGP,16,4,9,39,70,72
2011-07,Metropolitan Police,00ATGQ,5,1,10,32,58,43
2011-07,Metropolitan Police,00ATGR,12,1,18,17,45,43
2011-07,Metropolitan Police,00ATGS,12,2,9,39,91,59
2011-07,Metropolitan Police,00ATGT,12,3,20,26,62,66
