Month,Force,Neighbourhood,Burglary,Robbery,Vehicle crime,Violent crime,Anti-social behaviour,Other crime
2011-02,South Wales Police,216,0,0,1,0,4,1
2011-02,South Wales Police,217,18,0,10,17,81,54
2011-02,South Wales Police,214,0,0,0,3,10,1
2011-02,South Wales Police,215,2,0,1,1,1,0
2011-02,South Wales Police,212,2,0,2,4,15,4
2011-02,South Wales Police,213,15,0,11,8,56,51
2011-02,South Wales Police,210,0,0,0,2,11,5
2011-02,South Wales Police,211,5,0,9,7,34,33
2011-02,South Wales Police,218,3,0,3,7,27,25
2011-02,South Wales Police,219,1,0,1,0,4,5
2011-02,South Wales Police,133,1,0,0,2,6,1
2011-02,South Wales Police,91,20,0,16,20,102,72
2011-02,South Wales Police,131,0,0,1,0,13,9
2011-02,South Wales Police,130,2,0,0,2,20,10
2011-02,South Wales Police,137,6,0,1,8,31,20
2011-02,South Wales Police,136,2,0,0,2,16,15
2011-02,South Wales Police,135,0,0,0,0,4,1
2011-02,South Wales Police,226,4,0,0,4,26,9
2011-02,South Wales Police,139,0,0,1,0,9,1
2011-02,South Wales Police,93,6,0,3,5,15,15
2011-02,South Wales Police,24,1,0,1,1,10,5
2011-02,South Wales Police,25,2,0,0,4,18,3
2011-02,South Wales Police,26,0,0,0,2,17,15
2011-02,South Wales Police,27,2,1,1,14,28,13
2011-02,South Wales Police,20,1,0,0,1,20,10
2011-02,South Wales Police,21,1,0,1,5,10,7
2011-02,South Wales Police,22,1,0,1,3,19,16
2011-02,South Wales Police,23,1,0,6,6,22,12
2011-02,South Wales Police,95,6,1,7,11,32,36
2011-02,South Wales Police,28,5,0,3,4,18,13
2011-02,South Wales Police,29,1,0,3,5,23,5
2011-02,South Wales Police,161,3,0,0,0,11,2
2011-02,South Wales Police,4,8,0,5,14,37,22
2011-02,South Wales Police,8,6,0,10,3,23,13
2011-02,South Wales Police,220,1,0,0,3,21,7
2011-02,South Wales Police,68,36,5,16,131,307,411
2011-02,South Wales Police,87,5,0,1,3,23,10
2011-02,South Wales Police,120,0,0,10,5,38,16
2011-02,South Wales Police,121,0,0,2,2,1,2
2011-02,South Wales Police,122,0,0,1,0,8,3
2011-02,South Wales Police,123,4,0,4,4,24,6
2011-02,South Wales Police,124,12,1,5,7,33,19
2011-02,South Wales Police,125,1,0,0,1,2,1
2011-02,South Wales Police,126,0,0,0,0,7,1
2011-02,South Wales Police,127,5,0,0,1,3,5
2011-02,South Wales Police,128,1,0,3,8,41,18
2011-02,South Wales Police,129,2,0,1,0,18,7
2011-02,South Wales Police,59,6,1,1,10,28,16
2011-02,South Wales Police,58,6,0,2,17,24,10
2011-02,South Wales Police,132,2,0,0,2,1,3
2011-02,South Wales Police,55,5,0,3,6,15,12
2011-02,South Wales Police,54,0,0,2,5,11,5
2011-02,South Wales Police,57,3,0,4,9,21,16
2011-02,South Wales Police,56,7,0,2,3,22,11
2011-02,South Wales Police,51,1,0,2,2,28,10
2011-02,South Wales Police,50,6,0,2,0,18,4
2011-02,South Wales Police,53,1,0,0,3,28,17
2011-02,South Wales Police,52,2,0,0,2,23,16
2011-02,South Wales Police,90,17,2,14,11,98,61
2011-02,South Wales Police,164,1,0,0,1,33,21
2011-02,South Wales Police,201,6,0,10,4,63,50
2011-02,South Wales Police,199,20,3,20,94,386,271
2011-02,South Wales Police,198,5,0,11,10,30,24
2011-02,South Wales Police,147,1,0,1,0,13,1
2011-02,South Wales Police,195,1,0,0,0,2,2
2011-02,South Wales Police,194,0,0,0,0,2,2
2011-02,South Wales Police,197,0,0,1,0,2,0
2011-02,South Wales Police,196,2,0,2,2,16,8
2011-02,South Wales Police,191,3,0,0,3,15,12
2011-02,South Wales Police,190,6,0,7,2,29,9
2011-02,South Wales Police,193,3,0,0,5,17,6
2011-02,South Wales Police,192,0,0,2,2,8,6
2011-02,South Wales Police,115,1,0,3,0,11,11
2011-02,South Wales Police,114,0,0,2,0,9,8
2011-02,South Wales Police,117,2,0,0,2,11,2
2011-02,South Wales Police,116,0,0,2,2,12,5
2011-02,South Wales Police,111,4,0,7,1,28,22
2011-02,South Wales Police,110,4,0,1,3,6,3
2011-02,South Wales Police,113,2,0,0,2,13,6
2011-02,South Wales Police,112,2,0,0,2,4,6
2011-02,South Wales Police,82,0,0,0,0,3,5
2011-02,South Wales Police,181,8,0,1,6,43,26
2011-02,South Wales Police,80,26,0,12,14,72,49
2011-02,South Wales Police,81,9,1,37,22,114,61
2011-02,South Wales Police,119,1,0,0,1,6,3
2011-02,South Wales Police,118,0,0,1,1,10,5
2011-02,South Wales Police,84,18,4,15,23,135,86
2011-02,South Wales Police,85,9,0,21,5,40,38
2011-02,South Wales Police,140,7,0,3,6,29,26
2011-02,South Wales Police,206,2,0,0,0,4,7
2011-02,South Wales Police,94,2,0,3,8,26,22
2011-02,South Wales Police,3,8,0,21,2,26,33
2011-02,South Wales Police,7,1,0,12,7,36,22
2011-02,South Wales Police,92,8,2,11,9,49,33
2011-02,South Wales Police,225,2,0,2,2,15,5
2011-02,South Wales Police,108,2,0,3,3,7,6
2011-02,South Wales Police,109,2,0,3,8,12,5
2011-02,South Wales Police,102,2,0,0,11,26,14
2011-02,South Wales Police,103,0,0,1,14,35,28
2011-02,South Wales Police,100,10,0,2,2,21,12
2011-02,South Wales Police,101,1,0,0,6,16,10
2011-02,South Wales Police,106,2,0,0,3,10,10
2011-02,South Wales Police,107,1,0,1,1,5,12
2011-02,South Wales Police,104,2,0,2,1,8,7
2011-02,South Wales Police,105,1,0,0,0,3,0
2011-02,South Wales Police,39,1,1,0,8,20,12
2011-02,South Wales Police,38,2,0,4,8,40,8
2011-02,South Wales Police,33,1,0,1,1,9,5
2011-02,South Wales Police,32,5,0,1,4,10,5
2011-02,South Wales Police,31,0,0,0,2,12,2
2011-02,South Wales Police,30,1,0,3,0,21,7
2011-02,South Wales Police,37,4,1,1,1,28,7
2011-02,South Wales Police,36,1,0,2,3,21,5
2011-02,South Wales Police,35,2,0,1,8,13,4
2011-02,South Wales Police,34,0,0,3,2,11,11
2011-02,South Wales Police,162,1,0,4,2,20,4
2011-02,South Wales Police,205,2,0,2,7,17,22
2011-02,South Wales Police,223,1,0,4,2,4,4
2011-02,South Wales Police,176,0,0,0,2,8,1
2011-02,South Wales Police,60,3,0,1,4,11,6
2011-02,South Wales Police,61,1,0,1,2,8,2
2011-02,South Wales Police,62,1,0,2,3,8,5
2011-02,South Wales Police,63,4,0,2,2,25,11
2011-02,South Wales Police,64,10,0,18,20,78,59
2011-02,South Wales Police,65,8,3,12,22,64,66
2011-02,South Wales Police,66,14,0,15,17,63,39
2011-02,South Wales Police,178,2,0,0,0,2,1
2011-02,South Wales Police,177,0,0,1,2,8,3
2011-02,South Wales Police,69,2,0,1,2,11,7
2011-02,South Wales Police,175,0,0,2,0,9,2
2011-02,South Wales Police,174,1,0,0,0,3,1
2011-02,South Wales Police,173,5,0,3,1,23,13
2011-02,South Wales Police,172,4,0,1,4,19,8
2011-02,South Wales Police,171,1,0,0,0,1,0
2011-02,South Wales Police,170,0,0,0,0,1,1
2011-02,South Wales Police,203,0,0,1,0,5,3
2011-02,South Wales Police,145,2,0,1,2,10,3
2011-02,South Wales Police,182,3,0,1,25,53,33
2011-02,South Wales Police,183,1,0,0,2,20,8
2011-02,South Wales Police,180,2,0,0,0,13,10
2011-02,South Wales Police,2,4,0,4,1,34,14
2011-02,South Wales Police,167,6,0,0,1,17,23
2011-02,South Wales Police,187,8,0,2,17,43,34
2011-02,South Wales Police,184,0,0,1,0,3,2
2011-02,South Wales Police,6,6,0,10,3,28,20
2011-02,South Wales Police,186,3,0,7,8,25,11
2011-02,South Wales Police,188,0,0,1,4,15,7
2011-02,South Wales Police,189,0,0,0,0,5,3
2011-02,South Wales Police,179,0,0,0,1,6,2
2011-02,South Wales Police,221,4,0,1,3,9,6
2011-02,South Wales Police,185,0,0,0,0,0,2
2011-02,South Wales Police,99,0,0,1,1,10,5
2011-02,South Wales Police,98,0,0,3,5,24,22
2011-02,South Wales Police,168,8,0,3,0,4,6
2011-02,South Wales Police,169,1,0,1,3,15,7
2011-02,South Wales Police,229,8,0,5,8,54,23
2011-02,South Wales Police,228,7,1,5,7,33,31
2011-02,South Wales Police,227,3,1,6,9,29,16
2011-02,South Wales Police,165,0,0,0,0,3,1
2011-02,South Wales Police,166,2,0,1,2,6,1
2011-02,South Wales Police,224,0,0,0,0,0,4
2011-02,South Wales Police,160,0,0,0,4,11,7
2011-02,South Wales Police,222,5,0,10,17,91,67
2011-02,South Wales Police,97,1,0,3,4,15,5
2011-02,South Wales Police,163,0,0,0,0,5,1
2011-02,South Wales Police,11,2,0,2,0,15,5
2011-02,South Wales Police,10,4,0,1,7,39,13
2011-02,South Wales Police,13,2,0,0,7,20,11
2011-02,South Wales Police,12,8,0,8,4,31,14
2011-02,South Wales Police,15,0,1,7,28,71,38
2011-02,South Wales Police,14,2,0,1,4,27,6
2011-02,South Wales Police,17,1,0,1,3,6,3
2011-02,South Wales Police,16,0,0,7,6,42,11
2011-02,South Wales Police,19,4,0,2,2,17,14
2011-02,South Wales Police,18,1,0,7,0,8,6
2011-02,South Wales Police,88,9,1,15,21,78,60
2011-02,South Wales Police,89,16,0,10,7,55,39
2011-02,South Wales Police,204,0,0,0,1,7,2
2011-02,South Wales Police,151,14,0,7,6,24,21
2011-02,South Wales Police,150,2,0,0,5,26,18
2011-02,South Wales Police,153,1,0,1,1,3,5
2011-02,South Wales Police,152,1,0,1,0,7,0
2011-02,South Wales Police,155,7,0,5,14,43,35
2011-02,South Wales Police,154,1,0,2,7,18,9
2011-02,South Wales Police,157,1,0,0,1,5,3
2011-02,South Wales Police,156,0,0,2,2,3,1
2011-02,South Wales Police,159,0,0,1,2,7,1
2011-02,South Wales Police,158,3,0,3,4,30,16
2011-02,South Wales Police,83,7,2,18,6,32,50
2011-02,South Wales Police,230,13,0,13,6,44,46
2011-02,South Wales Police,231,0,0,0,0,6,6
2011-02,South Wales Police,232,1,0,0,2,4,2
2011-02,South Wales Police,48,4,0,2,0,11,6
2011-02,South Wales Police,49,4,0,4,1,17,28
2011-02,South Wales Police,46,4,0,4,6,15,10
2011-02,South Wales Police,86,1,0,1,3,15,4
2011-02,South Wales Police,44,2,0,3,7,20,20
2011-02,South Wales Police,45,1,0,3,0,7,1
2011-02,South Wales Police,42,0,0,2,2,19,9
2011-02,South Wales Police,43,3,0,0,11,21,29
2011-02,South Wales Police,40,2,0,4,3,19,21
2011-02,South Wales Police,41,2,0,0,2,19,10
2011-02,South Wales Police,322,2,0,2,24,102,48
2011-02,South Wales Police,5,5,0,2,4,21,6
2011-02,South Wales Police,9,13,0,8,23,81,39
2011-02,South Wales Police,146,0,0,2,3,10,3
2011-02,South Wales Police,200,1,0,2,1,36,12
2011-02,South Wales Police,144,3,0,1,11,39,33
2011-02,South Wales Police,202,3,0,7,2,28,16
2011-02,South Wales Police,142,0,0,2,0,3,2
2011-02,South Wales Police,143,2,0,1,2,11,3
2011-02,South Wales Police,207,4,1,0,4,26,9
2011-02,South Wales Police,141,0,0,0,1,3,4
2011-02,South Wales Police,209,0,0,0,0,5,8
2011-02,South Wales Police,208,2,0,0,0,5,3
2011-02,South Wales Police,148,1,0,1,3,10,6
2011-02,South Wales Police,149,1,0,4,2,21,2
2011-02,South Wales Police,77,2,0,1,0,20,12
2011-02,South Wales Police,76,2,0,2,2,3,4
2011-02,South Wales Police,75,7,1,7,16,67,36
2011-02,South Wales Police,74,8,3,20,21,113,68
2011-02,South Wales Police,73,8,1,12,3,32,27
2011-02,South Wales Police,72,6,0,14,19,106,45
2011-02,South Wales Police,71,10,2,22,38,91,46
2011-02,South Wales Police,70,4,0,22,3,24,20
2011-02,South Wales Police,96,6,0,0,13,34,38
2011-02,South Wales Police,79,9,0,7,3,76,27
2011-02,South Wales Police,78,7,0,2,11,47,23
2011-02,South Wales Police,1,0,0,0,2,14,3
2011-02,South Wales Police,47,2,0,0,6,27,24
2011-02,South Wales Police,326,0,0,1,1,7,4
2011-02,South Wales Police,67,7,0,11,11,49,34
