Month,Force,Neighbourhood,Burglary,Robbery,Vehicle crime,Violent crime,Anti-social behaviour,Other crime
2010-12,Dyfed-Powys Police,113,0,0,0,12,45,7
2010-12,Dyfed-Powys Police,112,0,0,0,1,17,6
2010-12,Dyfed-Powys Police,115,0,0,1,1,11,3
2010-12,Dyfed-Powys Police,132,1,0,2,2,24,5
2010-12,Dyfed-Powys Police,131,9,0,3,22,109,38
2010-12,Dyfed-Powys Police,130,0,0,0,2,25,8
2010-12,Dyfed-Powys Police,111,0,0,4,1,11,5
2010-12,Dyfed-Powys Police,136,11,1,2,21,39,32
2010-12,Dyfed-Powys Police,135,0,0,0,2,10,3
2010-12,Dyfed-Powys Police,134,4,1,5,27,84,42
2010-12,Dyfed-Powys Police,139,0,0,0,0,13,4
2010-12,Dyfed-Powys Police,138,1,0,0,7,25,9
2010-12,Dyfed-Powys Police,119,0,0,1,3,15,9
2010-12,Dyfed-Powys Police,118,0,0,0,6,7,6
2010-12,Dyfed-Powys Police,102,1,0,5,22,59,47
2010-12,Dyfed-Powys Police,146,1,0,0,5,12,3
2010-12,Dyfed-Powys Police,147,0,1,0,12,38,16
2010-12,Dyfed-Powys Police,144,0,0,1,2,41,15
2010-12,Dyfed-Powys Police,145,2,0,0,0,11,3
2010-12,Dyfed-Powys Police,142,0,0,0,4,4,3
2010-12,Dyfed-Powys Police,143,0,0,1,3,23,4
2010-12,Dyfed-Powys Police,140,1,0,0,2,11,3
2010-12,Dyfed-Powys Police,141,0,0,2,3,13,3
2010-12,Dyfed-Powys Police,148,1,0,1,0,11,4
2010-12,Dyfed-Powys Police,149,3,0,1,4,49,22
2010-12,Dyfed-Powys Police,120,0,0,0,4,15,3
2010-12,Dyfed-Powys Police,121,0,0,2,2,37,10
2010-12,Dyfed-Powys Police,122,2,0,0,1,14,2
2010-12,Dyfed-Powys Police,123,6,0,8,20,160,71
2010-12,Dyfed-Powys Police,124,15,0,3,65,239,149
2010-12,Dyfed-Powys Police,125,1,0,0,4,5,5
2010-12,Dyfed-Powys Police,126,0,0,1,0,13,2
2010-12,Dyfed-Powys Police,127,2,0,0,5,16,4
2010-12,Dyfed-Powys Police,128,0,0,0,1,5,0
2010-12,Dyfed-Powys Police,129,0,0,0,4,8,3
2010-12,Dyfed-Powys Police,100,1,0,0,2,20,7
2010-12,Dyfed-Powys Police,101,1,0,1,0,7,6
2010-12,Dyfed-Powys Police,106,0,0,0,3,12,5
2010-12,Dyfed-Powys Police,107,1,0,0,3,13,4
2010-12,Dyfed-Powys Police,104,0,0,0,2,5,6
2010-12,Dyfed-Powys Police,105,0,0,1,8,37,18
2010-12,Dyfed-Powys Police,133,4,0,0,7,25,6
2010-12,Dyfed-Powys Police,108,2,0,0,11,26,19
2010-12,Dyfed-Powys Police,117,1,0,0,0,16,3
2010-12,Dyfed-Powys Police,116,7,0,1,20,136,51
2010-12,Dyfed-Powys Police,137,3,0,3,14,84,31
2010-12,Dyfed-Powys Police,103,9,0,5,29,174,75
2010-12,Dyfed-Powys Police,110,8,0,2,32,150,88
