Month,Force,Neighbourhood,Burglary,Robbery,Vehicle crime,Violent crime,Anti-social behaviour,Other crime
2010-12,West Midlands Police,CVCF,6,2,5,7,35,15
2010-12,West Midlands Police,CVCD,17,4,14,8,51,38
2010-12,West Midlands Police,CVCE,13,2,4,15,35,18
2010-12,West Midlands Police,CVCB,15,1,15,19,55,38
2010-12,West Midlands Police,CVCC,21,1,10,16,67,46
2010-12,West Midlands Police,CVCA,13,4,9,8,30,33
2010-12,West Midlands Police,BWDA,28,20,28,49,162,80
2010-12,West Midlands Police,BEBD,19,8,15,27,78,63
2010-12,West Midlands Police,BWDC,15,8,20,25,37,41
2010-12,West Midlands Police,BWDB,17,23,43,22,68,66
2010-12,West Midlands Police,BEBA,14,13,22,34,79,59
2010-12,West Midlands Police,BWDD,13,11,20,28,79,72
2010-12,West Midlands Police,BEBC,19,3,21,36,68,59
2010-12,West Midlands Police,BEBB,18,13,12,27,42,65
2010-12,West Midlands Police,WVBG,7,1,5,6,28,43
2010-12,West Midlands Police,DYBC,8,1,5,4,34,20
2010-12,West Midlands Police,DYBB,15,2,6,13,58,30
2010-12,West Midlands Police,DYBA,7,3,11,21,64,81
2010-12,West Midlands Police,WVBF,2,0,6,10,19,7
2010-12,West Midlands Police,DYBF,3,0,4,5,17,13
2010-12,West Midlands Police,DYBE,9,2,3,12,58,24
2010-12,West Midlands Police,DYBD,3,0,3,1,26,3
2010-12,West Midlands Police,WVBA,7,2,8,8,17,15
2010-12,West Midlands Police,WVBC,11,3,3,11,35,28
2010-12,West Midlands Police,SHAE,7,1,25,35,82,67
2010-12,West Midlands Police,WSDF,5,1,4,6,17,12
2010-12,West Midlands Police,WSDG,8,6,6,13,23,18
2010-12,West Midlands Police,BECB,17,6,21,22,37,45
2010-12,West Midlands Police,BECC,30,17,16,31,64,81
2010-12,West Midlands Police,BECA,37,3,18,25,67,69
2010-12,West Midlands Police,WSDJ,16,10,13,54,82,144
2010-12,West Midlands Police,BECD,26,7,28,35,66,52
2010-12,West Midlands Police,BWEB,16,12,19,44,94,82
2010-12,West Midlands Police,BWEC,42,16,42,56,112,76
2010-12,West Midlands Police,BWEA,8,4,13,15,23,39
2010-12,West Midlands Police,SWDF,23,9,17,41,95,90
2010-12,West Midlands Police,SWDD,15,1,2,13,50,22
2010-12,West Midlands Police,SWDE,13,2,7,6,18,10
2010-12,West Midlands Police,SWDB,20,1,3,7,41,13
2010-12,West Midlands Police,SWDC,23,3,6,17,29,35
2010-12,West Midlands Police,SWDA,17,1,3,4,18,22
2010-12,West Midlands Police,DYCA,6,0,9,5,33,18
2010-12,West Midlands Police,DYCB,6,1,3,9,34,23
2010-12,West Midlands Police,DYCC,9,2,4,9,44,21
2010-12,West Midlands Police,DYCD,4,1,1,5,14,4
2010-12,West Midlands Police,WSDH,6,5,14,17,40,31
2010-12,West Midlands Police,WSCG,9,6,10,21,57,29
2010-12,West Midlands Police,WSCL,10,3,9,25,41,34
2010-12,West Midlands Police,WSCK,8,2,7,15,34,28
2010-12,West Midlands Police,WSCJ,2,2,5,3,26,12
2010-12,West Midlands Police,WSCH,19,0,12,11,49,24
2010-12,West Midlands Police,SWBA,13,10,14,10,23,17
2010-12,West Midlands Police,SWCF,23,0,5,15,43,29
2010-12,West Midlands Police,SWCE,16,0,7,13,32,49
2010-12,West Midlands Police,SWCD,19,1,16,17,52,27
2010-12,West Midlands Police,SWCC,7,1,8,9,45,20
2010-12,West Midlands Police,SWCB,17,1,9,20,42,30
2010-12,West Midlands Police,SWCA,1,1,4,6,27,10
2010-12,West Midlands Police,BSBC,12,9,8,24,95,54
2010-12,West Midlands Police,BSBB,21,5,5,16,75,58
2010-12,West Midlands Police,BSBA,12,8,10,33,114,46
2010-12,West Midlands Police,SHAA,6,1,12,10,42,20
2010-12,West Midlands Police,SHAF,7,0,7,2,14,11
2010-12,West Midlands Police,SHAD,6,0,15,8,33,21
2010-12,West Midlands Police,BSBD,13,5,20,34,93,66
2010-12,West Midlands Police,SHAJ,10,0,4,3,6,10
2010-12,West Midlands Police,SHAK,11,0,3,3,16,6
2010-12,West Midlands Police,SHAH,14,4,14,21,83,42
2010-12,West Midlands Police,SHAL,3,0,1,2,8,33
2010-12,West Midlands Police,SHAM,8,3,12,13,60,38
2010-12,West Midlands Police,WSBF,5,2,7,17,61,26
2010-12,West Midlands Police,WSBG,23,2,11,24,52,34
2010-12,West Midlands Police,WSBH,10,0,5,12,35,40
2010-12,West Midlands Police,WSBJ,6,0,4,13,40,45
2010-12,West Midlands Police,BWCD,23,8,19,22,49,62
2010-12,West Midlands Police,BWCA,22,6,17,12,65,39
2010-12,West Midlands Police,BWCB,23,11,20,39,89,66
2010-12,West Midlands Police,BWCC,24,6,14,30,67,48
2010-12,West Midlands Police,CVBA,24,1,18,30,93,61
2010-12,West Midlands Police,CVBC,33,1,8,19,72,91
2010-12,West Midlands Police,CVBB,34,3,27,30,89,112
2010-12,West Midlands Police,CVBE,13,2,12,21,57,47
2010-12,West Midlands Police,CVBD,11,0,7,12,55,38
2010-12,West Midlands Police,SWBB,6,5,11,23,42,18
2010-12,West Midlands Police,CVBF,7,1,10,11,39,28
2010-12,West Midlands Police,WVCB,6,3,5,21,32,24
2010-12,West Midlands Police,WVCC,15,4,30,15,18,33
2010-12,West Midlands Police,WVCA,24,2,17,28,57,56
2010-12,West Midlands Police,WVCF,10,2,10,16,15,14
2010-12,West Midlands Police,WVCD,17,5,11,13,20,20
2010-12,West Midlands Police,WVCE,21,5,24,25,32,33
2010-12,West Midlands Police,SHBG,10,1,6,6,34,17
2010-12,West Midlands Police,BSCA,14,3,15,25,85,50
2010-12,West Midlands Police,BSCB,25,5,20,15,81,61
2010-12,West Midlands Police,BSCC,16,6,16,24,68,40
2010-12,West Midlands Police,BSCD,18,11,20,15,69,62
2010-12,West Midlands Police,SHBB,14,2,5,10,27,15
2010-12,West Midlands Police,SHBA,15,0,8,8,33,15
2010-12,West Midlands Police,SHBD,6,0,14,4,11,26
2010-12,West Midlands Police,DYAF,14,5,12,15,59,30
2010-12,West Midlands Police,DYAG,8,3,9,16,33,16
2010-12,West Midlands Police,DYAD,8,1,2,7,26,11
2010-12,West Midlands Police,DYAE,15,7,3,29,101,52
2010-12,West Midlands Police,DYAB,5,1,8,8,33,29
2010-12,West Midlands Police,DYAC,5,1,2,8,46,19
2010-12,West Midlands Police,DYAA,12,2,5,14,46,24
2010-12,West Midlands Police,WSAM,14,1,8,7,15,19
2010-12,West Midlands Police,WSAL,8,0,1,7,20,10
2010-12,West Midlands Police,WVBD,9,7,10,11,40,29
2010-12,West Midlands Police,WSAN,11,3,7,4,10,7
2010-12,West Midlands Police,WSAH,11,1,5,7,11,14
2010-12,West Midlands Police,WSAK,9,2,8,7,19,11
2010-12,West Midlands Police,WSAJ,9,1,5,9,21,16
2010-12,West Midlands Police,WSAG,19,3,8,10,35,24
2010-12,West Midlands Police,BNAD,22,10,25,36,110,78
2010-12,West Midlands Police,BNAC,35,10,14,34,97,48
2010-12,West Midlands Police,BNAB,25,4,14,30,97,37
2010-12,West Midlands Police,BNAA,13,9,14,39,89,67
2010-12,West Midlands Police,SWBD,13,5,16,18,55,46
2010-12,West Midlands Police,WVAA,13,16,4,51,57,104
2010-12,West Midlands Police,SWAE,8,3,5,9,27,18
2010-12,West Midlands Police,SWAD,14,2,6,15,53,27
2010-12,West Midlands Police,SWAF,7,6,6,17,42,33
2010-12,West Midlands Police,SWAA,5,3,2,5,35,22
2010-12,West Midlands Police,SWAC,10,1,8,11,31,38
2010-12,West Midlands Police,SWAB,10,3,4,6,30,23
2010-12,West Midlands Police,WVBE,2,1,3,9,14,14
2010-12,West Midlands Police,SWAH,8,0,7,8,20,20
2010-12,West Midlands Police,SWAJ,10,2,6,6,27,22
2010-12,West Midlands Police,WVDC,5,5,4,14,14,36
2010-12,West Midlands Police,WVDB,4,1,6,8,12,9
2010-12,West Midlands Police,WVDA,8,3,6,12,24,15
2010-12,West Midlands Police,WVDG,9,0,0,3,7,7
2010-12,West Midlands Police,WVDF,6,1,9,4,5,17
2010-12,West Midlands Police,WVDE,7,4,7,4,39,24
2010-12,West Midlands Police,WVDD,5,0,6,5,11,6
2010-12,West Midlands Police,SWBC,10,8,9,27,52,52
2010-12,West Midlands Police,SHAC,8,1,5,6,16,19
2010-12,West Midlands Police,CVDE,18,0,13,10,54,44
2010-12,West Midlands Police,CVDD,6,1,9,6,17,19
2010-12,West Midlands Police,CVDC,10,1,12,7,27,18
2010-12,West Midlands Police,CVDB,11,1,19,6,39,29
2010-12,West Midlands Police,CVDA,27,2,12,23,82,60
2010-12,West Midlands Police,BWAB,4,8,13,39,92,104
2010-12,West Midlands Police,BWAC,3,3,3,23,68,57
2010-12,West Midlands Police,BWAA,10,20,3,60,149,248
2010-12,West Midlands Police,BSAD,18,4,13,20,74,34
2010-12,West Midlands Police,BSAB,20,13,22,16,79,64
2010-12,West Midlands Police,BSAC,20,7,11,13,61,35
2010-12,West Midlands Police,BSAA,15,4,26,29,88,38
2010-12,West Midlands Police,CVAA,24,19,17,87,290,223
2010-12,West Midlands Police,SHBF,6,1,13,6,29,7
2010-12,West Midlands Police,SHBE,7,1,7,9,21,32
2010-12,West Midlands Police,DYDE,5,0,5,1,18,9
2010-12,West Midlands Police,DYDD,5,0,5,4,21,15
2010-12,West Midlands Police,DYDG,10,3,14,8,58,44
2010-12,West Midlands Police,DYDF,8,1,4,5,32,15
2010-12,West Midlands Police,DYDA,4,2,8,1,26,16
2010-12,West Midlands Police,DYDC,6,0,9,11,40,24
2010-12,West Midlands Police,DYDB,3,1,7,8,37,16
2010-12,West Midlands Police,SHBC,15,2,12,5,17,17
2010-12,West Midlands Police,BNBB,16,3,19,12,44,57
2010-12,West Midlands Police,BNBC,13,4,9,46,112,85
2010-12,West Midlands Police,BNBA,9,0,11,7,51,18
2010-12,West Midlands Police,BNBD,15,4,18,8,31,26
2010-12,West Midlands Police,BEAD,19,4,18,25,45,38
2010-12,West Midlands Police,BEAA,31,5,16,15,44,25
2010-12,West Midlands Police,BEAB,19,14,15,21,59,59
2010-12,West Midlands Police,BEAC,27,21,29,26,100,68
2010-12,West Midlands Police,SHBH,7,2,5,23,47,72
2010-12,West Midlands Police,WVBB,31,8,6,20,34,19
