Month,Force,Neighbourhood,Burglary,Robbery,Vehicle crime,Violent crime,Anti-social behaviour,Other crime
2010-12,Thames Valley Police,N305,1,0,2,8,7,9
2010-12,Thames Valley Police,N304,2,0,1,4,8,2
2010-12,Thames Valley Police,N307,1,0,5,10,20,23
2010-12,Thames Valley Police,N306,12,1,7,7,24,22
2010-12,Thames Valley Police,N301,6,0,0,10,30,19
2010-12,Thames Valley Police,N300,10,0,3,11,23,9
2010-12,Thames Valley Police,N268,5,0,0,1,16,11
2010-12,Thames Valley Police,N177,5,0,6,18,20,29
2010-12,Thames Valley Police,N266,2,0,2,1,6,4
2010-12,Thames Valley Police,N267,26,0,11,4,34,25
2010-12,Thames Valley Police,N264,2,0,3,2,4,4
2010-12,Thames Valley Police,N265,5,1,18,16,17,41
2010-12,Thames Valley Police,N309,5,0,0,10,11,8
2010-12,Thames Valley Police,N174,5,0,13,8,35,45
2010-12,Thames Valley Police,N260,0,0,1,10,10,8
2010-12,Thames Valley Police,N179,5,0,4,2,6,4
2010-12,Thames Valley Police,N181,14,0,6,6,13,17
2010-12,Thames Valley Police,N125,11,0,11,14,31,20
2010-12,Thames Valley Police,N175,2,0,3,6,7,12
2010-12,Thames Valley Police,N139,3,0,6,3,8,20
2010-12,Thames Valley Police,N124,24,0,10,4,31,28
2010-12,Thames Valley Police,N269,10,1,6,8,25,42
2010-12,Thames Valley Police,N172,2,0,0,2,11,6
2010-12,Thames Valley Police,N336,12,0,2,4,19,16
2010-12,Thames Valley Police,N173,11,0,1,10,8,14
2010-12,Thames Valley Police,N337,7,2,16,91,87,227
2010-12,Thames Valley Police,N170,13,1,7,12,25,34
2010-12,Thames Valley Police,N330,7,3,9,23,22,23
2010-12,Thames Valley Police,N171,14,0,11,4,11,11
2010-12,Thames Valley Police,N120,6,0,5,8,12,14
2010-12,Thames Valley Police,N368,1,0,4,6,8,9
2010-12,Thames Valley Police,N332,2,0,0,0,0,2
2010-12,Thames Valley Police,N122,3,0,7,1,5,4
2010-12,Thames Valley Police,N151,21,0,7,5,32,21
2010-12,Thames Valley Police,N351,13,0,8,26,42,84
2010-12,Thames Valley Police,N279,2,1,1,19,33,38
2010-12,Thames Valley Police,N278,3,0,4,3,5,8
2010-12,Thames Valley Police,N163,4,0,5,4,7,10
2010-12,Thames Valley Police,N162,1,0,1,9,14,17
2010-12,Thames Valley Police,N165,12,0,1,5,8,15
2010-12,Thames Valley Police,N164,4,0,3,3,14,19
2010-12,Thames Valley Police,N167,3,1,2,2,12,12
2010-12,Thames Valley Police,N166,10,6,37,21,34,50
2010-12,Thames Valley Police,N271,8,0,0,5,7,7
2010-12,Thames Valley Police,N270,2,0,4,1,9,11
2010-12,Thames Valley Police,N273,0,0,0,0,2,3
2010-12,Thames Valley Police,N272,4,1,2,14,32,22
2010-12,Thames Valley Police,N275,4,0,2,2,9,17
2010-12,Thames Valley Police,N274,4,1,3,34,64,74
2010-12,Thames Valley Police,N277,3,0,3,0,4,7
2010-12,Thames Valley Police,N308,7,1,5,2,11,13
2010-12,Thames Valley Police,N178,4,0,4,5,35,21
2010-12,Thames Valley Police,N261,1,0,1,0,8,5
2010-12,Thames Valley Police,N154,3,1,3,19,46,44
2010-12,Thames Valley Police,N228,11,0,6,4,21,22
2010-12,Thames Valley Police,N303,4,0,2,5,9,20
2010-12,Thames Valley Police,N363,4,0,10,21,51,34
2010-12,Thames Valley Police,N362,8,0,4,17,19,23
2010-12,Thames Valley Police,N361,4,1,5,2,20,17
2010-12,Thames Valley Police,N360,3,0,4,9,28,29
2010-12,Thames Valley Police,N367,2,0,1,4,23,11
2010-12,Thames Valley Police,N366,1,0,2,1,7,5
2010-12,Thames Valley Police,N365,10,8,8,22,69,61
2010-12,Thames Valley Police,N364,3,0,4,5,23,28
2010-12,Thames Valley Police,N194,3,0,2,5,16,11
2010-12,Thames Valley Police,N195,14,0,5,11,44,47
2010-12,Thames Valley Police,N196,3,3,5,6,13,6
2010-12,Thames Valley Police,N197,4,0,4,4,5,15
2010-12,Thames Valley Police,N190,8,0,1,5,12,7
2010-12,Thames Valley Police,N191,20,0,5,6,17,13
2010-12,Thames Valley Police,N192,8,3,6,5,19,20
2010-12,Thames Valley Police,N193,12,0,13,37,38,65
2010-12,Thames Valley Police,N114,8,0,7,5,28,26
2010-12,Thames Valley Police,N115,3,4,14,11,26,28
2010-12,Thames Valley Police,N116,6,1,14,12,18,23
2010-12,Thames Valley Police,N117,4,0,4,3,7,6
2010-12,Thames Valley Police,N110,1,0,0,0,0,2
2010-12,Thames Valley Police,N111,15,5,10,13,22,11
2010-12,Thames Valley Police,N112,1,1,12,6,12,13
2010-12,Thames Valley Police,N113,10,0,17,2,17,49
2010-12,Thames Valley Police,N302,5,5,2,12,23,61
2010-12,Thames Valley Police,N205,5,0,8,3,16,12
2010-12,Thames Valley Police,N206,10,0,26,7,20,40
2010-12,Thames Valley Police,N207,5,2,8,16,32,30
2010-12,Thames Valley Police,N200,16,2,15,39,33,79
2010-12,Thames Valley Police,N138,2,0,0,3,3,5
2010-12,Thames Valley Police,N202,22,0,22,28,36,54
2010-12,Thames Valley Police,N203,1,0,2,3,10,12
2010-12,Thames Valley Police,N284,8,0,2,11,31,62
2010-12,Thames Valley Police,N285,2,0,4,8,11,18
2010-12,Thames Valley Police,N286,2,0,2,6,12,16
2010-12,Thames Valley Police,N287,1,0,1,8,12,15
2010-12,Thames Valley Police,N280,1,0,2,9,20,20
2010-12,Thames Valley Police,N281,3,0,5,7,15,19
2010-12,Thames Valley Police,N282,5,0,5,6,5,15
2010-12,Thames Valley Police,N283,0,0,5,3,7,11
2010-12,Thames Valley Police,N359,8,0,3,12,16,38
2010-12,Thames Valley Police,N288,6,0,12,13,23,48
2010-12,Thames Valley Police,N289,2,1,1,13,27,33
2010-12,Thames Valley Police,N262,0,0,1,3,6,11
2010-12,Thames Valley Police,N356,4,1,1,6,7,7
2010-12,Thames Valley Police,N357,3,0,29,6,5,7
2010-12,Thames Valley Police,N354,2,0,8,9,12,14
2010-12,Thames Valley Police,N355,5,0,3,10,19,8
2010-12,Thames Valley Police,N358,12,0,4,4,11,10
2010-12,Thames Valley Police,N188,7,0,1,2,6,6
2010-12,Thames Valley Police,N187,6,0,1,4,2,5
2010-12,Thames Valley Police,N352,2,0,3,8,19,28
2010-12,Thames Valley Police,N185,17,0,5,15,15,34
2010-12,Thames Valley Police,N184,10,0,9,8,31,24
2010-12,Thames Valley Police,N183,4,0,0,6,4,25
2010-12,Thames Valley Police,N353,11,1,1,8,14,40
2010-12,Thames Valley Police,N350,9,0,3,14,15,14
2010-12,Thames Valley Police,N180,4,0,4,6,7,6
2010-12,Thames Valley Police,N107,21,0,7,9,16,20
2010-12,Thames Valley Police,N106,3,1,2,40,51,51
2010-12,Thames Valley Police,N105,47,1,6,12,44,31
2010-12,Thames Valley Police,N104,13,0,6,6,41,21
2010-12,Thames Valley Police,N103,3,0,3,3,10,5
2010-12,Thames Valley Police,N102,1,0,0,5,17,29
2010-12,Thames Valley Police,N219,6,0,8,3,7,14
2010-12,Thames Valley Police,N218,25,1,5,11,17,26
2010-12,Thames Valley Police,N217,5,1,5,3,16,12
2010-12,Thames Valley Police,N216,5,0,0,7,1,11
2010-12,Thames Valley Police,N215,6,0,0,9,12,11
2010-12,Thames Valley Police,N214,2,0,10,1,6,4
2010-12,Thames Valley Police,N213,10,1,6,8,25,17
2010-12,Thames Valley Police,N212,9,0,2,0,3,4
2010-12,Thames Valley Police,N211,1,0,0,5,8,13
2010-12,Thames Valley Police,N108,18,1,16,8,23,31
2010-12,Thames Valley Police,N296,11,3,7,11,20,44
2010-12,Thames Valley Police,N295,15,0,5,6,6,6
2010-12,Thames Valley Police,N294,0,0,0,0,1,7
2010-12,Thames Valley Police,N293,6,1,1,2,14,16
2010-12,Thames Valley Police,N292,8,0,4,5,5,10
2010-12,Thames Valley Police,N291,5,0,7,2,17,26
2010-12,Thames Valley Police,N290,6,0,8,11,19,24
2010-12,Thames Valley Police,N318,7,2,6,5,7,41
2010-12,Thames Valley Police,N299,6,0,2,7,11,7
2010-12,Thames Valley Police,N298,18,2,11,18,25,93
2010-12,Thames Valley Police,N319,10,1,10,8,23,33
2010-12,Thames Valley Police,N349,2,0,1,3,1,0
2010-12,Thames Valley Police,N348,8,1,5,36,72,51
2010-12,Thames Valley Police,N101,10,1,13,5,21,11
2010-12,Thames Valley Police,N341,3,0,0,3,4,6
2010-12,Thames Valley Police,N343,2,0,2,1,8,10
2010-12,Thames Valley Police,N342,5,1,1,8,6,20
2010-12,Thames Valley Police,N345,17,1,5,69,102,218
2010-12,Thames Valley Police,N344,2,0,6,8,17,34
2010-12,Thames Valley Police,N347,1,0,0,9,7,12
2010-12,Thames Valley Police,N346,1,0,8,12,13,35
2010-12,Thames Valley Police,N132,10,1,14,23,35,33
2010-12,Thames Valley Police,N133,10,2,5,89,91,214
2010-12,Thames Valley Police,N130,23,0,8,8,18,15
2010-12,Thames Valley Police,N131,5,0,3,0,8,10
2010-12,Thames Valley Police,N136,4,0,0,1,10,8
2010-12,Thames Valley Police,N137,12,3,7,18,30,23
2010-12,Thames Valley Police,N134,3,1,6,15,16,21
2010-12,Thames Valley Police,N135,8,0,10,4,4,5
2010-12,Thames Valley Police,N222,13,3,9,20,31,97
2010-12,Thames Valley Police,N223,2,0,4,4,8,5
2010-12,Thames Valley Police,N220,3,0,1,2,4,8
2010-12,Thames Valley Police,N221,3,0,3,3,10,11
2010-12,Thames Valley Police,N226,6,0,4,9,6,10
2010-12,Thames Valley Police,N227,4,0,0,3,18,10
2010-12,Thames Valley Police,N224,6,0,2,5,13,10
2010-12,Thames Valley Police,N225,0,0,0,0,2,0
2010-12,Thames Valley Police,N189,8,2,3,7,20,12
2010-12,Thames Valley Police,N311,5,0,5,5,16,13
2010-12,Thames Valley Police,N201,20,2,1,12,29,30
2010-12,Thames Valley Police,N147,4,0,1,11,11,19
2010-12,Thames Valley Police,N317,6,0,6,27,39,47
2010-12,Thames Valley Police,N141,2,0,1,2,10,8
2010-12,Thames Valley Police,N109,4,0,1,2,2,3
2010-12,Thames Valley Police,N210,15,0,5,8,17,20
2010-12,Thames Valley Police,N369,3,1,1,5,18,17
2010-12,Thames Valley Police,N235,2,0,3,6,21,24
2010-12,Thames Valley Police,N234,15,2,9,12,17,19
2010-12,Thames Valley Police,N237,3,0,2,15,27,26
2010-12,Thames Valley Police,N236,5,0,4,8,16,17
2010-12,Thames Valley Police,N231,4,1,3,5,18,11
2010-12,Thames Valley Police,N230,10,2,7,6,9,10
2010-12,Thames Valley Police,N233,13,0,7,0,5,5
2010-12,Thames Valley Police,N232,3,0,4,0,3,7
2010-12,Thames Valley Police,N161,2,0,2,10,20,23
2010-12,Thames Valley Police,N239,19,1,5,7,40,20
2010-12,Thames Valley Police,N238,8,0,5,4,13,7
2010-12,Thames Valley Police,N140,17,0,8,4,0,6
2010-12,Thames Valley Police,N198,1,0,1,3,4,1
2010-12,Thames Valley Police,N338,8,3,22,25,23,31
2010-12,Thames Valley Police,N128,5,0,3,8,23,25
2010-12,Thames Valley Police,N370,1,0,0,5,36,16
2010-12,Thames Valley Police,N335,5,0,4,3,12,12
2010-12,Thames Valley Police,N127,0,0,2,8,19,18
2010-12,Thames Valley Police,N126,12,0,12,8,9,27
2010-12,Thames Valley Police,N121,4,1,5,8,19,8
2010-12,Thames Valley Police,N331,1,0,2,4,6,3
2010-12,Thames Valley Police,N123,16,1,3,6,13,25
2010-12,Thames Valley Police,N333,3,0,2,4,9,16
2010-12,Thames Valley Police,N160,0,0,1,6,3,9
2010-12,Thames Valley Police,N159,6,0,0,7,18,8
2010-12,Thames Valley Police,N199,28,0,19,17,21,49
2010-12,Thames Valley Police,N208,19,1,8,29,34,33
2010-12,Thames Valley Police,N186,6,0,8,22,29,26
2010-12,Thames Valley Police,N209,13,2,6,29,21,25
2010-12,Thames Valley Police,N240,11,0,3,9,25,12
2010-12,Thames Valley Police,N241,2,0,3,5,11,11
2010-12,Thames Valley Police,N242,34,3,5,10,15,49
2010-12,Thames Valley Police,N243,2,1,15,45,65,90
2010-12,Thames Valley Police,N244,2,0,0,4,8,10
2010-12,Thames Valley Police,N245,9,0,5,9,22,26
2010-12,Thames Valley Police,N246,6,0,8,14,12,16
2010-12,Thames Valley Police,N247,6,0,10,0,4,15
2010-12,Thames Valley Police,N248,1,0,0,1,0,5
2010-12,Thames Valley Police,N249,0,0,0,1,5,2
2010-12,Thames Valley Police,N158,3,0,1,8,6,9
2010-12,Thames Valley Police,N327,4,0,4,14,13,27
2010-12,Thames Valley Police,N329,4,0,2,6,9,8
2010-12,Thames Valley Police,N328,2,2,3,8,11,19
2010-12,Thames Valley Police,N150,14,0,6,8,25,20
2010-12,Thames Valley Police,N326,3,0,6,13,24,21
2010-12,Thames Valley Police,N152,2,0,4,11,15,27
2010-12,Thames Valley Police,N324,2,0,1,0,2,15
2010-12,Thames Valley Police,N323,8,0,6,7,16,24
2010-12,Thames Valley Police,N155,1,0,1,0,2,3
2010-12,Thames Valley Police,N156,9,0,7,12,31,19
2010-12,Thames Valley Police,N320,7,0,2,3,7,12
2010-12,Thames Valley Police,N153,3,0,1,2,10,14
2010-12,Thames Valley Police,N145,14,0,3,7,16,23
2010-12,Thames Valley Police,N118,9,2,18,25,28,39
2010-12,Thames Valley Police,N325,5,0,2,4,4,12
2010-12,Thames Valley Police,N322,3,0,2,3,11,26
2010-12,Thames Valley Police,N119,1,0,1,2,8,10
2010-12,Thames Valley Police,N169,10,0,3,4,18,10
2010-12,Thames Valley Police,N321,6,2,5,5,9,20
2010-12,Thames Valley Police,N176,4,0,0,4,13,20
2010-12,Thames Valley Police,N168,8,2,21,8,7,24
2010-12,Thames Valley Police,N157,1,0,0,5,11,6
2010-12,Thames Valley Police,N253,23,3,12,23,42,38
2010-12,Thames Valley Police,N252,5,0,6,5,23,42
2010-12,Thames Valley Police,N251,5,1,6,11,34,20
2010-12,Thames Valley Police,N250,7,0,5,2,1,2
2010-12,Thames Valley Police,N257,6,0,3,1,7,8
2010-12,Thames Valley Police,N256,4,0,6,2,7,8
2010-12,Thames Valley Police,N254,10,1,11,13,18,18
2010-12,Thames Valley Police,N259,3,0,3,2,21,20
2010-12,Thames Valley Police,N258,8,0,3,5,19,25
2010-12,Thames Valley Police,N149,19,0,3,7,12,19
2010-12,Thames Valley Police,N148,3,0,1,4,10,10
2010-12,Thames Valley Police,N315,2,0,0,8,13,11
2010-12,Thames Valley Police,N312,8,0,3,14,20,26
2010-12,Thames Valley Police,N313,5,0,14,16,19,34
2010-12,Thames Valley Police,N310,7,0,8,3,14,8
2010-12,Thames Valley Police,N276,4,1,3,3,10,18
2010-12,Thames Valley Police,N316,2,0,0,2,16,9
2010-12,Thames Valley Police,N146,14,1,14,24,38,28
2010-12,Thames Valley Police,N314,14,2,6,5,11,13
2010-12,Thames Valley Police,N144,4,0,2,4,11,13
2010-12,Thames Valley Police,N334,5,0,2,6,9,6
2010-12,Thames Valley Police,N263,4,0,4,18,32,15
2010-12,Thames Valley Police,N142,2,0,2,5,11,14
2010-12,Thames Valley Police,N182,32,1,13,8,29,49
2010-12,Thames Valley Police,N339,3,0,2,6,20,18
