Month,Force,Neighbourhood,Burglary,Robbery,Vehicle crime,Violent crime,Anti-social behaviour,Other crime
2010-12,South Wales Police,216,0,0,1,1,3,0
2010-12,South Wales Police,217,11,0,10,8,86,47
2010-12,South Wales Police,214,0,0,0,2,6,4
2010-12,South Wales Police,215,0,0,0,0,3,0
2010-12,South Wales Police,224,1,0,0,3,3,1
2010-12,South Wales Police,213,9,1,6,11,52,24
2010-12,South Wales Police,210,0,0,1,2,3,1
2010-12,South Wales Police,211,3,0,5,10,52,13
2010-12,South Wales Police,218,4,0,1,2,33,10
2010-12,South Wales Police,219,0,0,1,0,7,4
2010-12,South Wales Police,133,1,0,3,2,3,1
2010-12,South Wales Police,132,0,0,0,1,7,7
2010-12,South Wales Police,131,1,0,6,0,5,5
2010-12,South Wales Police,130,0,0,2,1,14,6
2010-12,South Wales Police,137,5,1,0,2,26,18
2010-12,South Wales Police,136,0,0,0,6,19,7
2010-12,South Wales Police,135,0,0,1,0,4,4
2010-12,South Wales Police,165,0,0,0,1,0,1
2010-12,South Wales Police,212,0,0,1,4,5,5
2010-12,South Wales Police,139,4,0,1,4,29,5
2010-12,South Wales Police,166,0,0,0,2,5,0
2010-12,South Wales Police,24,1,0,3,1,11,12
2010-12,South Wales Police,25,0,0,1,3,22,6
2010-12,South Wales Police,26,0,0,0,2,8,7
2010-12,South Wales Police,27,1,0,5,7,35,10
2010-12,South Wales Police,20,1,0,0,4,12,3
2010-12,South Wales Police,21,3,0,1,5,19,9
2010-12,South Wales Police,22,1,0,0,5,24,12
2010-12,South Wales Police,23,0,0,3,11,26,5
2010-12,South Wales Police,223,0,0,2,5,5,5
2010-12,South Wales Police,198,7,0,4,4,30,20
2010-12,South Wales Police,28,4,0,2,4,24,9
2010-12,South Wales Police,29,1,0,1,5,14,3
2010-12,South Wales Police,222,3,1,11,22,89,51
2010-12,South Wales Police,4,1,0,13,2,42,14
2010-12,South Wales Police,161,2,0,0,3,10,4
2010-12,South Wales Police,8,5,0,3,5,26,8
2010-12,South Wales Police,163,0,0,0,0,3,1
2010-12,South Wales Police,119,2,0,0,2,6,4
2010-12,South Wales Police,120,1,0,3,5,29,6
2010-12,South Wales Police,121,3,0,0,0,4,0
2010-12,South Wales Police,122,0,0,2,3,9,1
2010-12,South Wales Police,123,1,0,0,8,18,8
2010-12,South Wales Police,124,3,0,3,10,56,26
2010-12,South Wales Police,125,0,0,0,5,2,0
2010-12,South Wales Police,126,0,0,0,0,2,1
2010-12,South Wales Police,127,1,0,2,1,2,1
2010-12,South Wales Police,128,4,0,1,5,45,13
2010-12,South Wales Police,129,0,0,2,0,18,3
2010-12,South Wales Police,220,0,0,0,1,15,5
2010-12,South Wales Police,118,1,0,0,0,4,4
2010-12,South Wales Police,59,4,0,3,10,21,21
2010-12,South Wales Police,58,4,0,2,5,25,7
2010-12,South Wales Police,55,2,0,0,5,20,14
2010-12,South Wales Police,54,2,0,2,3,11,7
2010-12,South Wales Police,57,2,0,2,5,20,7
2010-12,South Wales Police,56,3,0,4,4,17,14
2010-12,South Wales Police,51,0,0,2,2,21,24
2010-12,South Wales Police,50,2,0,1,1,17,8
2010-12,South Wales Police,53,1,0,3,5,34,10
2010-12,South Wales Police,52,1,0,2,4,26,12
2010-12,South Wales Police,164,3,0,1,6,26,3
2010-12,South Wales Police,201,7,0,5,18,61,31
2010-12,South Wales Police,199,15,4,16,121,382,274
2010-12,South Wales Police,179,0,0,1,0,3,1
2010-12,South Wales Police,200,2,0,2,2,28,18
2010-12,South Wales Police,195,0,0,0,0,5,2
2010-12,South Wales Police,194,0,0,2,0,3,4
2010-12,South Wales Police,197,0,0,1,1,8,0
2010-12,South Wales Police,196,0,0,1,0,11,7
2010-12,South Wales Police,191,4,0,1,3,19,15
2010-12,South Wales Police,190,5,0,2,5,30,17
2010-12,South Wales Police,193,3,0,0,3,22,12
2010-12,South Wales Police,192,0,0,0,2,6,3
2010-12,South Wales Police,115,2,0,1,1,7,13
2010-12,South Wales Police,114,1,0,2,4,4,5
2010-12,South Wales Police,88,7,2,10,15,66,47
2010-12,South Wales Police,89,6,0,10,5,53,24
2010-12,South Wales Police,111,6,0,1,5,15,8
2010-12,South Wales Police,110,1,0,0,2,8,5
2010-12,South Wales Police,113,6,0,2,2,18,7
2010-12,South Wales Police,112,0,0,0,1,6,2
2010-12,South Wales Police,82,0,0,0,0,13,2
2010-12,South Wales Police,83,9,0,11,7,34,45
2010-12,South Wales Police,80,4,0,7,15,77,25
2010-12,South Wales Police,81,14,1,20,16,77,48
2010-12,South Wales Police,86,0,0,1,1,14,5
2010-12,South Wales Police,87,1,0,2,3,22,10
2010-12,South Wales Police,84,17,2,19,16,90,84
2010-12,South Wales Police,85,16,0,19,7,46,22
2010-12,South Wales Police,207,2,0,3,0,22,5
2010-12,South Wales Police,206,1,0,2,1,2,1
2010-12,South Wales Police,226,1,0,1,5,17,6
2010-12,South Wales Police,172,0,0,0,2,15,8
2010-12,South Wales Police,3,2,1,6,4,35,18
2010-12,South Wales Police,7,4,0,8,3,20,6
2010-12,South Wales Police,225,0,0,0,5,6,9
2010-12,South Wales Police,178,2,0,0,3,2,1
2010-12,South Wales Police,108,1,0,0,3,11,2
2010-12,South Wales Police,109,0,0,0,3,16,0
2010-12,South Wales Police,102,1,0,2,7,24,19
2010-12,South Wales Police,103,4,0,6,19,19,16
2010-12,South Wales Police,100,1,0,1,1,16,9
2010-12,South Wales Police,101,0,0,1,4,20,9
2010-12,South Wales Police,106,2,0,1,2,16,10
2010-12,South Wales Police,107,0,0,1,0,4,10
2010-12,South Wales Police,104,5,0,4,4,8,4
2010-12,South Wales Police,105,0,0,1,0,4,4
2010-12,South Wales Police,39,0,0,2,7,19,9
2010-12,South Wales Police,38,1,0,5,5,27,4
2010-12,South Wales Police,33,2,0,0,2,11,3
2010-12,South Wales Police,32,0,0,0,1,6,4
2010-12,South Wales Police,31,1,0,0,2,10,3
2010-12,South Wales Police,30,1,0,0,1,15,6
2010-12,South Wales Police,37,0,1,1,3,31,7
2010-12,South Wales Police,36,0,0,4,2,15,2
2010-12,South Wales Police,35,3,0,0,3,12,9
2010-12,South Wales Police,34,2,0,1,2,13,17
2010-12,South Wales Police,162,0,0,0,2,16,10
2010-12,South Wales Police,160,0,0,1,5,17,3
2010-12,South Wales Police,205,1,0,0,8,21,15
2010-12,South Wales Police,176,0,0,0,1,1,2
2010-12,South Wales Police,60,2,0,1,3,3,5
2010-12,South Wales Police,61,0,0,1,7,15,2
2010-12,South Wales Police,62,1,0,0,0,14,2
2010-12,South Wales Police,63,0,0,0,7,30,8
2010-12,South Wales Police,64,18,0,21,19,70,54
2010-12,South Wales Police,65,7,2,18,14,61,65
2010-12,South Wales Police,66,7,0,6,12,79,45
2010-12,South Wales Police,67,5,2,7,15,34,46
2010-12,South Wales Police,68,23,4,20,131,258,384
2010-12,South Wales Police,69,0,0,4,2,5,2
2010-12,South Wales Police,175,2,0,3,1,16,5
2010-12,South Wales Police,174,1,0,0,0,8,1
2010-12,South Wales Police,173,1,0,1,1,4,6
2010-12,South Wales Police,177,1,0,1,1,2,1
2010-12,South Wales Police,171,1,0,0,0,0,3
2010-12,South Wales Police,170,0,0,1,0,7,1
2010-12,South Wales Police,203,0,0,0,0,10,2
2010-12,South Wales Police,181,7,0,1,8,18,14
2010-12,South Wales Police,182,5,0,0,18,66,46
2010-12,South Wales Police,183,1,0,3,2,20,5
2010-12,South Wales Police,180,2,0,1,1,11,9
2010-12,South Wales Police,2,3,0,5,9,45,11
2010-12,South Wales Police,167,1,0,0,2,14,6
2010-12,South Wales Police,187,5,0,7,21,55,33
2010-12,South Wales Police,184,1,0,1,1,8,4
2010-12,South Wales Police,6,1,1,13,4,27,17
2010-12,South Wales Police,186,0,0,0,6,19,9
2010-12,South Wales Police,188,1,0,0,2,10,4
2010-12,South Wales Police,189,0,0,0,0,4,1
2010-12,South Wales Police,202,3,0,7,6,33,28
2010-12,South Wales Police,221,0,0,1,0,14,4
2010-12,South Wales Police,185,0,0,0,0,0,2
2010-12,South Wales Police,99,1,0,0,0,7,4
2010-12,South Wales Police,98,3,0,2,6,12,14
2010-12,South Wales Police,168,1,0,1,0,2,3
2010-12,South Wales Police,169,3,0,1,1,15,10
2010-12,South Wales Police,229,6,0,5,6,45,22
2010-12,South Wales Police,228,5,0,1,5,40,20
2010-12,South Wales Police,91,8,1,8,21,102,41
2010-12,South Wales Police,90,21,1,11,14,81,59
2010-12,South Wales Police,93,2,0,3,8,17,15
2010-12,South Wales Police,92,18,0,11,8,57,28
2010-12,South Wales Police,95,5,0,4,8,44,27
2010-12,South Wales Police,94,2,0,2,10,33,28
2010-12,South Wales Police,97,0,0,0,5,6,6
2010-12,South Wales Police,96,4,1,1,5,38,24
2010-12,South Wales Police,11,1,0,8,1,21,1
2010-12,South Wales Police,10,0,0,4,3,20,8
2010-12,South Wales Police,13,2,0,1,4,27,8
2010-12,South Wales Police,12,2,0,0,2,25,6
2010-12,South Wales Police,15,2,0,1,25,57,27
2010-12,South Wales Police,14,2,0,3,8,41,13
2010-12,South Wales Police,17,0,0,0,6,8,4
2010-12,South Wales Police,16,6,0,4,5,45,14
2010-12,South Wales Police,19,2,0,1,2,13,3
2010-12,South Wales Police,18,2,0,2,1,10,7
2010-12,South Wales Police,117,0,0,0,1,1,4
2010-12,South Wales Police,116,0,0,0,3,2,2
2010-12,South Wales Police,204,2,0,1,0,6,2
2010-12,South Wales Police,151,4,0,1,9,21,17
2010-12,South Wales Police,150,2,0,1,7,27,13
2010-12,South Wales Police,153,0,0,0,1,4,9
2010-12,South Wales Police,152,0,0,0,0,3,4
2010-12,South Wales Police,155,10,0,2,6,63,28
2010-12,South Wales Police,154,2,0,1,2,15,9
2010-12,South Wales Police,157,0,0,0,0,8,2
2010-12,South Wales Police,156,0,0,0,0,1,1
2010-12,South Wales Police,159,1,0,0,0,2,4
2010-12,South Wales Police,158,2,0,0,9,22,6
2010-12,South Wales Police,322,3,0,3,27,106,52
2010-12,South Wales Police,227,1,0,4,8,30,10
2010-12,South Wales Police,230,13,0,8,13,57,26
2010-12,South Wales Police,231,0,0,0,1,6,0
2010-12,South Wales Police,232,1,3,1,4,15,6
2010-12,South Wales Police,48,2,1,5,2,11,7
2010-12,South Wales Police,49,1,0,3,4,14,26
2010-12,South Wales Police,46,1,0,3,0,12,5
2010-12,South Wales Police,47,2,0,3,2,37,13
2010-12,South Wales Police,44,3,0,4,5,26,18
2010-12,South Wales Police,45,2,0,0,2,8,4
2010-12,South Wales Police,42,0,0,0,3,20,8
2010-12,South Wales Police,43,0,0,1,19,23,28
2010-12,South Wales Police,40,1,0,2,9,23,18
2010-12,South Wales Police,41,1,0,0,1,12,6
2010-12,South Wales Police,1,0,0,3,3,24,8
2010-12,South Wales Police,5,2,0,2,5,26,10
2010-12,South Wales Police,9,2,0,8,16,89,48
2010-12,South Wales Police,146,1,0,3,0,8,5
2010-12,South Wales Police,147,0,0,0,0,3,1
2010-12,South Wales Police,144,2,0,3,5,23,34
2010-12,South Wales Police,145,1,0,0,3,6,2
2010-12,South Wales Police,142,1,0,2,1,7,3
2010-12,South Wales Police,143,0,0,1,1,11,5
2010-12,South Wales Police,140,4,0,1,2,29,12
2010-12,South Wales Police,141,0,0,0,0,9,3
2010-12,South Wales Police,209,0,0,0,0,2,2
2010-12,South Wales Police,208,0,0,0,2,6,5
2010-12,South Wales Police,148,0,0,0,3,17,4
2010-12,South Wales Police,149,0,0,0,2,18,10
2010-12,South Wales Police,77,1,0,1,3,22,11
2010-12,South Wales Police,76,1,0,0,0,7,2
2010-12,South Wales Police,75,3,0,10,12,38,22
2010-12,South Wales Police,74,20,2,17,21,86,90
2010-12,South Wales Police,73,8,0,10,1,16,25
2010-12,South Wales Police,72,5,0,7,13,95,30
2010-12,South Wales Police,71,2,0,6,31,99,62
2010-12,South Wales Police,70,7,0,7,1,24,13
2010-12,South Wales Police,79,4,0,10,7,40,23
2010-12,South Wales Police,78,6,0,2,11,48,22
2010-12,South Wales Police,326,0,0,0,3,4,3
