Month,Force,Neighbourhood,Burglary,Robbery,Vehicle crime,Violent crime,Anti-social behaviour,Other crime
2010-12,Nottinghamshire Police,31-197,6,0,0,0,5,2
2010-12,Nottinghamshire Police,31-196,0,0,1,0,7,2
2010-12,Nottinghamshire Police,31-191,2,0,0,3,22,8
2010-12,Nottinghamshire Police,31-220,4,0,0,5,7,15
2010-12,Nottinghamshire Police,31-80,0,0,0,0,0,0
2010-12,Nottinghamshire Police,31-82,4,1,1,7,29,19
2010-12,Nottinghamshire Police,31-83,5,2,5,7,41,32
2010-12,Nottinghamshire Police,31-84,3,0,1,3,11,20
2010-12,Nottinghamshire Police,31-85,3,0,1,4,35,13
2010-12,Nottinghamshire Police,31-86,1,0,2,0,3,4
2010-12,Nottinghamshire Police,31-87,2,0,2,4,6,21
2010-12,Nottinghamshire Police,31-88,6,1,2,6,17,9
2010-12,Nottinghamshire Police,31-89,2,0,1,10,17,4
2010-12,Nottinghamshire Police,31-108,4,0,6,3,30,15
2010-12,Nottinghamshire Police,31-109,9,0,5,6,29,20
2010-12,Nottinghamshire Police,31-100,4,0,2,19,18,10
2010-12,Nottinghamshire Police,31-101,4,0,0,6,14,8
2010-12,Nottinghamshire Police,31-102,4,1,1,43,55,70
2010-12,Nottinghamshire Police,31-103,2,0,3,7,34,8
2010-12,Nottinghamshire Police,31-104,4,1,2,6,33,28
2010-12,Nottinghamshire Police,31-105,4,0,0,6,12,5
2010-12,Nottinghamshire Police,31-106,1,0,0,8,7,12
2010-12,Nottinghamshire Police,31-107,4,0,2,7,20,10
2010-12,Nottinghamshire Police,31-78,13,0,4,12,70,44
2010-12,Nottinghamshire Police,31-117,8,3,3,13,50,27
2010-12,Nottinghamshire Police,31-116,13,1,2,5,21,25
2010-12,Nottinghamshire Police,31-115,0,1,8,3,18,17
2010-12,Nottinghamshire Police,31-114,7,1,8,6,15,16
2010-12,Nottinghamshire Police,31-113,5,0,1,1,11,10
2010-12,Nottinghamshire Police,31-112,3,1,3,3,14,38
2010-12,Nottinghamshire Police,31-111,3,0,1,0,17,13
2010-12,Nottinghamshire Police,31-110,8,0,0,9,25,19
2010-12,Nottinghamshire Police,31-75,4,0,2,5,25,13
2010-12,Nottinghamshire Police,31-119,0,1,0,1,10,9
2010-12,Nottinghamshire Police,31-118,5,0,1,7,21,3
2010-12,Nottinghamshire Police,31-214,3,0,1,1,5,2
2010-12,Nottinghamshire Police,31-216,2,0,0,1,8,7
2010-12,Nottinghamshire Police,31-217,1,2,4,0,6,3
2010-12,Nottinghamshire Police,31-210,1,1,3,2,13,14
2010-12,Nottinghamshire Police,31-213,2,0,0,1,16,8
2010-12,Nottinghamshire Police,31-218,7,0,8,3,20,18
2010-12,Nottinghamshire Police,31-219,4,1,3,3,14,4
2010-12,Nottinghamshire Police,31-162,1,0,2,12,37,28
2010-12,Nottinghamshire Police,31-160,2,1,8,7,23,11
2010-12,Nottinghamshire Police,31-161,4,4,1,8,25,24
2010-12,Nottinghamshire Police,31-166,6,0,6,18,45,35
2010-12,Nottinghamshire Police,31-68,8,0,5,9,14,11
2010-12,Nottinghamshire Police,31-69,2,0,0,5,16,8
2010-12,Nottinghamshire Police,31-66,3,0,4,5,13,12
2010-12,Nottinghamshire Police,31-67,6,0,3,6,27,30
2010-12,Nottinghamshire Police,31-65,0,0,0,0,0,0
2010-12,Nottinghamshire Police,31-61,7,0,4,8,30,22
2010-12,Nottinghamshire Police,31-202,5,0,0,9,23,17
2010-12,Nottinghamshire Police,31-200,3,1,11,9,33,28
2010-12,Nottinghamshire Police,31-206,5,0,4,3,17,4
2010-12,Nottinghamshire Police,31-204,2,0,2,8,16,10
2010-12,Nottinghamshire Police,31-265,5,0,6,3,10,11
2010-12,Nottinghamshire Police,31-264,3,0,0,1,15,20
2010-12,Nottinghamshire Police,31-267,12,1,16,13,76,27
2010-12,Nottinghamshire Police,31-266,0,0,3,1,14,6
2010-12,Nottinghamshire Police,31-261,5,0,5,3,12,16
2010-12,Nottinghamshire Police,31-260,14,0,4,8,28,21
2010-12,Nottinghamshire Police,31-262,1,0,2,1,9,4
2010-12,Nottinghamshire Police,31-7,4,0,1,2,0,0
2010-12,Nottinghamshire Police,31-269,3,0,2,7,23,13
2010-12,Nottinghamshire Police,31-268,4,0,3,13,36,9
2010-12,Nottinghamshire Police,31-6,11,0,2,4,39,21
2010-12,Nottinghamshire Police,31-171,4,0,4,2,10,12
2010-12,Nottinghamshire Police,31-173,1,0,1,6,18,9
2010-12,Nottinghamshire Police,31-172,3,0,2,3,11,12
2010-12,Nottinghamshire Police,31-177,4,0,1,2,5,11
2010-12,Nottinghamshire Police,31-179,5,0,3,4,15,6
2010-12,Nottinghamshire Police,31-178,1,2,1,1,5,8
2010-12,Nottinghamshire Police,31-51,6,3,6,16,29,29
2010-12,Nottinghamshire Police,31-56,1,0,2,9,24,7
2010-12,Nottinghamshire Police,31-55,6,0,8,7,16,22
2010-12,Nottinghamshire Police,31-54,3,1,7,5,15,23
2010-12,Nottinghamshire Police,31-250,11,0,2,4,19,10
2010-12,Nottinghamshire Police,31-251,7,0,3,6,11,19
2010-12,Nottinghamshire Police,31-252,3,0,3,6,21,19
2010-12,Nottinghamshire Police,31-253,7,0,5,9,68,21
2010-12,Nottinghamshire Police,31-254,2,0,5,1,9,7
2010-12,Nottinghamshire Police,31-255,5,0,3,2,17,8
2010-12,Nottinghamshire Police,31-256,2,0,4,1,23,11
2010-12,Nottinghamshire Police,31-258,0,0,0,0,0,0
2010-12,Nottinghamshire Police,31-259,6,1,3,3,16,24
2010-12,Nottinghamshire Police,31-44,7,1,3,6,29,18
2010-12,Nottinghamshire Police,31-46,10,0,8,13,45,38
2010-12,Nottinghamshire Police,31-47,5,1,2,16,70,60
2010-12,Nottinghamshire Police,31-40,2,0,0,3,7,4
2010-12,Nottinghamshire Police,31-43,3,0,4,2,25,14
2010-12,Nottinghamshire Police,31-148,6,3,4,4,8,20
2010-12,Nottinghamshire Police,31-149,3,0,2,2,28,9
2010-12,Nottinghamshire Police,31-144,1,3,16,21,53,71
2010-12,Nottinghamshire Police,31-145,17,2,3,42,118,201
2010-12,Nottinghamshire Police,31-146,3,7,9,21,43,124
2010-12,Nottinghamshire Police,31-147,6,0,8,1,12,4
2010-12,Nottinghamshire Police,31-140,1,2,0,5,43,33
2010-12,Nottinghamshire Police,31-141,3,1,9,1,12,3
2010-12,Nottinghamshire Police,31-142,8,1,3,2,19,25
2010-12,Nottinghamshire Police,31-143,7,1,2,25,47,120
2010-12,Nottinghamshire Police,31-249,1,0,1,4,3,2
2010-12,Nottinghamshire Police,31-248,1,1,4,3,29,15
2010-12,Nottinghamshire Police,31-247,4,1,1,12,40,36
2010-12,Nottinghamshire Police,31-246,1,0,3,2,6,3
2010-12,Nottinghamshire Police,31-245,0,1,3,7,32,19
2010-12,Nottinghamshire Police,31-244,4,1,1,6,20,5
2010-12,Nottinghamshire Police,31-243,5,0,5,4,6,10
2010-12,Nottinghamshire Police,31-242,3,0,0,0,10,1
2010-12,Nottinghamshire Police,31-241,0,0,2,2,8,5
2010-12,Nottinghamshire Police,31-240,3,0,1,2,10,8
2010-12,Nottinghamshire Police,31-30,4,0,2,12,38,31
2010-12,Nottinghamshire Police,31-33,2,0,2,0,3,7
2010-12,Nottinghamshire Police,31-32,1,0,2,2,6,1
2010-12,Nottinghamshire Police,31-34,1,0,3,0,7,4
2010-12,Nottinghamshire Police,31-36,1,0,0,5,0,2
2010-12,Nottinghamshire Police,31-159,4,4,10,1,13,10
2010-12,Nottinghamshire Police,31-158,3,4,2,12,26,16
2010-12,Nottinghamshire Police,31-153,0,0,0,4,5,15
2010-12,Nottinghamshire Police,31-152,4,1,1,12,35,16
2010-12,Nottinghamshire Police,31-151,5,0,2,12,32,25
2010-12,Nottinghamshire Police,31-150,2,3,3,7,42,31
2010-12,Nottinghamshire Police,31-157,2,4,3,3,9,9
2010-12,Nottinghamshire Police,31-156,4,0,4,7,19,15
2010-12,Nottinghamshire Police,31-155,0,3,9,4,19,22
2010-12,Nottinghamshire Police,31-154,1,0,0,0,4,2
2010-12,Nottinghamshire Police,31-53,4,0,3,2,33,16
2010-12,Nottinghamshire Police,31-52,5,0,2,12,25,23
2010-12,Nottinghamshire Police,31-238,3,0,0,5,12,11
2010-12,Nottinghamshire Police,31-239,8,0,7,30,67,54
2010-12,Nottinghamshire Police,31-233,1,0,2,0,0,1
2010-12,Nottinghamshire Police,31-230,2,0,0,0,2,8
2010-12,Nottinghamshire Police,31-231,8,0,4,1,14,2
2010-12,Nottinghamshire Police,31-237,9,0,6,23,60,35
2010-12,Nottinghamshire Police,31-235,3,0,3,0,3,3
2010-12,Nottinghamshire Police,31-26,4,0,5,4,36,17
2010-12,Nottinghamshire Police,31-27,5,0,2,12,32,30
2010-12,Nottinghamshire Police,31-24,10,0,4,11,40,17
2010-12,Nottinghamshire Police,31-28,4,0,2,3,20,15
2010-12,Nottinghamshire Police,31-128,4,0,6,8,33,33
2010-12,Nottinghamshire Police,31-129,10,0,1,2,10,8
2010-12,Nottinghamshire Police,31-126,4,2,4,4,12,9
2010-12,Nottinghamshire Police,31-127,7,0,4,13,52,24
2010-12,Nottinghamshire Police,31-124,2,0,1,6,23,9
2010-12,Nottinghamshire Police,31-125,4,0,7,2,8,4
2010-12,Nottinghamshire Police,31-122,11,4,4,12,38,31
2010-12,Nottinghamshire Police,31-123,4,0,5,2,16,16
2010-12,Nottinghamshire Police,31-120,2,0,2,10,27,16
2010-12,Nottinghamshire Police,31-121,6,2,5,5,29,24
2010-12,Nottinghamshire Police,31-180,3,0,2,3,9,9
2010-12,Nottinghamshire Police,31-181,1,0,1,2,19,29
2010-12,Nottinghamshire Police,31-182,3,0,2,1,5,4
2010-12,Nottinghamshire Police,31-183,4,1,6,3,14,2
2010-12,Nottinghamshire Police,31-184,0,0,2,1,11,3
2010-12,Nottinghamshire Police,31-185,4,0,4,11,19,16
2010-12,Nottinghamshire Police,31-186,5,0,0,0,2,10
2010-12,Nottinghamshire Police,31-187,2,0,0,3,29,21
2010-12,Nottinghamshire Police,31-188,2,0,2,0,7,3
2010-12,Nottinghamshire Police,31-189,2,0,1,2,15,9
2010-12,Nottinghamshire Police,31-223,11,0,1,1,17,8
2010-12,Nottinghamshire Police,31-222,0,0,3,0,0,1
2010-12,Nottinghamshire Police,31-18,0,0,0,0,0,0
2010-12,Nottinghamshire Police,31-14,3,0,2,0,7,3
2010-12,Nottinghamshire Police,31-12,1,0,0,7,16,21
2010-12,Nottinghamshire Police,31-11,0,0,1,3,11,9
2010-12,Nottinghamshire Police,31-97,2,1,6,6,25,13
2010-12,Nottinghamshire Police,31-94,1,0,1,6,30,17
2010-12,Nottinghamshire Police,31-93,2,0,2,5,18,6
2010-12,Nottinghamshire Police,31-92,4,1,4,7,20,8
2010-12,Nottinghamshire Police,31-91,0,0,3,3,7,9
2010-12,Nottinghamshire Police,31-90,3,0,3,7,27,7
2010-12,Nottinghamshire Police,31-59,5,0,9,8,24,12
2010-12,Nottinghamshire Police,31-98,2,0,3,6,37,11
2010-12,Nottinghamshire Police,31-139,10,3,3,10,25,29
2010-12,Nottinghamshire Police,31-138,4,8,1,3,15,22
2010-12,Nottinghamshire Police,31-135,2,1,3,3,12,19
2010-12,Nottinghamshire Police,31-134,0,0,0,0,0,0
2010-12,Nottinghamshire Police,31-137,4,6,2,1,23,12
2010-12,Nottinghamshire Police,31-136,11,1,5,2,15,12
2010-12,Nottinghamshire Police,31-131,1,1,1,2,19,14
2010-12,Nottinghamshire Police,31-130,0,0,1,5,14,27
2010-12,Nottinghamshire Police,31-133,8,7,4,5,35,28
2010-12,Nottinghamshire Police,31-132,7,0,2,5,10,7
