Month,Force,Neighbourhood,Burglary,Robbery,Vehicle crime,Violent crime,Anti-social behaviour,Other crime
2010-12,South Yorkshire,KD4,15,0,11,9,95,41
2010-12,South Yorkshire,KC2,20,0,9,18,93,23
2010-12,South Yorkshire,CB2,16,2,15,16,129,54
2010-12,South Yorkshire,CB3,16,1,34,17,197,64
2010-12,South Yorkshire,KA1,12,3,36,51,233,83
2010-12,South Yorkshire,CB1,10,2,19,12,191,58
2010-12,South Yorkshire,KC1,10,0,13,12,88,27
2010-12,South Yorkshire,KC3,12,0,10,15,67,25
2010-12,South Yorkshire,KA4,24,2,21,21,147,66
2010-12,South Yorkshire,KE4,10,0,15,13,124,34
2010-12,South Yorkshire,KE3,12,3,7,5,76,21
2010-12,South Yorkshire,KE2,24,1,40,16,158,65
2010-12,South Yorkshire,KE1,9,0,11,7,73,37
2010-12,South Yorkshire,AA5,0,0,4,2,12,9
2010-12,South Yorkshire,AD2,15,0,5,15,99,38
2010-12,South Yorkshire,AD3,9,0,6,6,32,16
2010-12,South Yorkshire,AD1,24,0,12,11,76,24
2010-12,South Yorkshire,KL4,7,2,3,10,94,43
2010-12,South Yorkshire,AB1,11,0,7,20,124,53
2010-12,South Yorkshire,AB2,31,0,16,23,116,68
2010-12,South Yorkshire,AB3,14,0,12,10,76,42
2010-12,South Yorkshire,BD1,4,0,12,7,71,17
2010-12,South Yorkshire,KD2,22,0,13,6,100,54
2010-12,South Yorkshire,BD3,5,0,6,8,54,20
2010-12,South Yorkshire,BD2,10,0,8,5,87,53
2010-12,South Yorkshire,BB2,22,2,4,19,131,46
2010-12,South Yorkshire,BB1,19,1,16,26,132,79
2010-12,South Yorkshire,KL1,4,0,10,8,85,14
2010-12,South Yorkshire,KF4,12,1,3,3,66,10
2010-12,South Yorkshire,KF2,4,0,9,2,31,14
2010-12,South Yorkshire,KF3,9,0,9,1,45,13
2010-12,South Yorkshire,KF1,10,1,8,2,43,13
2010-12,South Yorkshire,KL3,6,0,11,4,62,28
2010-12,South Yorkshire,KA2,25,6,27,25,181,79
2010-12,South Yorkshire,KB2,11,0,22,21,133,51
2010-12,South Yorkshire,KB3,18,2,21,11,138,56
2010-12,South Yorkshire,KB1,31,1,40,35,181,159
2010-12,South Yorkshire,KD1,39,6,55,96,488,353
2010-12,South Yorkshire,KB4,17,2,13,19,88,31
2010-12,South Yorkshire,KD3,23,3,11,27,147,69
2010-12,South Yorkshire,AE1,20,0,13,20,99,48
2010-12,South Yorkshire,KA3,9,0,15,17,134,61
2010-12,South Yorkshire,AE3,6,0,11,8,45,26
2010-12,South Yorkshire,AE2,18,0,12,12,77,50
2010-12,South Yorkshire,BA2,16,0,14,22,110,86
2010-12,South Yorkshire,BA1,8,1,23,69,209,148
2010-12,South Yorkshire,CA2,33,1,27,21,211,102
2010-12,South Yorkshire,CA1,20,0,38,15,146,63
2010-12,South Yorkshire,CC1,25,1,40,34,204,97
2010-12,South Yorkshire,KL2,3,0,9,10,78,17
2010-12,South Yorkshire,CC3,16,0,6,21,90,66
2010-12,South Yorkshire,CC2,24,1,21,40,254,95
2010-12,South Yorkshire,AC3,36,0,15,31,50,42
2010-12,South Yorkshire,AA4,22,3,18,22,66,41
2010-12,South Yorkshire,AC1,23,0,19,19,98,59
2010-12,South Yorkshire,AA6,15,0,9,19,126,46
2010-12,South Yorkshire,AA1,18,2,11,14,86,44
2010-12,South Yorkshire,AA3,16,0,21,90,189,153
2010-12,South Yorkshire,AA2,27,0,20,20,69,57
2010-12,South Yorkshire,KC4,15,1,9,12,97,44
2010-12,South Yorkshire,BC3,6,0,11,11,96,49
2010-12,South Yorkshire,BC1,16,0,13,14,161,62
2010-12,South Yorkshire,BC2,6,1,5,7,114,47
2010-12,South Yorkshire,AC2,31,1,17,31,92,53
