Month,Force,Neighbourhood,Burglary,Robbery,Vehicle crime,Violent crime,Anti-social behaviour,Other crime
2010-12,Cheshire Constabulary,N020,4,0,0,6,24,18
2010-12,Cheshire Constabulary,N021,9,1,13,18,59,45
2010-12,Cheshire Constabulary,N022,7,1,6,8,44,19
2010-12,Cheshire Constabulary,N023,8,0,14,19,60,34
2010-12,Cheshire Constabulary,N024,4,0,0,44,104,106
2010-12,Cheshire Constabulary,N025,3,1,15,10,54,40
2010-12,Cheshire Constabulary,N008,7,0,4,4,38,18
2010-12,Cheshire Constabulary,N009,9,0,4,11,29,24
2010-12,Cheshire Constabulary,N006,2,0,5,4,15,12
2010-12,Cheshire Constabulary,N007,2,0,1,7,42,26
2010-12,Cheshire Constabulary,N004,38,2,15,62,249,196
2010-12,Cheshire Constabulary,N005,3,0,2,0,6,7
2010-12,Cheshire Constabulary,N002,12,0,11,25,87,40
2010-12,Cheshire Constabulary,N003,4,0,5,15,60,21
2010-12,Cheshire Constabulary,N001,56,0,10,19,91,58
2010-12,Cheshire Constabulary,N048,2,0,2,4,19,19
2010-12,Cheshire Constabulary,N049,23,1,18,72,213,152
2010-12,Cheshire Constabulary,N042,17,1,14,78,212,167
2010-12,Cheshire Constabulary,N043,14,0,16,24,59,52
2010-12,Cheshire Constabulary,N040,8,1,10,19,52,26
2010-12,Cheshire Constabulary,N041,8,1,5,8,50,25
2010-12,Cheshire Constabulary,N046,14,1,4,14,55,28
2010-12,Cheshire Constabulary,N047,11,0,6,8,35,31
2010-12,Cheshire Constabulary,N044,21,0,5,15,93,45
2010-12,Cheshire Constabulary,N045,15,0,5,10,29,38
2010-12,Cheshire Constabulary,N033,7,1,25,6,36,12
2010-12,Cheshire Constabulary,N026,2,0,11,8,49,30
2010-12,Cheshire Constabulary,N050,16,0,7,14,39,28
2010-12,Cheshire Constabulary,N027,7,0,13,17,85,54
2010-12,Cheshire Constabulary,N028,4,0,2,7,32,11
2010-12,Cheshire Constabulary,N029,5,1,9,11,32,15
2010-12,Cheshire Constabulary,N039,13,0,4,7,30,14
2010-12,Cheshire Constabulary,N032,16,0,18,12,34,30
2010-12,Cheshire Constabulary,N019,8,1,1,15,47,42
2010-12,Cheshire Constabulary,N018,2,0,6,8,37,51
2010-12,Cheshire Constabulary,N031,9,0,15,3,25,8
2010-12,Cheshire Constabulary,N030,2,0,8,8,26,14
2010-12,Cheshire Constabulary,N037,37,1,10,39,204,97
2010-12,Cheshire Constabulary,N036,19,0,14,19,85,42
2010-12,Cheshire Constabulary,N035,3,0,2,1,5,5
2010-12,Cheshire Constabulary,N034,9,0,12,11,55,24
2010-12,Cheshire Constabulary,N011,6,0,1,10,28,22
2010-12,Cheshire Constabulary,N010,8,0,0,6,19,15
2010-12,Cheshire Constabulary,N013,8,0,5,34,87,69
2010-12,Cheshire Constabulary,N012,5,0,1,5,36,18
2010-12,Cheshire Constabulary,N015,8,0,1,3,17,11
2010-12,Cheshire Constabulary,N014,0,0,0,5,41,12
2010-12,Cheshire Constabulary,N017,7,0,2,9,29,24
2010-12,Cheshire Constabulary,N016,5,0,4,6,16,17
2010-12,Cheshire Constabulary,N052,19,2,5,31,131,69
2010-12,Cheshire Constabulary,N038,21,4,11,29,121,108
2010-12,Cheshire Constabulary,N051,19,0,10,39,206,98
