Month,Force,Neighbourhood,Burglary,Robbery,Vehicle crime,Violent crime,Anti-social behaviour,Other crime
2010-12,Sussex Police,EW2NH30,1,0,0,3,10,9
2010-12,Sussex Police,CW2NH1,8,0,2,10,67,29
2010-12,Sussex Police,CW2NH2,7,3,2,9,38,29
2010-12,Sussex Police,ER2NH1,0,0,2,3,8,9
2010-12,Sussex Police,ER3NH38,5,0,1,2,19,6
2010-12,Sussex Police,ER3NH39,6,0,2,6,24,13
2010-12,Sussex Police,WH2NH11,8,0,2,2,25,13
2010-12,Sussex Police,WH2NH10,8,0,2,3,10,18
2010-12,Sussex Police,WW2NH6,3,0,1,7,46,21
2010-12,Sussex Police,ER3NH31,0,0,1,0,8,1
2010-12,Sussex Police,WH1NH2,1,0,2,6,29,7
2010-12,Sussex Police,ES2NH30,0,0,0,0,4,2
2010-12,Sussex Police,WW2NH12,5,0,8,9,19,14
2010-12,Sussex Police,WW2NH13,5,0,3,3,10,12
2010-12,Sussex Police,WW2NH10,2,0,2,1,39,20
2010-12,Sussex Police,WH1NH3,5,1,0,5,41,47
2010-12,Sussex Police,EW2NH22,10,0,2,4,32,9
2010-12,Sussex Police,ES1NH22,2,0,3,3,13,6
2010-12,Sussex Police,EW2NH24,0,0,0,0,5,5
2010-12,Sussex Police,WH1NH1,1,0,1,1,13,7
2010-12,Sussex Police,CC2NH4,0,0,0,2,14,10
2010-12,Sussex Police,CE2NH3,1,0,5,3,22,10
2010-12,Sussex Police,CC2NH6,3,0,2,3,29,16
2010-12,Sussex Police,CE2NH1,2,0,4,12,53,26
2010-12,Sussex Police,CE2NH6,3,1,0,2,19,10
2010-12,Sussex Police,ER2NH2,0,0,0,0,8,2
2010-12,Sussex Police,CE2NH4,1,0,0,0,4,1
2010-12,Sussex Police,CC2NH3,3,1,2,3,29,17
2010-12,Sussex Police,WW2NH7,7,0,3,8,23,26
2010-12,Sussex Police,EH3NH13,1,0,8,0,17,10
2010-12,Sussex Police,EE1NH9,9,0,6,10,34,13
2010-12,Sussex Police,EH3NH15,2,0,4,10,11,9
2010-12,Sussex Police,WH1NH7,2,0,4,8,36,12
2010-12,Sussex Police,WH1NH4,2,1,0,9,34,37
2010-12,Sussex Police,EH3NH8,1,0,0,9,42,10
2010-12,Sussex Police,EH3NH9,2,0,10,2,13,5
2010-12,Sussex Police,EW2NH36,5,0,0,1,7,4
2010-12,Sussex Police,EW2NH37,0,0,1,1,3,1
2010-12,Sussex Police,EW2NH35,2,0,2,2,8,11
2010-12,Sussex Police,EE3NH22,0,0,0,1,7,4
2010-12,Sussex Police,EW2NH33,5,0,2,2,13,14
2010-12,Sussex Police,EE3NH20,1,0,0,1,5,0
2010-12,Sussex Police,EE3NH21,1,0,1,6,9,19
2010-12,Sussex Police,EW2NH39,1,0,1,0,4,2
2010-12,Sussex Police,WR2NH4,0,2,2,8,37,2
2010-12,Sussex Police,WR4NH12,1,0,6,4,44,12
2010-12,Sussex Police,CE3NH21,6,2,8,8,52,19
2010-12,Sussex Police,ES1NH7,3,0,0,5,26,18
2010-12,Sussex Police,ES1NH6,0,0,1,3,9,1
2010-12,Sussex Police,ES1NH5,2,0,0,1,7,3
2010-12,Sussex Police,ES1NH4,1,0,1,1,6,1
2010-12,Sussex Police,ES1NH3,2,0,2,1,10,5
2010-12,Sussex Police,ES1NH2,2,0,0,3,13,7
2010-12,Sussex Police,ES1NH1,0,1,0,2,23,9
2010-12,Sussex Police,ES2NH40,0,0,0,1,8,3
2010-12,Sussex Police,ES1NH9,0,0,0,0,6,1
2010-12,Sussex Police,ES1NH8,0,0,0,0,0,0
2010-12,Sussex Police,ER1NH2,0,0,0,2,12,7
2010-12,Sussex Police,ER1NH3,0,0,0,0,4,8
2010-12,Sussex Police,ER1NH1,3,0,1,5,32,25
2010-12,Sussex Police,ER1NH6,0,0,2,0,10,4
2010-12,Sussex Police,ER1NH7,1,0,2,4,18,4
2010-12,Sussex Police,ER1NH4,0,0,0,0,1,6
2010-12,Sussex Police,ER1NH5,0,0,1,2,6,7
2010-12,Sussex Police,WR4NH11,5,0,8,7,13,6
2010-12,Sussex Police,ER1NH8,1,0,1,5,12,12
2010-12,Sussex Police,ER1NH9,1,0,0,6,31,21
2010-12,Sussex Police,WC1NH1,3,0,1,13,22,59
2010-12,Sussex Police,WR1NH2,3,0,5,11,35,24
2010-12,Sussex Police,EW2NH43,4,0,3,4,32,21
2010-12,Sussex Police,WM3NH1,1,0,3,1,11,4
2010-12,Sussex Police,WC1NH2,1,0,1,2,14,11
2010-12,Sussex Police,WH2NH9,2,0,3,1,28,17
2010-12,Sussex Police,EW2NH45,2,0,0,2,15,10
2010-12,Sussex Police,EW2NH44,1,0,1,2,11,5
2010-12,Sussex Police,WC1NH5,2,1,2,3,17,12
2010-12,Sussex Police,EH4NH7,6,0,3,7,16,2
2010-12,Sussex Police,WM3NH3,2,0,1,2,8,3
2010-12,Sussex Police,EH4NH5,1,0,4,10,48,20
2010-12,Sussex Police,EH4NH4,7,2,6,13,64,28
2010-12,Sussex Police,ER2NH17,2,0,4,1,19,15
2010-12,Sussex Police,WA3NH40,1,0,1,5,8,1
2010-12,Sussex Police,ER2NH14,1,0,1,0,3,5
2010-12,Sussex Police,CC2NH23,1,0,1,2,11,6
2010-12,Sussex Police,CC2NH22,3,0,1,4,15,4
2010-12,Sussex Police,ER2NH11,0,0,0,4,8,4
2010-12,Sussex Police,WR4NH10,4,1,7,5,34,19
2010-12,Sussex Police,WA1NH3,1,0,3,2,9,2
2010-12,Sussex Police,CE3NH13,10,0,6,5,45,13
2010-12,Sussex Police,CE3NH12,3,0,6,10,31,20
2010-12,Sussex Police,WM3NH4,4,0,2,2,15,18
2010-12,Sussex Police,CC1NH5,4,2,0,6,48,45
2010-12,Sussex Police,CC1NH4,1,1,2,7,23,11
2010-12,Sussex Police,CC1NH7,4,1,3,7,44,44
2010-12,Sussex Police,CC1NH6,4,0,1,4,24,15
2010-12,Sussex Police,CC1NH1,10,5,5,55,99,233
2010-12,Sussex Police,WW1NH3,2,0,6,1,15,20
2010-12,Sussex Police,CC1NH3,0,0,1,5,17,23
2010-12,Sussex Police,CC1NH2,6,1,3,11,58,60
2010-12,Sussex Police,EH1NH6,5,0,14,5,23,18
2010-12,Sussex Police,CC1NH8,1,0,0,4,8,7
2010-12,Sussex Police,EH1NH2,7,2,6,23,99,98
2010-12,Sussex Police,EH1NH3,3,0,5,7,25,10
2010-12,Sussex Police,ES2NH2,0,0,1,6,20,12
2010-12,Sussex Police,ES2NH3,0,0,2,8,25,12
2010-12,Sussex Police,EH1NH14,9,0,12,1,11,7
2010-12,Sussex Police,ES2NH1,1,0,4,1,9,12
2010-12,Sussex Police,ES2NH6,0,0,0,1,3,2
2010-12,Sussex Police,ES2NH7,0,0,3,12,25,10
2010-12,Sussex Police,ES2NH4,1,1,2,2,17,4
2010-12,Sussex Police,ES2NH5,0,1,1,2,8,7
2010-12,Sussex Police,WC1NH9,0,0,0,1,3,6
2010-12,Sussex Police,WC1NH8,2,0,2,4,10,10
2010-12,Sussex Police,WW1NH5,5,0,1,8,25,24
2010-12,Sussex Police,EW2NH56,0,0,0,0,10,1
2010-12,Sussex Police,WW1NH4,4,0,5,8,19,3
2010-12,Sussex Police,WC1NH3,1,0,2,9,31,27
2010-12,Sussex Police,EW2NH59,2,0,1,1,2,2
2010-12,Sussex Police,WW3NH1,1,0,0,1,13,4
2010-12,Sussex Police,EE1NH20,0,0,3,2,4,4
2010-12,Sussex Police,EH4NH16,4,0,8,1,19,13
2010-12,Sussex Police,WM3NH5,1,1,1,6,27,24
2010-12,Sussex Police,WR5NH14,1,0,7,6,27,27
2010-12,Sussex Police,WW2NH11,3,0,1,9,19,8
2010-12,Sussex Police,GA1NH1,1,0,4,7,129,88
2010-12,Sussex Police,WM1NH3,0,0,1,2,9,3
2010-12,Sussex Police,WA3NH36,0,0,2,1,8,8
2010-12,Sussex Police,EW1NH19,1,0,0,0,17,7
2010-12,Sussex Police,EW1NH18,2,0,0,1,2,2
2010-12,Sussex Police,WA3NH32,2,0,1,4,14,4
2010-12,Sussex Police,WA3NH31,2,0,1,7,18,13
2010-12,Sussex Police,WM1NH4,0,0,2,0,20,2
2010-12,Sussex Police,EW1NH12,1,0,4,3,8,1
2010-12,Sussex Police,EW1NH11,5,0,1,4,9,7
2010-12,Sussex Police,EW1NH10,2,0,1,0,6,1
2010-12,Sussex Police,EW1NH17,0,0,1,2,3,4
2010-12,Sussex Police,CW2NH20,9,3,5,19,58,40
2010-12,Sussex Police,WW2NH8,2,1,1,3,14,26
2010-12,Sussex Police,WR3NH7,5,0,1,8,29,9
2010-12,Sussex Police,WA1NH9,2,0,1,5,12,12
2010-12,Sussex Police,WA1NH8,3,0,1,12,29,16
2010-12,Sussex Police,WA1NH7,2,1,0,21,38,29
2010-12,Sussex Police,WA1NH6,2,0,3,3,32,29
2010-12,Sussex Police,WA1NH5,10,0,2,18,60,58
2010-12,Sussex Police,WA1NH4,4,0,2,16,17,22
2010-12,Sussex Police,EW2NH61,0,0,0,0,4,3
2010-12,Sussex Police,WA1NH2,0,0,1,2,5,2
2010-12,Sussex Police,WA1NH1,6,0,0,2,4,7
2010-12,Sussex Police,WW3NH4,1,0,1,2,9,11
2010-12,Sussex Police,EE1NH11,0,0,1,2,8,5
2010-12,Sussex Police,CE2NH2,0,1,0,1,7,6
2010-12,Sussex Police,EE1NH13,7,0,1,18,43,29
2010-12,Sussex Police,EE1NH12,6,0,1,54,119,122
2010-12,Sussex Police,CC2NH5,1,0,2,1,8,5
2010-12,Sussex Police,WC3NH22,2,0,5,0,15,7
2010-12,Sussex Police,WC3NH23,1,0,3,1,20,9
2010-12,Sussex Police,WC3NH20,7,0,4,7,46,16
2010-12,Sussex Police,WC3NH21,1,0,3,2,10,5
2010-12,Sussex Police,WC3NH24,0,0,1,1,10,7
2010-12,Sussex Police,EW2NH31,0,0,0,0,3,1
2010-12,Sussex Police,WC1NH4,2,0,2,6,15,14
2010-12,Sussex Police,CC2NH7,6,2,8,12,73,37
2010-12,Sussex Police,WH1NH5,3,0,0,4,28,14
2010-12,Sussex Police,WA3NH23,1,0,1,3,17,6
2010-12,Sussex Police,WM2NH6,2,0,1,2,10,3
2010-12,Sussex Police,ER2NH3,3,0,2,1,9,6
2010-12,Sussex Police,WM2NH4,3,0,8,1,24,13
2010-12,Sussex Police,WM2NH5,1,0,9,3,22,6
2010-12,Sussex Police,WM2NH2,0,1,1,0,19,9
2010-12,Sussex Police,WM2NH3,4,0,6,5,20,15
2010-12,Sussex Police,WM2NH1,5,0,7,9,38,22
2010-12,Sussex Police,EW1NH3,1,0,1,1,19,8
2010-12,Sussex Police,EW1NH2,0,0,0,1,4,3
2010-12,Sussex Police,EW1NH1,0,0,3,3,12,11
2010-12,Sussex Police,WR5NH3,0,0,3,13,69,86
2010-12,Sussex Police,EW1NH7,0,0,1,0,11,5
2010-12,Sussex Police,CC2NH2,5,1,5,9,24,19
2010-12,Sussex Police,EW1NH5,0,0,0,0,1,0
2010-12,Sussex Police,EW1NH4,0,0,0,1,13,3
2010-12,Sussex Police,CE2NH5,1,0,4,10,31,8
2010-12,Sussex Police,WW3NH14,9,0,5,4,9,10
2010-12,Sussex Police,ER3NH42,20,0,0,0,5,5
2010-12,Sussex Police,WC1NH7,0,0,1,1,11,2
2010-12,Sussex Police,WW3NH6,2,1,2,3,22,8
2010-12,Sussex Police,WA2NH12,2,0,3,8,40,30
2010-12,Sussex Police,WA2NH13,1,0,0,1,21,5
2010-12,Sussex Police,WA2NH14,6,0,4,6,47,25
2010-12,Sussex Police,WA2NH15,6,0,3,1,22,9
2010-12,Sussex Police,WA2NH16,0,0,1,5,16,6
2010-12,Sussex Police,WA2NH17,4,0,0,4,15,13
2010-12,Sussex Police,WA2NH19,5,0,2,6,21,12
2010-12,Sussex Police,WR3NH8,8,3,18,15,53,33
2010-12,Sussex Police,WW3NH9,1,1,1,0,7,5
2010-12,Sussex Police,WW3NH8,0,0,1,3,6,11
2010-12,Sussex Police,ES1NH10,1,0,1,2,11,8
2010-12,Sussex Police,WR2NH5,2,0,0,2,17,7
2010-12,Sussex Police,CC2NH8,4,1,4,13,47,32
2010-12,Sussex Police,WR2NH6,0,0,3,3,6,4
2010-12,Sussex Police,WC1NH6,0,0,1,1,7,4
2010-12,Sussex Police,WH2NH8,11,0,2,9,58,22
2010-12,Sussex Police,EE2NH16,2,1,1,8,28,22
2010-12,Sussex Police,EH2NH11,1,1,3,6,25,19
2010-12,Sussex Police,EH2NH10,4,1,4,9,22,14
2010-12,Sussex Police,EH2NH12,2,0,3,4,24,16
2010-12,Sussex Police,WW1NH1,9,1,4,32,110,104
2010-12,Sussex Police,WA1NH11,0,0,0,2,7,5
2010-12,Sussex Police,WW1NH2,4,1,3,11,23,15
2010-12,Sussex Police,EW1NH47,0,0,0,0,8,4
2010-12,Sussex Police,WW2NH9,3,0,0,5,24,14
2010-12,Sussex Police,WW3NH12,1,0,2,2,3,8
2010-12,Sussex Police,WW3NH5,1,1,0,5,9,12
2010-12,Sussex Police,WM3NH2,2,0,0,5,24,7
2010-12,Sussex Police,WR1NH1,5,0,4,8,33,18
2010-12,Sussex Police,WC2NH16,0,0,0,1,3,1
2010-12,Sussex Police,WC2NH17,0,0,0,9,7,7
2010-12,Sussex Police,WC2NH14,1,0,1,6,33,17
2010-12,Sussex Police,WC2NH15,0,0,1,1,2,1
2010-12,Sussex Police,CW1NH1,2,1,7,10,59,20
2010-12,Sussex Police,CW1NH3,4,0,8,11,39,17
2010-12,Sussex Police,CW1NH2,3,0,1,10,22,6
2010-12,Sussex Police,EH2NH1,2,0,3,6,25,14
2010-12,Sussex Police,WA2NH20,1,0,2,2,9,14
2010-12,Sussex Police,EW1NH6,1,0,0,0,2,1
2010-12,Sussex Police,WR5NH13,4,0,9,5,28,11
2010-12,Sussex Police,EW1NH20,5,0,1,0,10,1
2010-12,Sussex Police,ER2NH4,2,0,2,0,14,3
2010-12,Sussex Police,EE3NH19,2,0,2,7,16,6
2010-12,Sussex Police,EE3NH18,1,0,3,2,12,11
2010-12,Sussex Police,EE3NH15,0,0,2,8,8,16
2010-12,Sussex Police,EE3NH14,3,1,1,5,13,8
2010-12,Sussex Police,WM1NH1,1,0,2,4,17,10
2010-12,Sussex Police,EE2NH4,1,0,0,0,10,4
2010-12,Sussex Police,EE2NH5,1,0,1,5,8,11
2010-12,Sussex Police,EE2NH6,3,0,0,3,22,18
2010-12,Sussex Police,EE2NH7,1,0,1,3,10,2
2010-12,Sussex Police,WH1NH6,1,0,2,1,11,5
2010-12,Sussex Police,EE2NH1,1,0,0,2,6,3
2010-12,Sussex Police,EE2NH2,3,0,0,5,27,9
2010-12,Sussex Police,EE2NH3,4,0,1,1,24,19
2010-12,Sussex Police,WA2NH22,1,0,0,2,7,9
2010-12,Sussex Police,EE2NH8,1,0,0,0,6,4
2010-12,Sussex Police,WC2NH18,1,0,2,3,3,3
2010-12,Sussex Police,WM1NH6,4,0,5,1,12,11
2010-12,Sussex Police,WW3NH15,2,0,1,0,5,5
2010-12,Sussex Police,ER3NH46,11,0,4,1,10,4
2010-12,Sussex Police,WW3NH13,5,1,5,3,12,15
2010-12,Sussex Police,WM1NH5,6,0,7,2,18,16
2010-12,Sussex Police,WW3NH11,7,0,2,3,19,7
2010-12,Sussex Police,WW3NH10,3,0,0,3,21,16
2010-12,Sussex Police,EW1NH8,5,1,3,1,15,8
2010-12,Sussex Police,WM1NH2,2,1,3,5,37,26
2010-12,Sussex Police,CW2NH18,9,0,5,5,19,11
2010-12,Sussex Police,CW2NH19,1,2,5,6,24,11
2010-12,Sussex Police,WC2NH19,0,0,0,0,4,4
2010-12,Sussex Police,CW2NH14,12,0,9,3,42,15
2010-12,Sussex Police,WW3NH7,1,0,0,1,4,2
2010-12,Sussex Police,ES2NH27,1,1,1,5,25,17
2010-12,Sussex Police,WC1NH11,1,0,3,4,14,7
2010-12,Sussex Police,WC1NH10,0,0,1,0,3,2
2010-12,Sussex Police,WC1NH13,1,0,2,1,0,3
2010-12,Sussex Police,WC1NH12,0,0,0,1,5,9
2010-12,Sussex Police,CE2NH10,6,1,5,10,44,19
2010-12,Sussex Police,CE2NH11,2,0,0,1,2,7
2010-12,Sussex Police,WR5NH15,5,1,5,6,29,18
2010-12,Sussex Police,ES2NH29,1,0,1,1,10,7
2010-12,Sussex Police,ES2NH28,0,0,4,0,11,5
2010-12,Sussex Police,CE1NH9,1,0,0,5,39,16
2010-12,Sussex Police,CE1NH8,3,1,3,6,34,27
2010-12,Sussex Police,EW1NH55,0,0,0,1,14,6
2010-12,Sussex Police,EW1NH54,1,0,0,3,13,2
2010-12,Sussex Police,EW1NH53,0,0,3,0,5,1
2010-12,Sussex Police,WW3NH3,0,0,1,2,9,4
2010-12,Sussex Police,WW3NH2,0,0,1,1,8,3
