Month,Force,Neighbourhood,Burglary,Robbery,Vehicle crime,Violent crime,Anti-social behaviour,Other crime
2010-12,Surrey Police,EPEA,6,0,10,7,28,19
2010-12,Surrey Police,SHLI,4,0,3,4,26,8
2010-12,Surrey Police,SHSW,3,0,1,15,58,29
2010-12,Surrey Police,SHSP,4,0,0,2,9,8
2010-12,Surrey Police,ELCO,16,0,5,10,60,43
2010-12,Surrey Police,SHCT,3,0,1,21,31,33
2010-12,Surrey Police,MVAS,3,1,0,10,22,16
2010-12,Surrey Police,SPST,5,1,7,22,53,66
2010-12,Surrey Police,SPSU,18,1,5,10,54,20
2010-12,Surrey Police,RUEG,14,0,7,10,33,21
2010-12,Surrey Police,WVSU,2,0,6,3,26,7
2010-12,Surrey Police,SPSL,6,0,6,3,25,9
2010-12,Surrey Police,SPLS,2,0,3,9,46,30
2010-12,Surrey Police,SPSH,5,0,0,3,44,15
2010-12,Surrey Police,TNBN,0,0,2,2,28,14
2010-12,Surrey Police,RBHO,5,1,0,18,69,35
2010-12,Surrey Police,WVSC,5,0,4,2,35,11
2010-12,Surrey Police,SPSA,6,0,7,7,24,25
2010-12,Surrey Police,SPSC,6,0,6,9,66,20
2010-12,Surrey Police,MVRE,14,0,14,3,19,13
2010-12,Surrey Police,TNLD,10,0,4,6,30,15
2010-12,Surrey Police,MVRW,4,0,11,2,39,15
2010-12,Surrey Police,SPSS,4,1,3,22,60,22
2010-12,Surrey Police,SHMD,6,0,0,5,59,11
2010-12,Surrey Police,GDPW,8,0,3,5,34,15
2010-12,Surrey Police,WVHG,2,0,1,2,26,6
2010-12,Surrey Police,WKSH,2,0,6,11,29,16
2010-12,Surrey Police,RUAT,7,0,3,10,57,25
2010-12,Surrey Police,RBWO,4,0,1,10,29,18
2010-12,Surrey Police,WKHO,3,0,4,11,38,23
2010-12,Surrey Police,RUVW,8,0,4,0,10,9
2010-12,Surrey Police,GDST,8,0,3,7,39,29
2010-12,Surrey Police,MVBF,1,0,9,8,28,12
2010-12,Surrey Police,RUAN,1,0,4,4,14,5
2010-12,Surrey Police,GDSR,14,0,6,6,46,21
2010-12,Surrey Police,TNPW,2,0,12,14,17,22
2010-12,Surrey Police,SPAA,10,2,6,4,26,21
2010-12,Surrey Police,GDAV,3,0,3,4,20,4
2010-12,Surrey Police,GDAW,2,0,9,5,44,11
2010-12,Surrey Police,RBRN,4,0,0,11,38,11
2010-12,Surrey Police,ELEC,9,0,4,3,43,14
2010-12,Surrey Police,WVBS,3,0,2,4,9,5
2010-12,Surrey Police,EPNW,4,1,9,8,25,7
2010-12,Surrey Police,RBRE,3,0,3,13,67,33
2010-12,Surrey Police,ELEM,7,0,13,12,44,17
2010-12,Surrey Police,GDPB,5,0,5,16,34,19
2010-12,Surrey Police,EPNO,3,0,3,7,32,11
2010-12,Surrey Police,RBRT,2,0,4,24,60,43
2010-12,Surrey Police,MVGC,1,0,0,2,19,6
2010-12,Surrey Police,WKOW,5,0,1,12,62,16
2010-12,Surrey Police,TNSB,3,0,1,2,17,5
2010-12,Surrey Police,ELSW,14,0,0,15,47,29
2010-12,Surrey Police,EPWE,5,1,5,8,49,18
2010-12,Surrey Police,SHBW,6,0,3,7,43,22
2010-12,Surrey Police,WKNB,7,0,4,21,54,23
2010-12,Surrey Police,TNCV,1,0,1,5,36,13
2010-12,Surrey Police,WVCE,5,0,1,12,25,8
2010-12,Surrey Police,TNCH,9,0,2,14,31,30
2010-12,Surrey Police,RUCM,18,0,12,11,45,34
2010-12,Surrey Police,SHHP,7,0,0,5,24,13
2010-12,Surrey Police,WVTE,5,0,5,1,12,6
2010-12,Surrey Police,GDAS,11,0,4,8,31,11
2010-12,Surrey Police,RBTW,3,0,5,6,24,9
2010-12,Surrey Police,GDGT,4,2,10,74,138,145
2010-12,Surrey Police,RBCH,2,1,8,8,30,21
2010-12,Surrey Police,RUET,1,1,6,6,23,20
2010-12,Surrey Police,RBHW,1,1,2,13,37,20
2010-12,Surrey Police,RBTB,1,0,1,19,31,19
2010-12,Surrey Police,MVNL,1,1,4,9,19,8
2010-12,Surrey Police,WVDR,11,0,9,6,46,34
2010-12,Surrey Police,GDOU,7,0,7,14,32,33
2010-12,Surrey Police,WKMA,6,2,3,13,36,16
2010-12,Surrey Police,WVDA,2,0,0,1,7,3
2010-12,Surrey Police,WKMH,11,1,7,10,41,25
2010-12,Surrey Police,SHCB,5,0,2,6,20,16
2010-12,Surrey Police,WVMW,12,0,5,5,13,11
2010-12,Surrey Police,WKGP,2,0,3,9,45,21
2010-12,Surrey Police,RURT,12,0,2,6,35,18
2010-12,Surrey Police,WKWT,4,1,3,42,92,67
2010-12,Surrey Police,ELDH,11,0,12,16,40,22
2010-12,Surrey Police,RBSE,5,0,4,17,39,15
2010-12,Surrey Police,SPAT,5,0,6,8,30,17
2010-12,Surrey Police,TNOL,4,1,6,13,73,39
2010-12,Surrey Police,MVSL,6,0,5,5,26,14
2010-12,Surrey Police,ELHE,7,0,5,16,39,16
2010-12,Surrey Police,MVDT,4,0,4,12,56,40
2010-12,Surrey Police,EPCE,6,0,5,20,83,52
2010-12,Surrey Police,WVFT,1,0,1,12,39,26
2010-12,Surrey Police,GDEH,19,0,6,7,27,14
2010-12,Surrey Police,RUNH,7,0,4,4,34,20
2010-12,Surrey Police,WVFB,4,0,2,9,52,33
2010-12,Surrey Police,GDMB,8,0,5,20,72,44
2010-12,Surrey Police,RBNO,10,0,3,16,57,28
2010-12,Surrey Police,TNWE,4,0,9,3,17,19
2010-12,Surrey Police,ELNW,9,0,3,4,23,9
2010-12,Surrey Police,WVWB,4,1,6,5,15,10
2010-12,Surrey Police,TNWW,2,0,11,5,16,8
2010-12,Surrey Police,ELWM,4,0,5,5,64,11
2010-12,Surrey Police,SHOD,1,0,1,8,33,13
2010-12,Surrey Police,WVWT,5,0,5,7,38,17
2010-12,Surrey Police,ELWE,15,1,12,18,74,41
2010-12,Surrey Police,ELWC,7,2,0,9,46,26
2010-12,Surrey Police,EPSO,13,0,5,17,53,19
2010-12,Surrey Police,WKBP,8,0,4,11,50,30
2010-12,Surrey Police,RBME,6,3,3,18,54,18
2010-12,Surrey Police,TNGB,8,0,3,3,21,31
2010-12,Surrey Police,RUTH,11,0,7,3,59,27
2010-12,Surrey Police,SHFF,2,0,1,8,45,11
