Month,Force,Neighbourhood,Burglary,Robbery,Vehicle crime,Violent crime,Anti-social behaviour,Other crime
2010-12,Lancashire Constabulary,216,2,0,2,17,90,25
2010-12,Lancashire Constabulary,217,3,0,2,3,33,10
2010-12,Lancashire Constabulary,214,2,0,2,6,34,11
2010-12,Lancashire Constabulary,215,1,0,0,3,22,7
2010-12,Lancashire Constabulary,212,0,0,0,1,7,7
2010-12,Lancashire Constabulary,213,0,0,1,7,16,11
2010-12,Lancashire Constabulary,210,1,0,4,4,15,19
2010-12,Lancashire Constabulary,211,1,0,0,9,17,5
2010-12,Lancashire Constabulary,165,6,0,2,5,29,9
2010-12,Lancashire Constabulary,264,4,0,0,3,20,4
2010-12,Lancashire Constabulary,218,8,0,6,18,100,66
2010-12,Lancashire Constabulary,219,0,0,0,1,1,0
2010-12,Lancashire Constabulary,133,2,0,0,8,48,17
2010-12,Lancashire Constabulary,132,0,0,3,5,15,3
2010-12,Lancashire Constabulary,131,1,0,2,2,16,4
2010-12,Lancashire Constabulary,130,0,0,1,4,8,5
2010-12,Lancashire Constabulary,137,4,0,0,6,40,16
2010-12,Lancashire Constabulary,136,0,0,2,1,14,6
2010-12,Lancashire Constabulary,135,4,0,1,9,33,14
2010-12,Lancashire Constabulary,134,5,1,0,9,73,10
2010-12,Lancashire Constabulary,139,0,0,0,4,16,6
2010-12,Lancashire Constabulary,41,2,0,0,5,15,10
2010-12,Lancashire Constabulary,93,0,0,2,0,5,1
2010-12,Lancashire Constabulary,198,0,0,3,2,21,5
2010-12,Lancashire Constabulary,25,2,0,0,2,21,9
2010-12,Lancashire Constabulary,26,0,0,2,2,4,2
2010-12,Lancashire Constabulary,27,0,0,3,0,8,6
2010-12,Lancashire Constabulary,20,1,0,0,0,12,0
2010-12,Lancashire Constabulary,21,0,0,3,0,13,2
2010-12,Lancashire Constabulary,22,0,0,9,18,41,45
2010-12,Lancashire Constabulary,23,0,0,0,2,5,1
2010-12,Lancashire Constabulary,95,2,0,1,5,17,7
2010-12,Lancashire Constabulary,28,1,0,2,1,8,3
2010-12,Lancashire Constabulary,29,1,0,3,5,16,4
2010-12,Lancashire Constabulary,94,7,0,6,9,75,19
2010-12,Lancashire Constabulary,162,0,0,1,1,7,3
2010-12,Lancashire Constabulary,8,2,0,1,2,22,3
2010-12,Lancashire Constabulary,220,1,0,0,0,4,4
2010-12,Lancashire Constabulary,68,1,0,0,2,18,4
2010-12,Lancashire Constabulary,119,6,0,5,12,27,15
2010-12,Lancashire Constabulary,10,2,0,5,8,63,18
2010-12,Lancashire Constabulary,120,2,2,3,3,18,4
2010-12,Lancashire Constabulary,121,1,0,0,1,6,2
2010-12,Lancashire Constabulary,261,7,0,4,12,42,26
2010-12,Lancashire Constabulary,260,10,0,3,19,49,22
2010-12,Lancashire Constabulary,267,1,0,0,4,4,3
2010-12,Lancashire Constabulary,266,16,0,3,8,21,5
2010-12,Lancashire Constabulary,265,1,0,1,1,8,7
2010-12,Lancashire Constabulary,127,9,0,12,2,47,24
2010-12,Lancashire Constabulary,128,0,0,1,3,21,7
2010-12,Lancashire Constabulary,129,1,0,0,9,70,19
2010-12,Lancashire Constabulary,269,3,0,0,8,31,28
2010-12,Lancashire Constabulary,268,0,0,2,3,35,7
2010-12,Lancashire Constabulary,167,1,0,2,0,6,0
2010-12,Lancashire Constabulary,161,2,1,0,10,25,12
2010-12,Lancashire Constabulary,60,10,2,3,46,187,71
2010-12,Lancashire Constabulary,59,2,0,7,7,30,12
2010-12,Lancashire Constabulary,58,6,0,6,3,49,14
2010-12,Lancashire Constabulary,55,7,0,7,12,40,17
2010-12,Lancashire Constabulary,54,3,0,4,13,37,18
2010-12,Lancashire Constabulary,57,5,2,3,17,56,28
2010-12,Lancashire Constabulary,56,7,0,4,19,53,26
2010-12,Lancashire Constabulary,51,0,0,1,0,3,0
2010-12,Lancashire Constabulary,50,1,0,0,1,20,6
2010-12,Lancashire Constabulary,53,2,0,0,1,9,3
2010-12,Lancashire Constabulary,52,3,0,0,0,1,0
2010-12,Lancashire Constabulary,63,2,0,2,4,40,23
2010-12,Lancashire Constabulary,276,2,1,3,2,21,13
2010-12,Lancashire Constabulary,64,1,0,4,3,14,3
2010-12,Lancashire Constabulary,164,0,0,0,4,21,10
2010-12,Lancashire Constabulary,201,0,0,2,1,2,0
2010-12,Lancashire Constabulary,199,2,2,8,11,83,36
2010-12,Lancashire Constabulary,66,4,0,3,18,70,27
2010-12,Lancashire Constabulary,200,0,0,0,0,2,0
2010-12,Lancashire Constabulary,195,8,3,2,84,274,157
2010-12,Lancashire Constabulary,194,3,0,0,5,18,13
2010-12,Lancashire Constabulary,197,10,0,8,6,42,20
2010-12,Lancashire Constabulary,178,0,0,0,1,6,2
2010-12,Lancashire Constabulary,191,0,0,0,1,8,1
2010-12,Lancashire Constabulary,193,7,1,15,40,90,41
2010-12,Lancashire Constabulary,192,7,0,4,13,57,30
2010-12,Lancashire Constabulary,270,0,0,2,0,4,1
2010-12,Lancashire Constabulary,114,2,0,0,0,11,2
2010-12,Lancashire Constabulary,88,0,0,0,5,9,2
2010-12,Lancashire Constabulary,273,1,0,0,0,6,4
2010-12,Lancashire Constabulary,111,2,0,1,8,39,8
2010-12,Lancashire Constabulary,110,3,0,3,2,26,18
2010-12,Lancashire Constabulary,113,4,0,0,1,12,3
2010-12,Lancashire Constabulary,112,7,0,6,4,43,13
2010-12,Lancashire Constabulary,82,3,1,3,4,30,15
2010-12,Lancashire Constabulary,142,1,0,0,2,9,4
2010-12,Lancashire Constabulary,80,6,0,7,39,148,59
2010-12,Lancashire Constabulary,81,3,1,0,5,50,29
2010-12,Lancashire Constabulary,86,3,0,2,3,30,11
2010-12,Lancashire Constabulary,87,0,0,0,1,11,5
2010-12,Lancashire Constabulary,84,1,0,3,46,104,52
2010-12,Lancashire Constabulary,85,5,0,8,0,15,5
2010-12,Lancashire Constabulary,138,3,0,0,0,2,1
2010-12,Lancashire Constabulary,207,2,0,0,12,50,20
2010-12,Lancashire Constabulary,173,1,0,0,5,13,5
2010-12,Lancashire Constabulary,206,11,0,6,4,44,20
2010-12,Lancashire Constabulary,226,3,0,4,10,45,23
2010-12,Lancashire Constabulary,257,2,0,0,6,19,12
2010-12,Lancashire Constabulary,3,2,0,4,4,25,9
2010-12,Lancashire Constabulary,254,1,0,4,2,7,8
2010-12,Lancashire Constabulary,7,1,0,1,3,23,10
2010-12,Lancashire Constabulary,247,8,0,3,3,27,14
2010-12,Lancashire Constabulary,24,1,0,0,1,7,10
2010-12,Lancashire Constabulary,225,0,0,1,1,2,4
2010-12,Lancashire Constabulary,245,15,0,10,14,79,34
2010-12,Lancashire Constabulary,244,1,1,0,5,13,6
2010-12,Lancashire Constabulary,108,3,0,2,1,8,8
2010-12,Lancashire Constabulary,109,1,0,0,3,6,5
2010-12,Lancashire Constabulary,241,0,0,0,1,11,7
2010-12,Lancashire Constabulary,240,2,0,10,3,24,10
2010-12,Lancashire Constabulary,242,3,0,1,2,9,7
2010-12,Lancashire Constabulary,102,1,0,1,0,3,1
2010-12,Lancashire Constabulary,103,10,0,7,2,49,9
2010-12,Lancashire Constabulary,100,0,0,0,0,4,2
2010-12,Lancashire Constabulary,101,0,0,0,0,15,5
2010-12,Lancashire Constabulary,106,6,0,1,5,59,25
2010-12,Lancashire Constabulary,107,3,0,2,12,31,18
2010-12,Lancashire Constabulary,104,5,0,8,2,25,30
2010-12,Lancashire Constabulary,105,0,0,0,4,8,7
2010-12,Lancashire Constabulary,39,9,0,2,12,79,37
2010-12,Lancashire Constabulary,38,8,0,5,4,36,16
2010-12,Lancashire Constabulary,33,1,0,3,6,43,19
2010-12,Lancashire Constabulary,32,0,0,2,2,21,6
2010-12,Lancashire Constabulary,224,4,0,5,5,49,22
2010-12,Lancashire Constabulary,30,2,0,3,0,2,1
2010-12,Lancashire Constabulary,37,2,0,3,18,46,25
2010-12,Lancashire Constabulary,36,0,0,0,1,5,2
2010-12,Lancashire Constabulary,35,0,0,0,1,13,9
2010-12,Lancashire Constabulary,34,0,0,2,1,5,2
2010-12,Lancashire Constabulary,246,3,0,2,5,31,10
2010-12,Lancashire Constabulary,181,1,0,1,0,7,2
2010-12,Lancashire Constabulary,252,4,0,2,10,34,19
2010-12,Lancashire Constabulary,223,4,0,4,12,58,32
2010-12,Lancashire Constabulary,251,5,0,1,9,34,16
2010-12,Lancashire Constabulary,61,1,0,1,1,6,2
2010-12,Lancashire Constabulary,258,0,0,2,2,32,4
2010-12,Lancashire Constabulary,259,5,0,0,0,6,2
2010-12,Lancashire Constabulary,89,0,0,3,1,14,3
2010-12,Lancashire Constabulary,65,0,0,3,3,11,1
2010-12,Lancashire Constabulary,117,1,0,3,12,53,24
2010-12,Lancashire Constabulary,67,1,0,0,4,13,7
2010-12,Lancashire Constabulary,177,1,1,2,1,17,13
2010-12,Lancashire Constabulary,176,2,0,0,1,4,2
2010-12,Lancashire Constabulary,175,0,0,6,8,19,11
2010-12,Lancashire Constabulary,174,2,1,3,11,46,19
2010-12,Lancashire Constabulary,256,4,0,2,9,33,20
2010-12,Lancashire Constabulary,172,3,0,2,1,10,2
2010-12,Lancashire Constabulary,171,1,0,5,10,32,15
2010-12,Lancashire Constabulary,255,1,0,12,7,25,11
2010-12,Lancashire Constabulary,69,2,0,1,2,32,7
2010-12,Lancashire Constabulary,249,0,0,6,0,4,9
2010-12,Lancashire Constabulary,253,1,0,4,1,4,3
2010-12,Lancashire Constabulary,248,1,1,3,8,29,26
2010-12,Lancashire Constabulary,182,2,0,0,0,7,3
2010-12,Lancashire Constabulary,183,0,0,3,0,6,2
2010-12,Lancashire Constabulary,180,2,0,4,1,19,5
2010-12,Lancashire Constabulary,2,0,0,0,0,5,0
2010-12,Lancashire Constabulary,186,1,0,1,0,5,2
2010-12,Lancashire Constabulary,187,0,1,0,5,25,8
2010-12,Lancashire Constabulary,184,1,0,2,6,33,12
2010-12,Lancashire Constabulary,185,2,0,0,0,6,2
2010-12,Lancashire Constabulary,188,2,0,3,13,76,25
2010-12,Lancashire Constabulary,189,1,0,0,1,9,0
2010-12,Lancashire Constabulary,202,9,0,7,8,49,33
2010-12,Lancashire Constabulary,4,3,0,1,1,9,5
2010-12,Lancashire Constabulary,179,0,1,0,3,22,6
2010-12,Lancashire Constabulary,196,1,0,1,0,7,8
2010-12,Lancashire Constabulary,221,4,0,5,7,21,21
2010-12,Lancashire Constabulary,6,0,0,0,2,28,11
2010-12,Lancashire Constabulary,271,3,1,3,4,21,17
2010-12,Lancashire Constabulary,99,1,0,4,5,41,20
2010-12,Lancashire Constabulary,98,0,0,1,4,15,13
2010-12,Lancashire Constabulary,163,2,0,0,1,21,4
2010-12,Lancashire Constabulary,168,3,0,3,2,19,5
2010-12,Lancashire Constabulary,169,10,0,7,10,56,25
2010-12,Lancashire Constabulary,229,0,0,4,3,15,7
2010-12,Lancashire Constabulary,228,5,0,1,7,20,12
2010-12,Lancashire Constabulary,91,0,0,1,0,1,1
2010-12,Lancashire Constabulary,90,3,0,0,3,8,6
2010-12,Lancashire Constabulary,166,0,0,0,3,9,6
2010-12,Lancashire Constabulary,92,1,0,0,0,5,2
2010-12,Lancashire Constabulary,160,0,0,1,5,17,10
2010-12,Lancashire Constabulary,222,4,1,0,3,1,9
2010-12,Lancashire Constabulary,97,1,0,0,4,14,11
2010-12,Lancashire Constabulary,96,1,0,3,3,10,9
2010-12,Lancashire Constabulary,11,5,0,0,0,19,8
2010-12,Lancashire Constabulary,115,0,0,0,1,5,1
2010-12,Lancashire Constabulary,13,6,0,2,11,43,21
2010-12,Lancashire Constabulary,12,3,0,0,0,11,3
2010-12,Lancashire Constabulary,15,1,0,0,7,27,19
2010-12,Lancashire Constabulary,14,1,0,1,5,31,7
2010-12,Lancashire Constabulary,17,5,0,1,10,83,23
2010-12,Lancashire Constabulary,16,20,0,11,10,52,33
2010-12,Lancashire Constabulary,19,2,0,3,3,40,23
2010-12,Lancashire Constabulary,18,0,0,0,0,8,4
2010-12,Lancashire Constabulary,272,5,0,0,0,1,0
2010-12,Lancashire Constabulary,116,8,0,1,3,34,9
2010-12,Lancashire Constabulary,274,11,1,5,38,135,60
2010-12,Lancashire Constabulary,204,0,0,3,4,24,16
2010-12,Lancashire Constabulary,31,9,0,6,7,43,18
2010-12,Lancashire Constabulary,275,4,0,2,2,7,8
2010-12,Lancashire Constabulary,151,0,0,1,5,23,5
2010-12,Lancashire Constabulary,150,2,0,0,1,35,6
2010-12,Lancashire Constabulary,153,6,0,0,5,38,13
2010-12,Lancashire Constabulary,152,2,0,2,4,28,19
2010-12,Lancashire Constabulary,155,3,0,2,0,26,5
2010-12,Lancashire Constabulary,250,0,0,1,0,1,1
2010-12,Lancashire Constabulary,157,0,0,1,0,15,5
2010-12,Lancashire Constabulary,156,0,0,1,5,28,14
2010-12,Lancashire Constabulary,159,0,0,1,2,9,7
2010-12,Lancashire Constabulary,158,0,0,1,5,24,8
2010-12,Lancashire Constabulary,238,0,0,0,8,73,14
2010-12,Lancashire Constabulary,239,15,3,3,37,162,110
2010-12,Lancashire Constabulary,83,0,0,1,0,0,5
2010-12,Lancashire Constabulary,234,1,0,0,1,13,1
2010-12,Lancashire Constabulary,235,1,0,0,3,14,7
2010-12,Lancashire Constabulary,236,8,1,1,17,65,32
2010-12,Lancashire Constabulary,237,2,0,1,7,52,13
2010-12,Lancashire Constabulary,230,2,0,2,0,8,1
2010-12,Lancashire Constabulary,231,0,0,2,2,5,2
2010-12,Lancashire Constabulary,232,3,1,1,7,10,13
2010-12,Lancashire Constabulary,233,0,1,2,5,62,24
2010-12,Lancashire Constabulary,48,3,1,5,7,73,23
2010-12,Lancashire Constabulary,49,4,0,0,10,32,21
2010-12,Lancashire Constabulary,46,1,3,2,6,39,14
2010-12,Lancashire Constabulary,47,0,0,0,0,1,0
2010-12,Lancashire Constabulary,44,1,0,0,2,15,1
2010-12,Lancashire Constabulary,45,3,0,1,3,18,8
2010-12,Lancashire Constabulary,42,4,0,1,5,32,8
2010-12,Lancashire Constabulary,43,0,0,0,0,3,1
2010-12,Lancashire Constabulary,40,7,0,1,18,51,26
2010-12,Lancashire Constabulary,118,1,0,0,5,23,12
2010-12,Lancashire Constabulary,1,4,1,0,5,20,11
2010-12,Lancashire Constabulary,5,1,0,1,1,6,7
2010-12,Lancashire Constabulary,9,5,0,0,2,24,9
2010-12,Lancashire Constabulary,146,1,0,0,0,4,0
2010-12,Lancashire Constabulary,147,8,0,5,9,69,28
2010-12,Lancashire Constabulary,203,2,0,1,4,41,14
2010-12,Lancashire Constabulary,145,4,0,10,8,48,8
2010-12,Lancashire Constabulary,205,3,1,2,8,56,19
2010-12,Lancashire Constabulary,143,3,0,5,19,33,15
2010-12,Lancashire Constabulary,140,0,0,0,3,35,13
2010-12,Lancashire Constabulary,141,1,0,1,1,9,4
2010-12,Lancashire Constabulary,209,1,0,1,0,1,0
2010-12,Lancashire Constabulary,208,7,0,1,8,38,17
2010-12,Lancashire Constabulary,148,1,1,2,8,41,21
2010-12,Lancashire Constabulary,149,2,0,1,2,16,13
2010-12,Lancashire Constabulary,77,2,0,0,2,2,6
2010-12,Lancashire Constabulary,76,1,0,2,7,34,4
2010-12,Lancashire Constabulary,75,5,1,7,4,12,9
2010-12,Lancashire Constabulary,74,0,0,0,3,13,11
2010-12,Lancashire Constabulary,73,1,0,0,0,14,2
2010-12,Lancashire Constabulary,72,5,1,6,3,40,9
2010-12,Lancashire Constabulary,71,1,0,6,6,37,15
2010-12,Lancashire Constabulary,70,5,0,4,0,13,5
2010-12,Lancashire Constabulary,154,0,0,1,3,9,2
2010-12,Lancashire Constabulary,79,4,0,0,1,11,8
2010-12,Lancashire Constabulary,78,0,0,3,3,26,7
2010-12,Lancashire Constabulary,263,4,0,8,12,50,52
2010-12,Lancashire Constabulary,262,7,1,2,17,108,32
2010-12,Lancashire Constabulary,122,2,0,1,2,6,4
2010-12,Lancashire Constabulary,123,2,1,1,5,20,25
2010-12,Lancashire Constabulary,124,1,0,2,2,14,2
2010-12,Lancashire Constabulary,126,1,0,3,0,2,0
2010-12,Lancashire Constabulary,125,4,0,2,2,24,4
