Month,Force,Neighbourhood,Burglary,Robbery,Vehicle crime,Violent crime,Anti-social behaviour,Other crime
2010-12,Cleveland Police,Ormesby,15,1,1,8,43,14
2010-12,Cleveland Police,Park - Hartlepool,0,0,0,3,15,5
2010-12,Cleveland Police,Brookfield,3,0,0,0,20,8
2010-12,Cleveland Police,Seaton,2,0,0,3,19,7
2010-12,Cleveland Police,Coulby Newham,3,1,4,6,39,23
2010-12,Cleveland Police,Owton,1,1,0,14,52,17
2010-12,Cleveland Police,Billingham South,3,0,0,1,41,14
2010-12,Cleveland Police,Dormanstown,8,0,3,8,49,20
2010-12,Cleveland Police,Newtown,6,0,7,9,72,23
2010-12,Cleveland Police,Acklam,1,0,1,5,15,5
2010-12,Cleveland Police,Burn Valley,2,0,2,3,34,18
2010-12,Cleveland Police,Beechwood,8,0,3,15,67,27
2010-12,Cleveland Police,Yarm,0,0,3,4,33,10
2010-12,Cleveland Police,Longbeck,1,0,1,4,12,3
2010-12,Cleveland Police,Grangefield,1,0,1,2,13,3
2010-12,Cleveland Police,Park - Middlesbrough,8,0,5,4,38,27
2010-12,Cleveland Police,Linthorpe,5,0,1,8,44,16
2010-12,Cleveland Police,Western Parishes,1,0,1,0,12,1
2010-12,Cleveland Police,Billingham West,2,0,2,2,25,3
2010-12,Cleveland Police,Ingleby Barwick West,0,0,2,1,22,8
2010-12,Cleveland Police,Ladgate,1,0,1,8,39,15
2010-12,Cleveland Police,Parkfield and Oxbridge,5,0,4,9,79,21
2010-12,Cleveland Police,Brotton,4,0,3,4,29,17
2010-12,Cleveland Police,Hutton,1,0,1,3,19,8
2010-12,Cleveland Police,Grangetown,2,1,2,11,61,30
2010-12,Cleveland Police,Hemlington,5,3,4,11,53,28
2010-12,Cleveland Police,South Bank,7,0,2,8,72,42
2010-12,Cleveland Police,Throston,3,0,2,5,29,6
2010-12,Cleveland Police,Kader,4,0,0,1,27,3
2010-12,Cleveland Police,Guisborough,3,0,4,11,60,14
2010-12,Cleveland Police,Middlehaven,14,0,5,84,198,172
2010-12,Cleveland Police,Elwick,0,0,0,1,20,2
2010-12,Cleveland Police,University,5,1,4,15,51,26
2010-12,Cleveland Police,Lockwood,1,0,0,4,10,3
2010-12,Cleveland Police,Saltburn,0,0,0,5,24,8
2010-12,Cleveland Police,Stranton,6,1,2,30,220,76
2010-12,Cleveland Police,Teesville,5,0,2,3,39,13
2010-12,Cleveland Police,Newcomen,0,0,0,3,23,5
2010-12,Cleveland Police,Ingleby Barwick East,1,0,2,1,26,5
2010-12,Cleveland Police,Park End,6,0,0,11,37,14
2010-12,Cleveland Police,Hartburn,0,0,1,1,18,4
2010-12,Cleveland Police,Hart,2,0,2,1,37,5
2010-12,Cleveland Police,Coatham,5,0,1,26,84,55
2010-12,Cleveland Police,Fairfield,0,0,0,5,16,3
2010-12,Cleveland Police,Stockton Town Centre,11,1,7,33,177,92
2010-12,Cleveland Police,Clairville,6,0,4,1,38,21
2010-12,Cleveland Police,Foggy Furze,0,0,2,3,37,18
2010-12,Cleveland Police,Stainton and Thornton,2,1,0,1,15,4
2010-12,Cleveland Police,Beckfield,6,1,1,5,33,14
2010-12,Cleveland Police,St Germains,1,0,1,4,19,6
2010-12,Cleveland Police,Pallister,5,1,2,11,48,35
2010-12,Cleveland Police,Westworth,0,0,0,2,7,2
2010-12,Cleveland Police,Norton West,0,1,0,1,18,2
2010-12,Cleveland Police,Thorntree,3,0,7,14,40,22
2010-12,Cleveland Police,Rift House,1,0,0,4,40,9
2010-12,Cleveland Police,Eaglescliffe,3,0,1,4,28,2
2010-12,Cleveland Police,Marton,1,0,2,1,28,5
2010-12,Cleveland Police,Norton South,1,0,2,2,38,10
2010-12,Cleveland Police,Eston,4,0,3,6,68,25
2010-12,Cleveland Police,Greatham,0,0,0,1,5,3
2010-12,Cleveland Police,Kirkleatham,1,0,2,8,41,16
2010-12,Cleveland Police,Loftus,5,0,5,8,60,21
2010-12,Cleveland Police,Ayresome,2,0,0,5,47,10
2010-12,Cleveland Police,Mandale and Victoria,8,0,2,10,61,33
2010-12,Cleveland Police,Billingham East,1,0,2,6,51,9
2010-12,Cleveland Police,Billingham North,1,0,0,4,27,6
2010-12,Cleveland Police,Marton West,1,1,1,2,20,4
2010-12,Cleveland Police,Roseworth,1,0,0,5,40,16
2010-12,Cleveland Police,Brus,2,1,6,14,61,19
2010-12,Cleveland Police,Grange,6,0,0,13,49,16
2010-12,Cleveland Police,Fens,0,0,0,2,29,7
2010-12,Cleveland Police,Dyke House,3,1,2,4,36,13
2010-12,Cleveland Police,St Hilda,4,0,1,13,81,21
2010-12,Cleveland Police,Billingham Central,1,0,1,5,54,15
2010-12,Cleveland Police,Bishopsgarth and Elm Tree,3,0,0,2,25,4
2010-12,Cleveland Police,North Ormesby and Brambles Farm,15,0,4,18,88,25
2010-12,Cleveland Police,Rossmere,4,0,1,4,37,9
2010-12,Cleveland Police,West Dyke,0,0,0,4,26,4
2010-12,Cleveland Police,Hardwick,2,0,6,5,62,21
2010-12,Cleveland Police,Skelton,1,0,1,3,39,8
2010-12,Cleveland Police,Nunthorpe,0,0,0,0,9,5
2010-12,Cleveland Police,Village,4,0,2,4,32,12
2010-12,Cleveland Police,Normanby,6,1,1,5,16,11
2010-12,Cleveland Police,Gresham,12,2,10,25,100,61
2010-12,Cleveland Police,Northern Parishes,0,0,1,0,13,0
2010-12,Cleveland Police,Zetland,1,0,0,2,10,2
2010-12,Cleveland Police,Stainsby Hill,2,1,0,6,74,18
2010-12,Cleveland Police,Norton North,2,0,0,4,62,21
