Month,Force,Neighbourhood,Burglary,Robbery,Vehicle crime,Violent crime,Anti-social behaviour,Other crime
2010-12,Derbyshire Constabulary,DD12,2,0,0,1,6,4
2010-12,Derbyshire Constabulary,DD11,3,0,3,4,7,11
2010-12,Derbyshire Constabulary,DD10,1,0,0,0,2,3
2010-12,Derbyshire Constabulary,DC10,9,1,6,18,62,25
2010-12,Derbyshire Constabulary,DC11,9,1,3,14,69,31
2010-12,Derbyshire Constabulary,DC12,8,0,7,13,49,27
2010-12,Derbyshire Constabulary,DC13,3,0,3,4,39,11
2010-12,Derbyshire Constabulary,DC14,1,0,1,17,48,24
2010-12,Derbyshire Constabulary,DC15,18,9,19,69,190,105
2010-12,Derbyshire Constabulary,DC16,9,1,5,13,101,28
2010-12,Derbyshire Constabulary,DC17,3,2,4,14,49,30
2010-12,Derbyshire Constabulary,DC18,3,0,5,10,36,26
2010-12,Derbyshire Constabulary,DC19,20,3,12,17,81,54
2010-12,Derbyshire Constabulary,BO05,4,0,9,20,77,31
2010-12,Derbyshire Constabulary,BO04,10,0,5,18,77,37
2010-12,Derbyshire Constabulary,BO07,19,0,1,8,30,10
2010-12,Derbyshire Constabulary,BO06,3,0,5,5,20,7
2010-12,Derbyshire Constabulary,BO01,3,0,1,1,6,10
2010-12,Derbyshire Constabulary,BO03,0,0,6,3,19,3
2010-12,Derbyshire Constabulary,BO02,8,0,4,17,53,18
2010-12,Derbyshire Constabulary,BO09,5,0,0,8,38,18
2010-12,Derbyshire Constabulary,BO08,3,0,1,3,9,3
2010-12,Derbyshire Constabulary,DC03,7,1,15,24,82,46
2010-12,Derbyshire Constabulary,DC01,10,0,4,14,34,24
2010-12,Derbyshire Constabulary,DC07,14,5,11,89,264,221
2010-12,Derbyshire Constabulary,DC06,10,1,5,12,38,24
2010-12,Derbyshire Constabulary,SD01,10,2,1,25,93,50
2010-12,Derbyshire Constabulary,DC02,4,0,0,10,23,20
2010-12,Derbyshire Constabulary,SD03,6,1,1,12,78,22
2010-12,Derbyshire Constabulary,SD02,1,1,3,6,20,10
2010-12,Derbyshire Constabulary,SD05,3,0,5,4,37,28
2010-12,Derbyshire Constabulary,SD04,4,0,6,6,33,18
2010-12,Derbyshire Constabulary,DC05,2,1,2,7,43,13
2010-12,Derbyshire Constabulary,DC04,1,0,1,7,30,21
2010-12,Derbyshire Constabulary,DC09,14,0,7,22,74,56
2010-12,Derbyshire Constabulary,DC08,5,1,17,21,58,52
2010-12,Derbyshire Constabulary,HP08,2,0,3,7,36,12
2010-12,Derbyshire Constabulary,HP09,2,0,2,2,9,2
2010-12,Derbyshire Constabulary,HP04,1,0,3,14,28,6
2010-12,Derbyshire Constabulary,HP05,4,1,1,4,21,7
2010-12,Derbyshire Constabulary,HP06,13,2,4,17,83,34
2010-12,Derbyshire Constabulary,HP07,1,0,0,3,5,2
2010-12,Derbyshire Constabulary,HP01,5,0,5,17,81,45
2010-12,Derbyshire Constabulary,HP02,1,0,0,1,8,1
2010-12,Derbyshire Constabulary,HP03,0,0,3,12,22,15
2010-12,Derbyshire Constabulary,ER10,5,0,2,6,35,27
2010-12,Derbyshire Constabulary,ER11,13,1,6,17,50,29
2010-12,Derbyshire Constabulary,HP11,1,0,0,3,18,10
2010-12,Derbyshire Constabulary,HP10,8,0,2,8,38,23
2010-12,Derbyshire Constabulary,AV14,3,0,1,9,19,14
2010-12,Derbyshire Constabulary,AV12,4,1,2,22,46,30
2010-12,Derbyshire Constabulary,AV13,2,0,0,2,9,3
2010-12,Derbyshire Constabulary,AV10,2,0,0,1,8,0
2010-12,Derbyshire Constabulary,AV11,2,0,3,8,29,17
2010-12,Derbyshire Constabulary,CH10,3,0,5,6,33,14
2010-12,Derbyshire Constabulary,ER01,3,0,1,5,14,8
2010-12,Derbyshire Constabulary,ER03,10,1,4,22,35,32
2010-12,Derbyshire Constabulary,ER02,4,0,0,5,10,7
2010-12,Derbyshire Constabulary,ER05,6,0,2,4,23,19
2010-12,Derbyshire Constabulary,ER04,6,0,3,6,25,10
2010-12,Derbyshire Constabulary,ER07,10,2,6,11,55,48
2010-12,Derbyshire Constabulary,ER06,6,0,1,8,21,21
2010-12,Derbyshire Constabulary,ER09,12,1,10,18,55,36
2010-12,Derbyshire Constabulary,ER08,8,1,1,14,35,35
2010-12,Derbyshire Constabulary,AV09,8,0,3,12,39,34
2010-12,Derbyshire Constabulary,AV08,2,0,5,9,25,11
2010-12,Derbyshire Constabulary,AV01,0,1,2,1,4,4
2010-12,Derbyshire Constabulary,AV03,10,4,3,4,64,24
2010-12,Derbyshire Constabulary,AV02,10,0,1,11,36,21
2010-12,Derbyshire Constabulary,AV05,6,0,2,1,14,9
2010-12,Derbyshire Constabulary,AV04,1,0,7,4,9,2
2010-12,Derbyshire Constabulary,AV07,4,0,4,22,64,26
2010-12,Derbyshire Constabulary,AV06,1,0,1,1,8,4
2010-12,Derbyshire Constabulary,CH09,4,0,1,7,11,11
2010-12,Derbyshire Constabulary,CH08,1,1,3,61,84,55
2010-12,Derbyshire Constabulary,CH05,10,0,8,19,69,31
2010-12,Derbyshire Constabulary,CH04,6,1,7,12,55,20
2010-12,Derbyshire Constabulary,CH07,5,1,7,5,38,19
2010-12,Derbyshire Constabulary,CH06,4,1,3,9,37,22
2010-12,Derbyshire Constabulary,CH01,1,0,2,12,48,17
2010-12,Derbyshire Constabulary,CH03,18,0,3,26,65,35
2010-12,Derbyshire Constabulary,CH02,1,1,3,7,39,13
2010-12,Derbyshire Constabulary,NE03,4,1,4,9,55,22
2010-12,Derbyshire Constabulary,NE02,3,0,3,10,39,19
2010-12,Derbyshire Constabulary,NE01,5,0,7,13,46,13
2010-12,Derbyshire Constabulary,NE07,8,0,6,3,40,7
2010-12,Derbyshire Constabulary,NE04,3,0,1,5,42,20
2010-12,Derbyshire Constabulary,NE09,3,0,5,5,20,10
2010-12,Derbyshire Constabulary,NE08,3,0,2,10,62,16
2010-12,Derbyshire Constabulary,NE15,0,0,0,4,8,7
2010-12,Derbyshire Constabulary,DD08,2,0,0,1,9,2
2010-12,Derbyshire Constabulary,DD09,0,0,1,1,4,2
2010-12,Derbyshire Constabulary,DD04,2,0,0,5,9,5
2010-12,Derbyshire Constabulary,DD05,0,0,0,1,6,6
2010-12,Derbyshire Constabulary,DD06,1,0,0,1,4,5
2010-12,Derbyshire Constabulary,DD07,13,0,4,11,48,11
2010-12,Derbyshire Constabulary,DD01,0,0,0,5,29,20
2010-12,Derbyshire Constabulary,DD02,2,0,1,3,13,15
2010-12,Derbyshire Constabulary,DD03,1,0,1,6,11,7
2010-12,Derbyshire Constabulary,SD06,6,0,4,4,24,10
