Month,Force,Neighbourhood,Burglary,Robbery,Vehicle crime,Violent crime,Anti-social behaviour,Other crime
2010-12,Lincolnshire Police,NC11,5,0,5,8,19,15
2010-12,Lincolnshire Police,NC58,3,0,2,4,21,23
2010-12,Lincolnshire Police,NC16,4,1,2,10,36,15
2010-12,Lincolnshire Police,NC31,2,1,8,16,48,37
2010-12,Lincolnshire Police,NC55,11,1,5,26,62,32
2010-12,Lincolnshire Police,NC32,10,3,7,44,68,68
2010-12,Lincolnshire Police,NC08,1,0,4,4,22,10
2010-12,Lincolnshire Police,NC56,3,0,2,7,34,21
2010-12,Lincolnshire Police,NC57,4,0,5,8,19,22
2010-12,Lincolnshire Police,NC54,18,0,8,2,28,24
2010-12,Lincolnshire Police,NC15,12,1,2,20,48,23
2010-12,Lincolnshire Police,NC52,1,0,1,5,17,3
2010-12,Lincolnshire Police,NC53,30,0,8,14,56,47
2010-12,Lincolnshire Police,NC50,22,0,1,43,116,59
2010-12,Lincolnshire Police,NC51,4,0,2,11,15,20
2010-12,Lincolnshire Police,NC18,4,0,0,1,4,11
2010-12,Lincolnshire Police,NC19,1,0,3,12,30,38
2010-12,Lincolnshire Police,NC38,4,0,2,8,34,14
2010-12,Lincolnshire Police,NC39,3,0,3,3,46,16
2010-12,Lincolnshire Police,NC34,8,0,4,12,43,16
2010-12,Lincolnshire Police,NC35,5,1,1,6,35,7
2010-12,Lincolnshire Police,NC36,12,0,2,3,11,15
2010-12,Lincolnshire Police,NC37,16,0,3,18,51,47
2010-12,Lincolnshire Police,NC30,11,1,10,16,51,50
2010-12,Lincolnshire Police,NC17,2,1,2,5,39,13
2010-12,Lincolnshire Police,NC14,9,1,2,56,80,124
2010-12,Lincolnshire Police,NC33,2,0,1,4,18,7
2010-12,Lincolnshire Police,NC04,8,0,4,6,38,24
2010-12,Lincolnshire Police,NC05,2,0,3,8,18,10
2010-12,Lincolnshire Police,NC48,5,0,3,16,64,66
2010-12,Lincolnshire Police,NC07,5,0,2,2,36,16
2010-12,Lincolnshire Police,NC06,0,0,4,9,31,12
2010-12,Lincolnshire Police,NC01,6,0,6,3,13,7
2010-12,Lincolnshire Police,NC03,15,1,5,16,58,51
2010-12,Lincolnshire Police,NC02,11,0,6,5,41,21
2010-12,Lincolnshire Police,NC41,5,0,4,4,21,12
2010-12,Lincolnshire Police,NC40,9,0,5,5,32,19
2010-12,Lincolnshire Police,NC43,8,2,3,5,59,35
2010-12,Lincolnshire Police,NC42,2,0,12,23,74,40
2010-12,Lincolnshire Police,NC45,3,0,4,10,36,21
2010-12,Lincolnshire Police,NC44,5,1,9,35,56,61
2010-12,Lincolnshire Police,NC47,8,0,4,9,30,12
2010-12,Lincolnshire Police,NC46,0,0,2,1,8,10
2010-12,Lincolnshire Police,NC49,9,0,5,1,16,15
2010-12,Lincolnshire Police,NC29,4,0,4,8,17,16
2010-12,Lincolnshire Police,NC28,10,0,10,13,42,41
2010-12,Lincolnshire Police,NC27,8,0,4,15,54,44
2010-12,Lincolnshire Police,NC26,7,0,5,10,45,28
2010-12,Lincolnshire Police,NC25,2,0,1,2,5,10
2010-12,Lincolnshire Police,NC24,2,0,6,2,22,13
2010-12,Lincolnshire Police,NC23,3,0,0,8,10,7
2010-12,Lincolnshire Police,NC22,6,0,10,15,55,34
2010-12,Lincolnshire Police,NC21,9,1,6,9,36,24
2010-12,Lincolnshire Police,NC20,5,0,2,4,15,5
2010-12,Lincolnshire Police,NC12,20,0,19,24,104,70
2010-12,Lincolnshire Police,NC13,9,1,1,15,48,29
2010-12,Lincolnshire Police,NC09,4,0,4,1,17,10
2010-12,Lincolnshire Police,NC10,9,1,11,15,54,27
