Month,Force,Neighbourhood,Burglary,Robbery,Vehicle crime,Violent crime,Anti-social behaviour,Other crime
2011-05,Metropolitan Police,00ASHD,15,15,18,21,61,60
2011-05,Metropolitan Police,00ASHE,27,3,17,22,83,58
2011-05,Metropolitan Police,00ASHB,18,3,5,14,65,25
2011-05,Metropolitan Police,00ASHC,11,0,4,12,56,36
2011-05,Metropolitan Police,00ASHA,32,3,15,47,81,89
2011-05,Metropolitan Police,00ANGH,24,2,16,10,39,25
2011-05,Metropolitan Police,00APGU,15,11,15,23,92,51
2011-05,Metropolitan Police,00BDGE,18,0,6,6,22,34
2011-05,Metropolitan Police,00BFGR,9,1,5,5,20,25
2011-05,Metropolitan Police,00ALHA,12,8,17,19,56,44
2011-05,Metropolitan Police,00ALHC,12,8,11,37,76,64
2011-05,Metropolitan Police,00ALHB,10,1,30,31,90,101
2011-05,Metropolitan Police,00ALHE,20,6,18,51,93,66
2011-05,Metropolitan Police,00ALHD,16,7,23,36,116,57
2011-05,Metropolitan Police,00ALHG,5,4,12,26,105,56
2011-05,Metropolitan Police,00ALHF,14,10,7,41,111,118
2011-05,Metropolitan Police,00BFGP,5,1,9,5,22,19
2011-05,Metropolitan Police,00BFGW,4,2,5,7,36,22
2011-05,Metropolitan Police,00BDGC,11,1,10,8,51,32
2011-05,Metropolitan Police,00BDGB,8,0,18,10,32,26
2011-05,Metropolitan Police,00ADGU,0,2,3,6,9,16
2011-05,Metropolitan Police,00BGFY,19,3,25,28,78,82
2011-05,Metropolitan Police,00BGFX,17,9,15,43,164,98
2011-05,Metropolitan Police,00BGFZ,7,7,15,32,105,31
2011-05,Metropolitan Police,00BHFZ,24,10,34,25,58,50
2011-05,Metropolitan Police,00BHFX,11,2,35,25,74,41
2011-05,Metropolitan Police,00BHFY,11,0,20,23,63,35
2011-05,Metropolitan Police,00BGFW,15,11,15,29,111,81
2011-05,Metropolitan Police,00BFGF,17,1,9,11,21,38
2011-05,Metropolitan Police,00BBGG,13,17,21,26,108,87
2011-05,Metropolitan Police,00BBGF,16,10,46,24,57,80
2011-05,Metropolitan Police,00BBGE,19,7,50,20,92,47
2011-05,Metropolitan Police,00BBGD,21,11,28,29,114,60
2011-05,Metropolitan Police,00BBGC,10,16,25,28,88,48
2011-05,Metropolitan Police,00BBGB,16,4,60,27,133,90
2011-05,Metropolitan Police,00BBGN,6,10,24,30,56,42
2011-05,Metropolitan Police,00BBGM,9,7,15,23,73,57
2011-05,Metropolitan Police,00BBGL,20,15,38,47,172,75
2011-05,Metropolitan Police,00BBGK,13,11,29,28,75,50
2011-05,Metropolitan Police,00BBGJ,14,12,31,28,67,35
2011-05,Metropolitan Police,00BBGH,9,6,11,16,49,28
2011-05,Metropolitan Police,00BBGW,15,6,18,23,65,33
2011-05,Metropolitan Police,00AKHG,18,3,33,29,121,101
2011-05,Metropolitan Police,00BBGU,23,24,35,64,181,172
2011-05,Metropolitan Police,00BBGT,20,2,20,17,101,47
2011-05,Metropolitan Police,00BBGS,11,15,28,29,125,53
2011-05,Metropolitan Police,00BBGR,8,22,20,28,85,42
2011-05,Metropolitan Police,00BBGQ,13,9,28,25,90,41
2011-05,Metropolitan Police,00BBGP,13,19,20,33,107,54
2011-05,Metropolitan Police,00AKHH,19,4,12,4,39,37
2011-05,Metropolitan Police,00BBGX,12,16,6,33,84,48
2011-05,Metropolitan Police,00AFGZ,14,2,10,24,47,21
2011-05,Metropolitan Police,00AFGX,20,5,17,49,105,66
2011-05,Metropolitan Police,00AFGY,9,1,12,4,15,20
2011-05,Metropolitan Police,00AFGW,18,2,9,25,61,53
2011-05,Metropolitan Police,00AFGT,8,3,12,26,55,57
2011-05,Metropolitan Police,00AFGU,15,2,11,21,40,40
2011-05,Metropolitan Police,00AFGR,4,0,5,12,52,30
2011-05,Metropolitan Police,00AFGS,8,1,10,10,33,15
2011-05,Metropolitan Police,00AFGP,16,5,13,17,86,33
2011-05,Metropolitan Police,00AFGQ,5,0,1,7,15,9
2011-05,Metropolitan Police,00AFGN,23,3,7,27,80,66
2011-05,Metropolitan Police,00AFGL,8,2,13,21,42,49
2011-05,Metropolitan Police,00AFGM,27,3,18,21,77,84
2011-05,Metropolitan Police,00AFGJ,12,1,13,18,48,57
2011-05,Metropolitan Police,00AFGK,12,4,14,19,35,31
2011-05,Metropolitan Police,00AFGH,16,0,9,3,25,52
2011-05,Metropolitan Police,00AFGF,4,0,10,30,58,28
2011-05,Metropolitan Police,00AFGG,18,7,12,38,79,152
2011-05,Metropolitan Police,00AFGD,8,2,9,12,32,33
2011-05,Metropolitan Police,00AFGE,1,0,4,7,42,18
2011-05,Metropolitan Police,00BAFZ,9,1,9,9,42,64
2011-05,Metropolitan Police,00BAFY,2,2,3,5,15,27
2011-05,Metropolitan Police,00BAFX,21,5,5,13,50,30
2011-05,Metropolitan Police,00ATGP,8,0,13,39,63,59
2011-05,Metropolitan Police,00AMGA,18,4,13,25,54,37
2011-05,Metropolitan Police,00AMGC,10,10,14,39,128,70
2011-05,Metropolitan Police,00AMGB,7,5,13,21,24,24
2011-05,Metropolitan Police,00AMGE,17,10,12,45,87,168
2011-05,Metropolitan Police,00AMGD,6,0,14,21,63,56
2011-05,Metropolitan Police,00AMGG,6,3,14,26,111,104
2011-05,Metropolitan Police,00AMGF,9,6,9,22,99,48
2011-05,Metropolitan Police,00AMGH,8,8,12,24,63,41
2011-05,Metropolitan Police,00AMGK,27,16,12,20,83,73
2011-05,Metropolitan Police,00AMGJ,35,11,17,39,119,340
2011-05,Metropolitan Police,00AMGM,7,13,21,19,69,47
2011-05,Metropolitan Police,00AMGL,4,1,14,17,60,21
2011-05,Metropolitan Police,00AMGN,9,4,15,12,65,41
2011-05,Metropolitan Police,00AMGQ,9,8,6,23,82,114
2011-05,Metropolitan Police,00AMGP,5,1,6,20,54,31
2011-05,Metropolitan Police,00AMGS,11,9,13,20,51,63
2011-05,Metropolitan Police,00AMGR,2,2,14,14,53,38
2011-05,Metropolitan Police,00AMGU,5,5,19,24,50,51
2011-05,Metropolitan Police,00AMGT,12,8,16,29,61,68
2011-05,Metropolitan Police,00ATFY,14,1,20,26,68,61
2011-05,Metropolitan Police,00BKGB,13,2,5,6,65,45
2011-05,Metropolitan Police,00AJGR,9,5,13,25,26,45
2011-05,Metropolitan Police,00AJGS,13,9,17,22,67,73
2011-05,Metropolitan Police,00AJGP,14,3,24,15,61,33
2011-05,Metropolitan Police,00AJGQ,12,4,15,8,26,43
2011-05,Metropolitan Police,00AJGW,29,2,21,16,53,65
2011-05,Metropolitan Police,00AJGT,15,4,39,21,99,82
2011-05,Metropolitan Police,00AJGU,6,5,20,47,109,72
2011-05,Metropolitan Police,00AJGZ,4,6,18,41,91,58
2011-05,Metropolitan Police,00AJGX,14,6,24,43,92,86
2011-05,Metropolitan Police,00AJGY,12,8,17,46,138,86
2011-05,Metropolitan Police,00AJGC,12,3,18,37,114,73
2011-05,Metropolitan Police,00AJGF,11,5,12,35,118,133
2011-05,Metropolitan Police,00AJGG,20,4,9,20,61,77
2011-05,Metropolitan Police,00AJGD,14,2,20,23,35,38
2011-05,Metropolitan Police,00AJGE,15,10,24,33,62,41
2011-05,Metropolitan Police,00AJGJ,15,6,16,40,128,78
2011-05,Metropolitan Police,00AJGK,15,6,23,43,116,83
2011-05,Metropolitan Police,00AJGH,20,9,55,42,91,107
2011-05,Metropolitan Police,00BCGA,16,3,6,8,48,25
2011-05,Metropolitan Police,00AJGN,18,3,12,23,60,31
2011-05,Metropolitan Police,00AJGL,16,5,24,18,50,40
2011-05,Metropolitan Police,00AJGM,14,1,21,10,39,33
2011-05,Metropolitan Police,00AHGT,11,4,9,20,42,44
2011-05,Metropolitan Police,00ANGG,9,2,28,51,118,145
2011-05,Metropolitan Police,00AHGW,30,14,16,38,143,84
2011-05,Metropolitan Police,00AHGP,9,2,16,12,42,41
2011-05,Metropolitan Police,00AHGQ,7,3,11,16,34,29
2011-05,Metropolitan Police,00AEHA,22,9,35,40,127,94
2011-05,Metropolitan Police,00AEHB,14,15,9,26,76,43
2011-05,Metropolitan Police,00AEHC,13,10,21,43,63,95
2011-05,Metropolitan Police,00AEHD,17,16,4,25,88,38
2011-05,Metropolitan Police,00AEHE,14,14,10,42,107,89
2011-05,Metropolitan Police,00AEHF,20,4,12,42,110,65
2011-05,Metropolitan Police,00ATFZ,12,7,13,17,70,58
2011-05,Metropolitan Police,00AWGR,7,2,11,14,72,67
2011-05,Metropolitan Police,00AWGQ,20,8,12,24,62,35
2011-05,Metropolitan Police,00AWGP,5,1,9,9,28,67
2011-05,Metropolitan Police,00AHGX,7,1,4,6,31,11
2011-05,Metropolitan Police,00ANGK,7,4,27,12,31,25
2011-05,Metropolitan Police,00AWGG,9,4,13,13,40,69
2011-05,Metropolitan Police,00AWGF,7,5,8,33,51,58
2011-05,Metropolitan Police,00AWGE,9,2,15,18,51,53
2011-05,Metropolitan Police,00AWGD,13,2,12,19,28,47
2011-05,Metropolitan Police,00AWGC,19,2,10,4,32,67
2011-05,Metropolitan Police,00AWGB,10,4,6,25,64,91
2011-05,Metropolitan Police,00AWGA,7,4,11,8,24,80
2011-05,Metropolitan Police,00AWGN,7,2,5,9,15,38
2011-05,Metropolitan Police,00AWGM,8,1,12,8,35,59
2011-05,Metropolitan Police,00AWGL,8,1,6,16,32,76
2011-05,Metropolitan Police,00AWGK,8,4,10,27,77,37
2011-05,Metropolitan Police,00AWGJ,16,6,17,12,34,40
2011-05,Metropolitan Police,00BJGN,9,0,20,17,45,62
2011-05,Metropolitan Police,00AWGH,11,5,22,10,27,63
2011-05,Metropolitan Police,00AYGU,17,9,14,34,91,52
2011-05,Metropolitan Police,00AYGT,18,11,26,15,43,49
2011-05,Metropolitan Police,00AYGW,10,12,16,17,75,63
2011-05,Metropolitan Police,00AYGQ,15,8,11,19,64,37
2011-05,Metropolitan Police,00AYGP,11,10,17,12,72,30
2011-05,Metropolitan Police,00AYGS,13,6,8,10,42,22
2011-05,Metropolitan Police,00AYGR,22,19,12,13,70,39
2011-05,Metropolitan Police,00AYGM,31,15,5,32,77,53
2011-05,Metropolitan Police,00AYGL,9,22,7,31,79,104
2011-05,Metropolitan Police,00AYGN,9,16,16,32,87,74
2011-05,Metropolitan Police,00AYGH,24,8,20,30,82,40
2011-05,Metropolitan Police,00AYGK,9,17,23,33,95,74
2011-05,Metropolitan Police,00AYGJ,14,20,18,37,92,101
2011-05,Metropolitan Police,00AYGE,18,13,15,40,63,119
2011-05,Metropolitan Police,00AXFZ,3,4,9,10,48,33
2011-05,Metropolitan Police,00AYGG,22,4,25,32,59,87
2011-05,Metropolitan Police,00AXFX,6,2,3,4,24,11
2011-05,Metropolitan Police,00AHX1,18,14,14,27,85,60
2011-05,Metropolitan Police,00AYGC,21,10,12,42,96,159
2011-05,Metropolitan Police,00AYGB,16,18,10,9,45,66
2011-05,Metropolitan Police,00BEGL,16,4,13,23,88,78
2011-05,Metropolitan Police,00BKGF,7,3,15,25,65,30
2011-05,Metropolitan Police,00BEGN,13,12,11,42,85,91
2011-05,Metropolitan Police,00BEGH,14,5,5,13,37,40
2011-05,Metropolitan Police,00BEGJ,8,24,9,39,120,119
2011-05,Metropolitan Police,00BEGK,14,11,12,32,59,73
2011-05,Metropolitan Police,00BEGD,7,13,13,57,103,98
2011-05,Metropolitan Police,00BEGE,14,12,18,41,150,208
2011-05,Metropolitan Police,00BEGF,17,10,12,19,52,127
2011-05,Metropolitan Police,00BEGG,13,9,18,18,34,46
2011-05,Metropolitan Police,00BKGD,3,0,6,15,61,34
2011-05,Metropolitan Police,00BEGC,19,7,13,23,86,67
2011-05,Metropolitan Police,00BKGE,4,11,11,25,132,31
2011-05,Metropolitan Police,00BEGX,7,14,10,14,53,40
2011-05,Metropolitan Police,00BEGY,20,10,8,48,129,115
2011-05,Metropolitan Police,00BEGZ,12,13,14,11,64,40
2011-05,Metropolitan Police,00BEGT,10,12,14,21,65,66
2011-05,Metropolitan Police,00BEGU,12,12,20,30,68,49
2011-05,Metropolitan Police,00BEGW,13,6,19,16,82,38
2011-05,Metropolitan Police,00BEGP,12,6,17,36,52,72
2011-05,Metropolitan Police,00BEGQ,6,10,25,43,46,75
2011-05,Metropolitan Police,00BEGR,14,9,11,14,34,38
2011-05,Metropolitan Police,00BEGS,10,3,14,40,99,101
2011-05,Metropolitan Police,00BKGU,6,13,9,29,59,46
2011-05,Metropolitan Police,00BKGA,5,10,20,8,43,19
2011-05,Metropolitan Police,00BDFW,12,0,11,6,25,32
2011-05,Metropolitan Police,00BDFZ,6,0,5,8,54,41
2011-05,Metropolitan Police,00BDFX,13,1,13,0,34,31
2011-05,Metropolitan Police,00BDFY,9,1,5,4,18,15
2011-05,Metropolitan Police,00BCGT,16,12,42,20,106,89
2011-05,Metropolitan Police,00BCGU,17,12,29,10,27,46
2011-05,Metropolitan Police,00BCGR,5,6,21,20,85,67
2011-05,Metropolitan Police,00BCGS,7,8,18,4,41,34
2011-05,Metropolitan Police,00BCGP,25,4,21,16,67,48
2011-05,Metropolitan Police,00BCGQ,9,2,16,7,41,22
2011-05,Metropolitan Police,00BCGN,12,3,11,3,40,25
2011-05,Metropolitan Police,00BCGL,14,11,50,34,107,71
2011-05,Metropolitan Police,00BCGM,14,9,33,11,38,43
2011-05,Metropolitan Police,00BCGJ,5,1,17,15,52,47
2011-05,Metropolitan Police,00BCGK,16,10,13,15,83,59
2011-05,Metropolitan Police,00BCGH,12,2,12,17,52,28
2011-05,Metropolitan Police,00BCGF,10,7,21,16,53,49
2011-05,Metropolitan Police,00BCGG,15,5,10,12,43,36
2011-05,Metropolitan Police,00BCGD,8,1,16,6,21,23
2011-05,Metropolitan Police,00BCGE,6,11,34,53,145,105
2011-05,Metropolitan Police,00BCGB,5,6,17,12,54,27
2011-05,Metropolitan Police,00BCGC,11,1,19,7,25,45
2011-05,Metropolitan Police,00BKGS,8,9,3,38,119,79
2011-05,Metropolitan Police,00ALGX,9,9,9,23,98,43
2011-05,Metropolitan Police,00ALGY,20,13,18,38,92,115
2011-05,Metropolitan Police,00ALGZ,9,1,9,13,19,31
2011-05,Metropolitan Police,00BKGP,5,9,16,16,54,67
2011-05,Metropolitan Police,00ALGP,13,7,16,27,75,53
2011-05,Metropolitan Police,00ALGQ,22,5,18,13,40,47
2011-05,Metropolitan Police,00ALGR,15,5,22,19,99,71
2011-05,Metropolitan Police,00ALGS,27,0,8,12,42,35
2011-05,Metropolitan Police,00ALGT,7,3,19,8,35,36
2011-05,Metropolitan Police,00ALGU,8,3,14,20,49,44
2011-05,Metropolitan Police,00ALGW,6,2,5,16,33,32
2011-05,Metropolitan Police,00BKGR,2,3,2,8,51,16
2011-05,Metropolitan Police,00AGGG,9,8,10,32,68,72
2011-05,Metropolitan Police,00AGGF,23,12,22,78,119,359
2011-05,Metropolitan Police,00AGGE,48,23,16,47,109,287
2011-05,Metropolitan Police,00AGGD,13,3,18,16,25,33
2011-05,Metropolitan Police,00BAGS,8,1,15,3,16,17
2011-05,Metropolitan Police,00AGGN,16,5,15,15,78,28
2011-05,Metropolitan Police,00AGGM,9,7,18,31,102,84
2011-05,Metropolitan Police,00AGGL,23,3,17,6,31,85
2011-05,Metropolitan Police,00AGGK,15,5,13,9,46,51
2011-05,Metropolitan Police,00AGGJ,20,9,27,5,50,30
2011-05,Metropolitan Police,00AGGH,28,0,9,14,36,25
2011-05,Metropolitan Police,00AGGW,15,3,11,15,42,60
2011-05,Metropolitan Police,00AGGU,8,15,10,29,87,75
2011-05,Metropolitan Police,00AGGT,13,11,19,26,108,123
2011-05,Metropolitan Police,00AGGS,21,13,13,31,100,80
2011-05,Metropolitan Police,00AGGR,12,3,15,29,75,87
2011-05,Metropolitan Police,00AGGQ,8,4,19,30,99,82
2011-05,Metropolitan Police,00AGGP,55,14,42,51,115,374
2011-05,Metropolitan Police,00AGGX,7,4,12,22,35,42
2011-05,Metropolitan Police,00BHGA,4,1,16,13,31,40
2011-05,Metropolitan Police,00AKGZ,22,9,26,12,76,48
2011-05,Metropolitan Police,00AKGY,12,4,25,24,75,46
2011-05,Metropolitan Police,00AKGX,6,7,12,14,76,28
2011-05,Metropolitan Police,00BHGE,13,5,16,16,31,18
2011-05,Metropolitan Police,00BHGD,3,3,13,24,46,30
2011-05,Metropolitan Police,00BHGG,17,13,30,39,108,140
2011-05,Metropolitan Police,00BHGF,14,5,12,15,49,34
2011-05,Metropolitan Police,00AKGS,10,4,7,24,70,29
2011-05,Metropolitan Police,00BHGH,8,11,29,24,48,38
2011-05,Metropolitan Police,00BHGK,20,1,11,17,58,29
2011-05,Metropolitan Police,00AKGP,20,0,13,5,35,20
2011-05,Metropolitan Police,00BHGM,14,9,37,38,87,67
2011-05,Metropolitan Police,00BHGL,19,12,44,27,106,60
2011-05,Metropolitan Police,00AKGU,15,9,17,30,69,35
2011-05,Metropolitan Police,00BHGN,7,15,16,18,57,50
2011-05,Metropolitan Police,00BHGQ,14,2,31,9,35,74
2011-05,Metropolitan Police,00BHGP,12,7,20,19,83,49
2011-05,Metropolitan Police,00BHGS,21,9,25,34,84,50
2011-05,Metropolitan Police,00BHGR,14,15,21,18,60,48
2011-05,Metropolitan Police,00AKGN,4,1,10,6,60,28
2011-05,Metropolitan Police,00AKGM,12,3,18,9,33,39
2011-05,Metropolitan Police,00AKGL,11,1,16,19,30,16
2011-05,Metropolitan Police,00AZGF,21,7,25,37,123,72
2011-05,Metropolitan Police,00AZGG,5,6,12,16,52,31
2011-05,Metropolitan Police,00AZGD,6,13,19,37,69,51
2011-05,Metropolitan Police,00AZGE,12,14,9,36,67,58
2011-05,Metropolitan Police,00AZGJ,9,5,11,39,78,56
2011-05,Metropolitan Police,00AZGK,13,4,17,29,62,76
2011-05,Metropolitan Police,00AZGH,13,6,16,26,73,48
2011-05,Metropolitan Police,00AZGN,17,8,8,16,71,35
2011-05,Metropolitan Police,00AZGL,21,13,10,20,79,50
2011-05,Metropolitan Police,00AZGM,14,5,10,17,51,38
2011-05,Metropolitan Police,00AZGR,25,11,26,61,114,116
2011-05,Metropolitan Police,00AZGS,14,6,11,28,61,32
2011-05,Metropolitan Police,00AZGP,13,7,24,28,82,49
2011-05,Metropolitan Police,00AEGZ,16,9,14,14,71,64
2011-05,Metropolitan Police,00AZGW,12,7,15,26,58,42
2011-05,Metropolitan Police,00AZGT,12,11,17,50,113,77
2011-05,Metropolitan Police,00AZGU,11,10,13,19,85,72
2011-05,Metropolitan Police,00AZGX,11,3,14,41,103,56
2011-05,Metropolitan Police,00BKX8,9,22,8,78,110,427
2011-05,Metropolitan Police,00BKX3,32,14,35,43,102,343
2011-05,Metropolitan Police,00BKX2,12,9,8,27,80,285
2011-05,Metropolitan Police,00BKX1,33,6,21,18,51,179
2011-05,Metropolitan Police,00BKX7,4,5,4,19,57,146
2011-05,Metropolitan Police,00BKX6,15,9,5,57,185,347
2011-05,Metropolitan Police,00BKX5,28,26,14,63,131,599
2011-05,Metropolitan Police,00BKX4,19,21,4,46,110,649
2011-05,Metropolitan Police,00AUFZ,6,3,7,36,117,100
2011-05,Metropolitan Police,00BJGG,10,11,4,33,80,44
2011-05,Metropolitan Police,00AUFX,11,4,9,33,87,120
2011-05,Metropolitan Police,00AUFY,26,10,28,27,99,171
2011-05,Metropolitan Police,00AEGP,11,6,6,17,26,46
2011-05,Metropolitan Police,00BJGE,8,12,14,15,72,40
2011-05,Metropolitan Police,00BJGD,22,5,12,22,34,60
2011-05,Metropolitan Police,00APGT,11,6,11,32,104,44
2011-05,Metropolitan Police,00BJGC,8,5,14,9,25,26
2011-05,Metropolitan Police,00APGP,13,9,31,12,40,27
2011-05,Metropolitan Police,00APGQ,20,15,27,35,103,78
2011-05,Metropolitan Police,00APGR,18,15,29,34,86,71
2011-05,Metropolitan Police,00BJGB,7,6,9,9,52,35
2011-05,Metropolitan Police,00APGL,13,5,21,39,102,61
2011-05,Metropolitan Police,00APGM,17,8,13,17,138,31
2011-05,Metropolitan Police,00APGN,8,10,21,25,84,91
2011-05,Metropolitan Police,00APGH,13,6,4,13,53,30
2011-05,Metropolitan Police,00BJGA,20,7,14,11,35,45
2011-05,Metropolitan Police,00APGJ,17,1,16,7,20,37
2011-05,Metropolitan Police,00APGK,16,27,16,45,172,148
2011-05,Metropolitan Police,00APGD,14,1,10,6,26,40
2011-05,Metropolitan Police,00APGE,21,0,16,8,35,28
2011-05,Metropolitan Police,00APGF,19,15,12,15,95,40
2011-05,Metropolitan Police,00APGG,20,10,21,6,37,35
2011-05,Metropolitan Police,00APGA,13,5,12,9,30,53
2011-05,Metropolitan Police,00APGB,12,6,8,13,104,49
2011-05,Metropolitan Police,00APGC,11,9,19,18,74,35
2011-05,Metropolitan Police,00AQFZ,13,4,12,12,52,19
2011-05,Metropolitan Police,00AQFY,16,2,6,8,17,13
2011-05,Metropolitan Police,00BEGM,8,6,34,38,103,115
2011-05,Metropolitan Police,00BKGN,6,2,6,27,104,48
2011-05,Metropolitan Police,00BHGC,16,2,27,34,82,80
2011-05,Metropolitan Police,00BHGB,9,0,17,16,32,23
2011-05,Metropolitan Police,00AKGR,19,5,15,29,97,48
2011-05,Metropolitan Police,00AKGQ,15,8,46,54,156,81
2011-05,Metropolitan Police,00BHGJ,27,22,32,25,52,40
2011-05,Metropolitan Police,00AKGW,10,0,11,8,52,20
2011-05,Metropolitan Police,00ANGA,21,7,14,20,62,79
2011-05,Metropolitan Police,00BJFZ,24,8,20,11,51,71
2011-05,Metropolitan Police,00AKGT,12,6,20,10,43,48
2011-05,Metropolitan Police,00BCFY,7,3,18,9,58,113
2011-05,Metropolitan Police,00BCFZ,13,5,9,12,43,27
2011-05,Metropolitan Police,00BKGG,18,10,19,24,124,141
2011-05,Metropolitan Police,00ACFX,31,4,18,9,38,32
2011-05,Metropolitan Police,00ACFY,14,7,8,23,96,41
2011-05,Metropolitan Police,00ACFZ,43,13,29,30,91,75
2011-05,Metropolitan Police,00AJHB,3,8,15,32,66,75
2011-05,Metropolitan Police,00AJHA,8,5,23,17,33,42
2011-05,Metropolitan Police,00ABGJ,10,2,13,12,44,22
2011-05,Metropolitan Police,00ABGK,17,0,18,28,68,31
2011-05,Metropolitan Police,00ABGH,2,12,12,28,48,37
2011-05,Metropolitan Police,00ABGN,12,4,10,17,71,47
2011-05,Metropolitan Police,00ABGL,20,4,45,21,55,50
2011-05,Metropolitan Police,00ABGM,9,2,9,7,51,25
2011-05,Metropolitan Police,00ABGB,7,6,18,22,56,34
2011-05,Metropolitan Police,00ABGC,7,4,13,30,85,40
2011-05,Metropolitan Police,00ABGA,10,5,7,21,47,49
2011-05,Metropolitan Police,00ABGF,11,5,22,17,64,34
2011-05,Metropolitan Police,00ABGG,12,3,22,20,68,30
2011-05,Metropolitan Police,00ABGD,9,8,22,32,66,85
2011-05,Metropolitan Police,00ABGE,20,11,6,29,47,48
2011-05,Metropolitan Police,00ABGP,13,2,19,9,51,32
2011-05,Metropolitan Police,00BFGS,13,1,8,17,28,42
2011-05,Metropolitan Police,00BDGD,12,0,7,18,43,18
2011-05,Metropolitan Police,00BFGQ,5,1,6,6,36,15
2011-05,Metropolitan Police,00BDGF,12,0,7,10,31,18
2011-05,Metropolitan Police,00BDGA,14,0,10,3,23,28
2011-05,Metropolitan Police,00BFGU,11,3,9,20,47,37
2011-05,Metropolitan Police,00BFGT,6,3,7,10,52,37
2011-05,Metropolitan Police,00BDGM,13,1,4,16,42,37
2011-05,Metropolitan Police,00BDGL,8,1,5,3,37,25
2011-05,Metropolitan Police,00BDGN,17,1,11,3,23,31
2011-05,Metropolitan Police,00BDGH,8,0,20,17,31,22
2011-05,Metropolitan Police,00BDGK,5,0,12,10,25,21
2011-05,Metropolitan Police,00BDGJ,11,1,7,12,57,69
2011-05,Metropolitan Police,00BFGC,12,0,11,11,35,28
2011-05,Metropolitan Police,00AZGQ,25,11,12,69,255,154
2011-05,Metropolitan Police,00BFGG,4,1,7,4,10,17
2011-05,Metropolitan Police,00BDGP,10,4,5,14,23,23
2011-05,Metropolitan Police,00BFGE,10,0,8,6,24,7
2011-05,Metropolitan Police,00BFGD,12,6,10,12,40,33
2011-05,Metropolitan Police,00BFGK,8,4,8,18,60,43
2011-05,Metropolitan Police,00BFGJ,3,5,6,7,25,22
2011-05,Metropolitan Police,00BFGH,7,1,8,12,30,23
2011-05,Metropolitan Police,00BFGN,7,1,3,7,55,17
2011-05,Metropolitan Police,00BFGM,10,7,8,38,69,119
2011-05,Metropolitan Police,00BFGL,5,1,14,12,32,21
2011-05,Metropolitan Police,00AQGU,2,4,6,10,25,24
2011-05,Metropolitan Police,00AQGT,20,3,5,15,39,31
2011-05,Metropolitan Police,00AQGQ,12,3,9,19,64,28
2011-05,Metropolitan Police,00AQGP,10,0,7,6,18,14
2011-05,Metropolitan Police,00AQGS,11,1,12,13,45,32
2011-05,Metropolitan Police,00AQGR,9,9,14,12,26,24
2011-05,Metropolitan Police,00AQGE,17,2,6,10,20,28
2011-05,Metropolitan Police,00AQGD,18,5,8,20,51,25
2011-05,Metropolitan Police,00AQGG,14,1,3,13,20,13
2011-05,Metropolitan Police,00AQGF,7,1,6,10,14,14
2011-05,Metropolitan Police,00AQGA,14,5,1,11,32,24
2011-05,Metropolitan Police,00AQGC,11,7,6,12,66,36
2011-05,Metropolitan Police,00AQGB,20,6,13,33,100,104
2011-05,Metropolitan Police,00AQGM,6,0,4,9,14,9
2011-05,Metropolitan Police,00AQGL,13,2,11,4,23,28
2011-05,Metropolitan Police,00AQGN,9,4,8,10,21,15
2011-05,Metropolitan Police,00AQGH,12,1,1,10,13,17
2011-05,Metropolitan Police,00AQGK,14,8,8,21,41,47
2011-05,Metropolitan Police,00AQGJ,15,4,6,8,27,21
2011-05,Metropolitan Police,00ADGP,9,4,13,11,22,36
2011-05,Metropolitan Police,00ADGQ,7,0,18,7,37,25
2011-05,Metropolitan Police,00ADGR,13,4,10,34,102,45
2011-05,Metropolitan Police,00ADGS,1,1,4,11,25,15
2011-05,Metropolitan Police,00ADGT,6,1,11,8,21,10
2011-05,Metropolitan Police,00BKGC,13,7,18,17,96,128
2011-05,Metropolitan Police,00ADGW,10,1,3,8,43,24
2011-05,Metropolitan Police,00ADGX,6,1,8,20,52,44
2011-05,Metropolitan Police,00BKGL,4,7,23,9,55,31
2011-05,Metropolitan Police,00BKGM,12,6,31,11,39,124
2011-05,Metropolitan Police,00BKGJ,18,9,13,17,104,123
2011-05,Metropolitan Police,00BKGK,8,14,23,19,69,56
2011-05,Metropolitan Police,00BKGH,9,5,9,20,48,122
2011-05,Metropolitan Police,00ADGA,4,2,10,6,30,21
2011-05,Metropolitan Police,00ADGB,7,0,16,24,47,36
2011-05,Metropolitan Police,00ADGC,5,0,2,3,29,15
2011-05,Metropolitan Police,00ADGD,5,0,2,7,17,19
2011-05,Metropolitan Police,00ADGE,7,1,3,6,20,22
2011-05,Metropolitan Police,00ADGF,9,1,7,30,56,72
2011-05,Metropolitan Police,00ADGG,5,2,5,10,39,27
2011-05,Metropolitan Police,00ADGH,3,1,9,14,44,38
2011-05,Metropolitan Police,00ADGJ,7,0,7,10,35,14
2011-05,Metropolitan Police,00ADGK,3,1,9,13,46,35
2011-05,Metropolitan Police,00ADGL,10,3,5,10,36,24
2011-05,Metropolitan Police,00ADGM,17,0,9,25,77,46
2011-05,Metropolitan Police,00ADGN,7,1,10,14,26,31
2011-05,Metropolitan Police,00ASGZ,4,2,10,26,73,54
2011-05,Metropolitan Police,00ASGG,24,9,18,28,81,46
2011-05,Metropolitan Police,00AUGH,8,8,19,26,76,53
2011-05,Metropolitan Police,00ASGK,7,1,6,11,32,15
2011-05,Metropolitan Police,00ASGJ,10,4,9,30,82,56
2011-05,Metropolitan Police,00ASGH,28,8,19,29,62,54
2011-05,Metropolitan Police,00ASGN,10,0,4,6,16,25
2011-05,Metropolitan Police,00ASGM,18,1,15,8,32,16
2011-05,Metropolitan Police,00ASGL,9,3,7,16,60,28
2011-05,Metropolitan Police,00ASGS,4,1,7,6,19,21
2011-05,Metropolitan Police,00ASGR,13,0,4,3,14,16
2011-05,Metropolitan Police,00ASGQ,12,4,7,17,44,27
2011-05,Metropolitan Police,00ASGP,15,3,31,49,278,245
2011-05,Metropolitan Police,00ASGW,22,6,23,29,43,35
2011-05,Metropolitan Police,00ASGU,12,1,15,16,51,25
2011-05,Metropolitan Police,00ASGT,15,0,29,7,16,23
2011-05,Metropolitan Police,00AHHE,9,1,12,25,73,35
2011-05,Metropolitan Police,00AHHD,30,9,17,33,66,80
2011-05,Metropolitan Police,00ASGY,25,6,28,37,107,86
2011-05,Metropolitan Police,00ASGX,11,3,16,6,56,32
2011-05,Metropolitan Police,00AHHA,15,7,11,41,95,72
2011-05,Metropolitan Police,00AHHC,23,4,28,22,87,52
2011-05,Metropolitan Police,00AHHB,8,7,7,19,47,34
2011-05,Metropolitan Police,00AKHF,11,3,23,21,81,34
2011-05,Metropolitan Police,00AUGK,21,4,10,17,55,47
2011-05,Metropolitan Police,00AUGJ,10,9,17,29,102,46
2011-05,Metropolitan Police,00AUGM,21,7,12,28,95,91
2011-05,Metropolitan Police,00AUGL,11,15,12,36,125,212
2011-05,Metropolitan Police,00AUGN,19,4,11,30,77,53
2011-05,Metropolitan Police,00AUGA,22,4,10,14,58,53
2011-05,Metropolitan Police,00AUGC,28,13,21,50,121,117
2011-05,Metropolitan Police,00AUGB,24,5,25,22,110,120
2011-05,Metropolitan Police,00AUGE,20,4,11,27,124,62
2011-05,Metropolitan Police,00AKHD,27,7,14,15,60,46
2011-05,Metropolitan Police,00AUGG,14,5,10,36,89,61
2011-05,Metropolitan Police,00AUGF,9,4,18,17,68,21
2011-05,Metropolitan Police,00AKHE,11,2,14,15,83,37
2011-05,Metropolitan Police,00AKHB,8,4,17,21,60,63
2011-05,Metropolitan Police,00AKHC,7,7,13,16,82,35
2011-05,Metropolitan Police,00BAGP,15,5,4,12,51,67
2011-05,Metropolitan Police,00BAGQ,10,0,7,6,13,12
2011-05,Metropolitan Police,00BAGR,6,2,5,4,21,36
2011-05,Metropolitan Police,00ABFX,17,11,25,46,119,109
2011-05,Metropolitan Police,00AKHA,14,14,17,33,141,65
2011-05,Metropolitan Police,00AUGD,24,3,14,18,63,48
2011-05,Metropolitan Police,00BAGA,11,5,9,14,65,48
2011-05,Metropolitan Police,00BAGB,8,0,5,14,24,36
2011-05,Metropolitan Police,00BAGC,6,13,8,17,50,46
2011-05,Metropolitan Police,00BAGD,9,4,13,11,19,30
2011-05,Metropolitan Police,00BAGE,14,0,6,4,14,27
2011-05,Metropolitan Police,00BAGF,6,0,3,20,40,21
2011-05,Metropolitan Police,00BAGG,9,3,8,11,20,11
2011-05,Metropolitan Police,00BAGH,2,0,9,5,16,28
2011-05,Metropolitan Police,00BAGJ,2,0,2,6,32,34
2011-05,Metropolitan Police,00BAGK,6,10,5,17,95,33
2011-05,Metropolitan Police,00BAGL,10,6,5,16,33,37
2011-05,Metropolitan Police,00BAGM,2,0,4,5,15,22
2011-05,Metropolitan Police,00BAGN,5,1,3,12,39,31
2011-05,Metropolitan Police,00ACGS,20,14,18,30,80,98
2011-05,Metropolitan Police,00ACGR,13,6,26,8,53,57
2011-05,Metropolitan Police,00ACGQ,19,3,7,27,52,37
2011-05,Metropolitan Police,00ACGP,20,1,10,10,40,28
2011-05,Metropolitan Police,00ACGT,22,6,33,29,49,75
2011-05,Metropolitan Police,00ACGC,21,2,12,14,45,22
2011-05,Metropolitan Police,00ACGB,25,7,22,15,61,36
2011-05,Metropolitan Police,00ACGA,16,8,7,26,105,54
2011-05,Metropolitan Police,00ACGG,23,2,46,15,38,31
2011-05,Metropolitan Police,00ACGF,14,2,11,7,44,22
2011-05,Metropolitan Police,00ACGE,17,5,23,28,101,83
2011-05,Metropolitan Police,00ACGD,12,3,13,17,44,37
2011-05,Metropolitan Police,00ACGK,14,3,13,19,66,39
2011-05,Metropolitan Police,00ACGJ,19,3,9,12,55,39
2011-05,Metropolitan Police,00ACGH,28,6,21,15,73,49
2011-05,Metropolitan Police,00ACGN,22,2,4,13,44,36
2011-05,Metropolitan Police,00ACGM,18,5,22,25,61,48
2011-05,Metropolitan Police,00ACGL,29,6,27,21,75,45
2011-05,Metropolitan Police,00BKGT,5,0,5,9,44,46
2011-05,Metropolitan Police,00AYGD,16,17,16,58,149,114
2011-05,Metropolitan Police,00APGS,10,5,18,15,80,42
2011-05,Metropolitan Police,00AXFY,4,0,2,3,24,12
2011-05,Metropolitan Police,00BGGJ,16,3,30,11,62,69
2011-05,Metropolitan Police,00BGGK,12,7,18,22,80,54
2011-05,Metropolitan Police,00BGGH,14,10,13,32,85,45
2011-05,Metropolitan Police,00AYGF,14,1,10,23,48,26
2011-05,Metropolitan Police,00BGGN,26,16,32,65,164,98
2011-05,Metropolitan Police,00BGGL,17,14,13,42,141,190
2011-05,Metropolitan Police,00BGGM,16,16,10,40,146,143
2011-05,Metropolitan Police,00BGGB,15,5,15,31,136,39
2011-05,Metropolitan Police,00BGGC,10,8,14,38,94,43
2011-05,Metropolitan Police,00BGGA,22,7,8,27,76,65
2011-05,Metropolitan Police,00BGGF,7,14,18,42,105,63
2011-05,Metropolitan Police,00BGGG,13,0,11,42,111,104
2011-05,Metropolitan Police,00BGGD,15,4,10,32,108,65
2011-05,Metropolitan Police,00BGGE,13,12,11,33,93,63
2011-05,Metropolitan Police,00ANGF,12,3,23,20,74,68
2011-05,Metropolitan Police,00AHGU,5,2,9,9,25,24
2011-05,Metropolitan Police,00ANGD,29,4,22,37,55,54
2011-05,Metropolitan Police,00ANGE,5,12,24,23,84,53
2011-05,Metropolitan Police,00ANGB,16,5,19,12,62,37
2011-05,Metropolitan Police,00ANGC,17,5,8,7,54,48
2011-05,Metropolitan Police,00AHGR,6,1,17,18,93,48
2011-05,Metropolitan Police,00AHGS,12,11,9,21,72,44
2011-05,Metropolitan Police,00ANGN,10,2,23,11,48,39
2011-05,Metropolitan Police,00ANGL,30,3,38,13,65,52
2011-05,Metropolitan Police,00ANGM,17,4,27,27,68,56
2011-05,Metropolitan Police,00ANGJ,7,13,24,31,58,64
2011-05,Metropolitan Police,00AHGY,11,1,10,16,34,24
2011-05,Metropolitan Police,00AHGZ,22,9,11,37,66,56
2011-05,Metropolitan Police,00AHGE,17,0,14,22,61,41
2011-05,Metropolitan Police,00AHGF,14,3,17,16,35,35
2011-05,Metropolitan Police,00AHGG,26,14,13,28,80,47
2011-05,Metropolitan Police,00ANGR,13,5,15,25,62,34
2011-05,Metropolitan Police,00ANGP,7,12,26,60,156,215
2011-05,Metropolitan Police,00ANGQ,16,1,16,16,50,54
2011-05,Metropolitan Police,00AHGL,19,2,13,23,50,56
2011-05,Metropolitan Police,00AHGM,28,20,18,96,181,214
2011-05,Metropolitan Police,00AHGN,4,2,14,16,42,21
2011-05,Metropolitan Police,00AHGH,24,16,28,45,166,180
2011-05,Metropolitan Police,00AHGJ,4,0,8,8,32,23
2011-05,Metropolitan Police,00AHGK,11,0,9,9,37,23
2011-05,Metropolitan Police,00ARGR,15,9,17,71,155,210
2011-05,Metropolitan Police,00ARGS,14,5,10,14,41,51
2011-05,Metropolitan Police,00ARGP,15,2,12,7,18,33
2011-05,Metropolitan Police,00ARGQ,16,3,13,12,54,31
2011-05,Metropolitan Police,00ARGW,12,0,12,6,26,29
2011-05,Metropolitan Police,00ARGT,20,8,32,13,38,41
2011-05,Metropolitan Police,00ARGU,15,1,9,9,26,22
2011-05,Metropolitan Police,00ARGJ,22,5,13,15,49,35
2011-05,Metropolitan Police,00ARGK,11,0,16,20,51,22
2011-05,Metropolitan Police,00ARGH,6,0,5,4,27,10
2011-05,Metropolitan Police,00ARGN,9,2,11,21,53,36
2011-05,Metropolitan Police,00ARGL,13,1,10,20,68,36
2011-05,Metropolitan Police,00ARGM,5,6,7,11,25,40
2011-05,Metropolitan Police,00ARGC,20,2,19,20,75,46
2011-05,Metropolitan Police,00ARGF,5,0,7,1,14,28
2011-05,Metropolitan Police,00ARGG,24,5,21,30,59,48
2011-05,Metropolitan Police,00ARGD,3,0,3,2,22,17
2011-05,Metropolitan Police,00ARGE,7,2,14,21,49,23
2011-05,Metropolitan Police,00AEGY,18,10,16,17,58,58
2011-05,Metropolitan Police,00AEGX,19,14,6,35,43,50
2011-05,Metropolitan Police,00BJGM,10,2,9,23,46,63
2011-05,Metropolitan Police,00BJGL,8,3,19,20,73,42
2011-05,Metropolitan Police,00BJGK,3,22,25,15,98,57
2011-05,Metropolitan Police,00BJGJ,21,4,12,12,49,76
2011-05,Metropolitan Police,00BJGH,11,6,16,7,56,48
2011-05,Metropolitan Police,00AEGQ,25,14,8,44,123,100
2011-05,Metropolitan Police,00BJGF,22,7,14,23,77,79
2011-05,Metropolitan Police,00AEGS,10,13,5,15,22,26
2011-05,Metropolitan Police,00AEGR,15,8,16,32,67,57
2011-05,Metropolitan Police,00AEGU,21,4,25,21,72,51
2011-05,Metropolitan Police,00AEGT,11,7,29,33,138,153
2011-05,Metropolitan Police,00AEGW,16,8,17,20,29,25
2011-05,Metropolitan Police,00AEGK,8,4,11,16,36,69
2011-05,Metropolitan Police,00AEGJ,17,7,13,27,54,38
2011-05,Metropolitan Police,00AEGM,12,15,12,18,64,29
2011-05,Metropolitan Police,00AEGL,15,10,8,18,52,57
2011-05,Metropolitan Police,00AEGN,11,15,17,37,30,51
2011-05,Metropolitan Police,00BJGU,13,5,14,10,30,34
2011-05,Metropolitan Police,00BJGT,8,2,16,10,57,30
2011-05,Metropolitan Police,00BJGS,12,7,13,14,65,21
2011-05,Metropolitan Police,00BJGR,19,14,14,22,75,72
2011-05,Metropolitan Police,00BJGQ,19,6,18,17,46,84
2011-05,Metropolitan Police,00BJGP,10,2,25,15,67,81
2011-05,Metropolitan Police,00AYGA,20,10,8,21,59,47
2011-05,Metropolitan Police,00AFHB,6,5,5,9,23,30
2011-05,Metropolitan Police,00AFHA,3,1,1,2,7,6
2011-05,Metropolitan Police,00AWFY,2,0,7,17,31,60
2011-05,Metropolitan Police,00AWFZ,10,9,15,18,50,208
2011-05,Metropolitan Police,00AXGD,13,1,8,10,30,23
2011-05,Metropolitan Police,00AXGE,4,0,1,3,17,13
2011-05,Metropolitan Police,00AXGF,8,13,12,49,124,199
2011-05,Metropolitan Police,00AXGG,5,0,5,17,41,35
2011-05,Metropolitan Police,00AYFZ,11,22,14,35,107,180
2011-05,Metropolitan Police,00AXGA,9,2,5,8,49,26
2011-05,Metropolitan Police,00AXGB,4,0,4,4,49,21
2011-05,Metropolitan Police,00AXGC,2,4,4,6,46,19
2011-05,Metropolitan Police,00AXGL,3,0,3,3,14,13
2011-05,Metropolitan Police,00AXGM,9,0,4,15,37,24
2011-05,Metropolitan Police,00AXGN,9,0,3,2,23,23
2011-05,Metropolitan Police,00AXGH,5,2,4,9,16,15
2011-05,Metropolitan Police,00BDGG,17,1,7,8,37,30
2011-05,Metropolitan Police,00AXGJ,7,0,2,4,13,4
2011-05,Metropolitan Police,00AXGK,8,0,5,9,39,32
2011-05,Metropolitan Police,00ATGS,5,1,8,35,77,44
2011-05,Metropolitan Police,00ATGA,16,2,30,12,44,60
2011-05,Metropolitan Police,00ATGB,4,1,10,10,43,36
2011-05,Metropolitan Police,00ATGC,13,1,15,22,72,49
2011-05,Metropolitan Police,00ATGD,14,4,11,23,52,52
2011-05,Metropolitan Police,00ATGE,8,1,12,40,78,59
2011-05,Metropolitan Police,00ATGF,14,2,10,25,60,36
2011-05,Metropolitan Police,00ATGG,9,4,11,24,58,37
2011-05,Metropolitan Police,00ATGH,12,4,11,17,66,39
2011-05,Metropolitan Police,00ATGJ,15,1,16,23,49,35
2011-05,Metropolitan Police,00ATGK,9,2,25,33,63,97
2011-05,Metropolitan Police,00ATGL,14,8,13,64,163,152
2011-05,Metropolitan Police,00ATGM,11,2,5,42,72,60
2011-05,Metropolitan Police,00ATGN,14,1,10,9,30,25
2011-05,Metropolitan Police,00ABFY,8,2,12,23,61,40
2011-05,Metropolitan Police,00ATGQ,9,0,9,38,58,67
2011-05,Metropolitan Police,00ATGR,19,1,17,14,39,52
2011-05,Metropolitan Police,00ABFZ,9,5,20,25,50,54
2011-05,Metropolitan Police,00ATGT,9,1,13,11,53,59
