family_id,data_type,type,involved_person,datetime,operation,operation_name,location_latitude,location_longitude,location_street_id,location_street_name,gender,age_range,self_defined_ethnicity,officer_defined_ethnicity,legislation,object_of_search,outcome,outcome_linked_to_object_of_search,removal_of_more_than_outer_clothing,on_family_road
1220,stop_and_search,Person and Vehicle search,True,2015-05-20T20:48:00+00:00,False,,51.161027,0.871468,834032,On or near Rutherford Road,Male,18-24,White - White British (W1),White,Misuse of Drugs Act 1971 (section 23),Controlled drugs,Offender given drugs possession warning,,,False
1220,stop_and_search,Person search,True,2015-05-20T20:48:00+00:00,False,,51.161027,0.871468,834032,On or near Rutherford Road,Male,18-24,White - White British (W1),White,Misuse of Drugs Act 1971 (section 23),Controlled drugs,Offender given drugs possession warning,,,False
1220,stop_and_search,Person and Vehicle search,True,2015-05-20T20:48:00+00:00,False,,51.161027,0.871468,834032,On or near Rutherford Road,Male,18-24,White - White British (W1),White,Misuse of Drugs Act 1971 (section 23),Controlled drugs,Offender given drugs possession warning,,,False
1220,stop_and_search,Person and Vehicle search,True,2015-06-12T22:30:00+00:00,False,,51.161027,0.871468,834032,On or near Rutherford Road,Male,18-24,White - White British (W1),White,Misuse of Drugs Act 1971 (section 23),Controlled drugs,Offender given drugs possession warning,,,False
1220,stop_and_search,Person search,True,2015-06-12T22:30:00+00:00,False,,51.161027,0.871468,834032,On or near Rutherford Road,Male,18-24,White - White British (W1),White,Misuse of Drugs Act 1971 (section 23),Controlled drugs,Offender given drugs possession warning,,,False
1220,stop_and_search,Person search,True,2015-09-06T16:45:00+00:00,False,,51.161368,0.875523,834033,On or near Rectory Way,Male,10-17,Not Stated (NS),White,Misuse of Drugs Act 1971 (section 23),Controlled drugs,False,False,,False
1220,stop_and_search,Person and Vehicle search,True,2015-10-27T13:25:00+00:00,False,,51.167214,0.876988,834003,On or near Bockhanger Lane,Male,10-17,Chinese or other ethnic group - Any other ethnic group (O9),White,Police and Criminal Evidence Act 1984 (section 1),Offensive weapons,False,True,,False
1220,stop_and_search,Person search,True,2015-11-04T23:30:00+00:00,False,,51.164299,0.881398,834004,On or near Belmont Road,Male,18-24,White - White British (W1),White,Misuse of Drugs Act 1971 (section 23),Controlled drugs,Offender given drugs possession warning,True,,False
