Month,Force,Neighbourhood,Burglary,Robbery,Vehicle crime,Violent crime,Anti-social behaviour,Criminal damage and arson,Shoplifting,Other theft,Drugs,Public disorder and weapons,Other crime
2011-10,South Wales Police,216,0,0,1,0,9,0,0,3,0,0,1
2011-10,South Wales Police,217,17,0,9,12,66,21,10,10,2,6,17
2011-10,South Wales Police,214,0,0,1,4,12,2,2,1,0,0,0
2011-10,South Wales Police,215,1,0,0,0,4,0,0,1,0,0,0
2011-10,South Wales Police,212,0,0,2,0,11,4,0,0,2,0,0
2011-10,South Wales Police,213,5,1,7,1,50,16,5,13,2,1,7
2011-10,South Wales Police,210,0,0,1,0,4,3,0,1,0,1,0
2011-10,South Wales Police,211,3,0,5,4,44,9,0,5,8,1,2
2011-10,South Wales Police,218,6,0,4,7,27,6,5,6,1,3,1
2011-10,South Wales Police,219,2,0,3,1,6,2,0,0,0,0,0
2011-10,South Wales Police,133,0,0,0,1,1,0,0,2,0,0,1
2011-10,South Wales Police,132,0,0,8,0,4,0,2,1,0,0,0
2011-10,South Wales Police,131,2,0,4,0,15,3,0,0,0,0,1
2011-10,South Wales Police,130,4,0,2,2,19,9,0,5,1,0,3
2011-10,South Wales Police,137,3,0,3,2,26,5,2,0,0,0,0
2011-10,South Wales Police,136,1,0,1,1,24,1,0,1,1,0,0
2011-10,South Wales Police,135,0,0,0,2,8,1,0,2,0,0,1
2011-10,South Wales Police,165,0,0,0,0,1,0,0,1,1,0,0
2011-10,South Wales Police,139,0,0,2,2,26,2,0,1,0,0,0
2011-10,South Wales Police,166,0,0,0,0,3,1,0,0,0,0,0
2011-10,South Wales Police,24,0,1,2,3,11,5,0,1,1,1,0
2011-10,South Wales Police,25,0,0,1,5,18,3,0,0,0,1,0
2011-10,South Wales Police,26,1,0,0,0,13,10,0,2,3,1,1
2011-10,South Wales Police,27,5,0,3,8,28,4,7,6,10,8,3
2011-10,South Wales Police,20,0,0,1,1,11,6,0,0,1,0,0
2011-10,South Wales Police,21,6,0,1,3,12,4,0,1,0,3,0
2011-10,South Wales Police,22,0,0,5,1,17,2,4,3,0,0,0
2011-10,South Wales Police,23,1,0,2,3,24,10,2,3,1,2,0
2011-10,South Wales Police,160,2,0,0,0,10,4,0,0,2,0,0
2011-10,South Wales Police,28,4,0,1,3,20,5,3,5,1,0,0
2011-10,South Wales Police,29,0,0,2,2,16,9,0,0,0,1,0
2011-10,South Wales Police,161,0,0,0,3,16,2,0,3,0,0,0
2011-10,South Wales Police,4,2,0,7,5,48,5,0,6,3,3,0
2011-10,South Wales Police,8,0,0,4,3,26,6,0,3,1,0,0
2011-10,South Wales Police,163,0,0,0,0,3,0,0,0,1,0,0
2011-10,South Wales Police,119,0,0,0,1,7,3,0,4,0,1,0
2011-10,South Wales Police,120,0,0,1,6,50,8,0,3,2,2,0
2011-10,South Wales Police,121,2,0,1,1,3,1,0,2,1,0,0
2011-10,South Wales Police,122,0,0,0,4,8,2,1,0,2,0,1
2011-10,South Wales Police,123,0,0,2,1,33,2,1,4,0,0,0
2011-10,South Wales Police,124,9,0,0,2,28,11,2,9,2,0,1
2011-10,South Wales Police,125,0,0,1,1,6,0,0,0,0,0,0
2011-10,South Wales Police,126,1,0,0,0,1,2,0,0,0,0,0
2011-10,South Wales Police,127,1,0,1,1,2,0,0,2,1,0,1
2011-10,South Wales Police,128,3,0,12,5,33,12,3,5,2,1,2
2011-10,South Wales Police,129,7,0,1,1,5,0,1,1,2,0,1
2011-10,South Wales Police,167,8,0,2,0,8,4,2,5,3,2,1
2011-10,South Wales Police,118,2,0,1,0,5,0,0,1,0,1,0
2011-10,South Wales Police,59,3,0,2,5,25,7,1,6,2,3,1
2011-10,South Wales Police,58,2,0,3,3,25,4,0,2,0,2,0
2011-10,South Wales Police,55,1,0,2,7,9,7,0,6,1,0,1
2011-10,South Wales Police,54,1,0,1,5,36,3,0,3,4,2,0
2011-10,South Wales Police,57,0,0,3,3,27,5,1,5,2,0,0
2011-10,South Wales Police,56,2,0,3,9,26,11,1,6,2,6,0
2011-10,South Wales Police,51,8,0,1,3,12,7,0,8,2,1,0
2011-10,South Wales Police,50,3,0,2,0,7,5,3,2,0,0,0
2011-10,South Wales Police,53,2,0,1,7,35,3,0,4,2,1,1
2011-10,South Wales Police,52,0,0,0,5,21,9,0,4,3,0,2
2011-10,South Wales Police,164,1,0,1,3,21,1,0,0,1,1,0
2011-10,South Wales Police,201,12,0,22,12,67,22,14,7,7,2,2
2011-10,South Wales Police,199,16,3,21,63,357,30,55,131,33,29,5
2011-10,South Wales Police,179,0,0,0,0,0,0,0,1,0,0,0
2011-10,South Wales Police,200,2,0,3,3,26,5,1,0,0,0,1
2011-10,South Wales Police,195,0,0,0,0,0,2,0,1,0,0,1
2011-10,South Wales Police,194,0,0,0,1,1,0,0,1,0,0,0
2011-10,South Wales Police,197,1,0,3,0,1,0,0,1,0,0,0
2011-10,South Wales Police,178,1,0,1,0,1,0,0,0,0,0,0
2011-10,South Wales Police,191,2,1,0,4,25,13,1,3,0,1,0
2011-10,South Wales Police,190,4,0,4,1,30,3,0,2,1,1,2
2011-10,South Wales Police,193,4,0,7,2,34,4,3,3,1,0,0
2011-10,South Wales Police,192,0,1,1,0,11,1,0,0,0,0,0
2011-10,South Wales Police,115,5,0,6,1,10,3,2,5,1,1,0
2011-10,South Wales Police,114,2,0,1,1,5,3,0,1,2,0,1
2011-10,South Wales Police,88,11,2,27,19,80,15,3,28,6,8,1
2011-10,South Wales Police,89,2,0,6,2,86,7,3,6,3,2,1
2011-10,South Wales Police,111,2,0,4,4,23,6,2,7,0,0,1
2011-10,South Wales Police,110,1,0,0,2,9,1,0,1,0,0,1
2011-10,South Wales Police,113,1,0,1,3,13,4,0,3,1,0,0
2011-10,South Wales Police,112,0,0,0,1,2,0,0,0,0,0,0
2011-10,South Wales Police,82,2,0,1,0,1,1,0,3,0,0,0
2011-10,South Wales Police,83,9,0,10,5,46,8,10,10,6,0,1
2011-10,South Wales Police,80,9,1,7,13,108,46,4,10,5,9,1
2011-10,South Wales Police,81,12,0,20,9,98,21,8,18,2,7,0
2011-10,South Wales Police,86,0,0,1,1,11,0,1,4,0,0,0
2011-10,South Wales Police,87,4,0,4,2,25,4,0,1,4,1,0
2011-10,South Wales Police,84,19,1,26,11,114,17,15,33,13,5,4
2011-10,South Wales Police,85,6,0,15,1,27,11,5,5,5,1,2
2011-10,South Wales Police,198,3,0,2,4,40,6,11,6,1,2,4
2011-10,South Wales Police,206,3,0,2,0,5,1,0,0,0,0,0
2011-10,South Wales Police,226,5,0,5,3,29,3,0,6,1,1,0
2011-10,South Wales Police,3,5,1,5,7,50,11,5,4,1,0,4
2011-10,South Wales Police,177,3,0,0,0,10,0,0,1,1,0,0
2011-10,South Wales Police,7,4,0,2,1,30,3,0,2,3,2,0
2011-10,South Wales Police,225,2,0,4,2,13,2,0,2,0,0,0
2011-10,South Wales Police,108,3,0,2,3,15,1,0,1,1,0,0
2011-10,South Wales Police,109,2,0,3,0,14,10,0,2,2,1,1
2011-10,South Wales Police,102,3,0,12,16,31,6,0,4,3,3,1
2011-10,South Wales Police,103,6,0,5,9,25,9,4,4,4,5,2
2011-10,South Wales Police,100,1,0,1,2,24,7,2,2,1,0,1
2011-10,South Wales Police,101,2,0,2,3,15,4,4,1,1,2,0
2011-10,South Wales Police,106,6,0,8,9,23,10,0,3,0,1,2
2011-10,South Wales Police,107,0,0,0,1,4,1,3,4,0,0,0
2011-10,South Wales Police,104,3,0,0,2,3,1,0,6,1,0,0
2011-10,South Wales Police,105,3,0,0,0,3,1,0,0,0,0,0
2011-10,South Wales Police,39,2,0,0,9,18,3,1,2,3,1,3
2011-10,South Wales Police,38,3,0,6,2,40,4,0,0,1,0,1
2011-10,South Wales Police,33,3,0,2,1,12,4,0,2,1,0,0
2011-10,South Wales Police,32,1,0,3,1,10,0,1,4,1,0,0
2011-10,South Wales Police,31,2,0,1,0,6,1,0,1,0,1,0
2011-10,South Wales Police,30,3,0,1,0,9,2,1,2,0,0,0
2011-10,South Wales Police,37,1,0,1,6,45,5,0,0,0,0,0
2011-10,South Wales Police,36,0,0,3,1,14,5,0,2,0,0,0
2011-10,South Wales Police,35,4,0,2,1,23,10,0,0,3,0,0
2011-10,South Wales Police,34,1,0,1,2,17,1,2,3,1,2,1
2011-10,South Wales Police,205,3,0,4,2,20,1,4,3,0,1,3
2011-10,South Wales Police,223,0,0,4,0,3,0,2,0,2,0,0
2011-10,South Wales Police,176,1,0,2,0,2,0,0,0,0,0,0
2011-10,South Wales Police,60,1,0,0,1,9,0,1,2,1,2,0
2011-10,South Wales Police,61,1,0,0,2,24,3,0,1,0,0,0
2011-10,South Wales Police,62,1,0,0,8,13,2,2,2,0,0,0
2011-10,South Wales Police,63,0,0,2,9,44,16,0,2,3,0,0
2011-10,South Wales Police,64,12,2,22,15,84,17,6,24,8,6,5
2011-10,South Wales Police,65,13,3,16,10,65,16,1,26,19,4,2
2011-10,South Wales Police,66,13,1,9,11,149,35,10,14,6,3,1
2011-10,South Wales Police,67,15,0,12,13,54,12,5,10,3,5,3
2011-10,South Wales Police,68,43,4,31,70,301,39,75,308,25,56,15
2011-10,South Wales Police,69,2,0,3,0,10,1,0,5,0,0,1
2011-10,South Wales Police,175,2,0,1,1,4,2,0,1,1,0,1
2011-10,South Wales Police,174,3,0,0,1,3,0,0,1,0,0,0
2011-10,South Wales Police,173,3,0,1,1,5,4,4,3,0,1,0
2011-10,South Wales Police,172,1,0,2,2,16,3,0,0,0,1,1
2011-10,South Wales Police,171,1,0,0,0,3,1,0,0,0,1,0
2011-10,South Wales Police,170,0,0,1,1,3,2,0,2,0,0,0
2011-10,South Wales Police,203,1,0,4,0,3,9,0,0,0,0,0
2011-10,South Wales Police,222,8,0,5,14,78,19,3,7,3,1,1
2011-10,South Wales Police,181,2,0,1,6,33,13,1,2,1,2,1
2011-10,South Wales Police,182,3,1,3,5,48,10,18,7,6,4,1
2011-10,South Wales Police,183,0,0,0,0,15,1,0,0,0,0,0
2011-10,South Wales Police,180,1,0,0,0,8,2,0,6,1,0,0
2011-10,South Wales Police,2,2,0,4,2,38,7,0,5,0,0,0
2011-10,South Wales Police,162,12,0,1,1,23,2,3,1,0,0,0
2011-10,South Wales Police,187,8,0,5,9,49,9,9,11,8,9,4
2011-10,South Wales Police,184,1,0,0,3,0,2,0,2,0,0,0
2011-10,South Wales Police,6,4,0,5,6,27,4,7,5,1,4,0
2011-10,South Wales Police,220,1,0,5,1,14,3,3,1,0,0,1
2011-10,South Wales Police,186,6,1,0,3,26,4,1,5,4,1,0
2011-10,South Wales Police,188,0,0,3,0,10,1,0,1,1,1,1
2011-10,South Wales Police,189,0,0,0,0,3,0,0,0,0,0,0
2011-10,South Wales Police,202,3,0,9,9,43,6,4,2,0,0,0
2011-10,South Wales Police,196,0,0,1,0,9,2,0,1,1,0,0
2011-10,South Wales Police,221,3,0,0,4,8,2,0,0,0,0,1
2011-10,South Wales Police,185,0,0,0,0,0,1,0,0,0,0,0
2011-10,South Wales Police,99,4,0,0,1,13,4,1,4,0,0,0
2011-10,South Wales Police,98,9,0,3,6,30,8,4,3,2,1,0
2011-10,South Wales Police,168,1,0,1,0,6,2,0,2,0,0,1
2011-10,South Wales Police,169,1,0,2,0,8,2,1,4,3,0,2
2011-10,South Wales Police,229,2,0,9,7,76,13,0,3,4,0,0
2011-10,South Wales Police,228,7,0,14,2,23,11,8,32,3,0,3
2011-10,South Wales Police,91,12,0,21,11,100,23,3,4,15,8,3
2011-10,South Wales Police,90,12,1,36,17,83,31,9,19,2,4,0
2011-10,South Wales Police,93,6,0,1,3,21,11,0,6,4,1,1
2011-10,South Wales Police,92,13,0,19,5,61,12,3,8,5,3,4
2011-10,South Wales Police,95,2,0,7,8,43,11,6,0,4,3,0
2011-10,South Wales Police,94,6,0,3,5,33,15,11,6,0,3,0
2011-10,South Wales Police,97,2,0,2,5,11,7,0,1,0,3,0
2011-10,South Wales Police,96,2,0,3,9,31,8,14,1,2,4,3
2011-10,South Wales Police,11,4,1,3,1,7,2,0,3,0,0,0
2011-10,South Wales Police,10,8,0,2,3,28,6,4,4,1,1,4
2011-10,South Wales Police,13,1,0,1,2,41,4,0,6,2,1,0
2011-10,South Wales Police,12,1,0,3,6,35,8,2,2,1,2,0
2011-10,South Wales Police,15,4,1,5,7,65,7,3,12,2,2,0
2011-10,South Wales Police,14,7,0,6,8,29,3,0,3,1,1,0
2011-10,South Wales Police,17,0,0,0,1,17,1,0,0,1,1,0
2011-10,South Wales Police,16,2,0,5,9,44,5,1,1,1,1,0
2011-10,South Wales Police,19,2,0,3,1,9,5,0,1,3,1,0
2011-10,South Wales Police,18,1,0,1,1,7,2,0,3,0,0,0
2011-10,South Wales Police,117,0,0,1,2,3,1,0,1,0,0,0
2011-10,South Wales Police,116,0,0,1,1,6,2,0,0,0,0,0
2011-10,South Wales Police,204,0,0,0,1,8,0,0,1,0,0,0
2011-10,South Wales Police,224,0,0,0,0,4,0,0,1,0,0,0
2011-10,South Wales Police,151,6,0,5,6,35,7,1,4,3,0,3
2011-10,South Wales Police,150,1,0,3,4,18,15,5,5,2,1,1
2011-10,South Wales Police,153,0,0,2,4,13,4,4,1,2,0,1
2011-10,South Wales Police,152,1,0,0,2,2,0,0,0,0,0,0
2011-10,South Wales Police,155,5,0,3,3,31,3,15,3,5,2,2
2011-10,South Wales Police,154,2,0,1,3,7,0,0,3,0,0,0
2011-10,South Wales Police,157,1,0,0,2,3,2,1,2,0,0,0
2011-10,South Wales Police,156,1,0,0,1,3,2,0,0,0,0,0
2011-10,South Wales Police,159,0,0,0,1,8,2,0,0,0,1,0
2011-10,South Wales Police,158,4,0,2,3,18,4,1,3,1,2,0
2011-10,South Wales Police,322,6,0,8,12,71,12,13,20,11,15,5
2011-10,South Wales Police,227,1,0,2,2,28,3,0,5,3,1,0
2011-10,South Wales Police,207,4,0,1,2,13,3,0,2,0,1,6
2011-10,South Wales Police,230,12,0,25,5,78,13,2,16,2,2,2
2011-10,South Wales Police,231,1,0,1,4,3,4,0,1,0,0,1
2011-10,South Wales Police,232,0,0,2,4,12,9,0,1,1,1,1
2011-10,South Wales Police,48,6,0,2,1,7,6,0,2,1,0,0
2011-10,South Wales Police,49,2,0,2,2,17,3,7,2,1,2,1
2011-10,South Wales Police,46,3,0,0,6,15,3,1,2,2,0,1
2011-10,South Wales Police,47,3,0,0,7,36,1,1,0,1,0,2
2011-10,South Wales Police,44,2,0,5,7,30,7,1,13,3,5,1
2011-10,South Wales Police,45,0,0,2,0,9,0,0,2,0,0,0
2011-10,South Wales Police,42,2,0,4,1,7,3,1,3,1,0,1
2011-10,South Wales Police,43,1,0,3,2,30,3,11,6,6,6,0
2011-10,South Wales Police,40,1,0,3,5,33,6,4,4,1,0,3
2011-10,South Wales Police,41,1,0,1,1,16,3,0,1,0,0,0
2011-10,South Wales Police,1,1,0,0,6,19,2,0,5,0,0,0
2011-10,South Wales Police,5,3,0,0,4,33,2,1,5,1,0,0
2011-10,South Wales Police,9,5,0,2,7,49,6,8,3,7,6,1
2011-10,South Wales Police,146,2,0,4,0,5,5,0,0,1,0,0
2011-10,South Wales Police,147,0,0,0,1,1,0,0,0,0,0,0
2011-10,South Wales Police,144,3,0,1,4,19,7,9,4,10,1,4
2011-10,South Wales Police,145,2,0,2,0,6,3,0,2,0,1,0
2011-10,South Wales Police,142,1,0,1,1,2,0,0,0,0,0,1
2011-10,South Wales Police,143,0,0,1,1,19,2,0,1,1,1,0
2011-10,South Wales Police,140,7,0,3,1,20,3,2,6,2,1,0
2011-10,South Wales Police,141,0,0,1,2,12,5,0,2,0,0,0
2011-10,South Wales Police,209,0,0,1,0,7,0,2,0,0,0,0
2011-10,South Wales Police,208,2,0,3,0,7,2,0,2,0,0,0
2011-10,South Wales Police,148,4,0,0,2,9,3,0,0,0,0,0
2011-10,South Wales Police,149,3,0,0,2,15,0,0,4,0,0,0
2011-10,South Wales Police,77,7,0,11,4,31,3,2,13,0,3,1
2011-10,South Wales Police,76,1,0,1,0,5,0,0,1,0,0,1
2011-10,South Wales Police,75,4,0,1,5,35,6,3,14,6,5,2
2011-10,South Wales Police,74,28,4,19,12,122,27,46,21,5,9,4
2011-10,South Wales Police,73,8,1,11,1,22,10,4,30,0,0,3
2011-10,South Wales Police,72,9,1,7,15,116,22,0,7,4,5,2
2011-10,South Wales Police,71,10,0,13,23,110,32,1,16,2,3,0
2011-10,South Wales Police,70,6,0,11,1,18,0,3,15,4,0,0
2011-10,South Wales Police,79,3,0,3,4,58,7,3,7,8,1,2
2011-10,South Wales Police,78,4,0,4,4,41,8,1,9,3,0,1
2011-10,South Wales Police,326,1,0,0,4,11,4,0,0,0,2,0
