Month,Force,Neighbourhood,Burglary,Robbery,Vehicle crime,Violent crime,Anti-social behaviour,Criminal damage and arson,Shoplifting,Other theft,Drugs,Public disorder and weapons,Other crime
2011-10,Leicestershire Constabulary,L51,13,0,18,15,35,11,2,15,2,2,1
2011-10,Leicestershire Constabulary,L52,8,0,8,17,46,16,20,13,3,1,16
2011-10,Leicestershire Constabulary,L79,37,1,23,15,44,28,5,36,3,5,10
2011-10,Leicestershire Constabulary,L18,8,0,10,4,3,3,0,4,0,0,3
2011-10,Leicestershire Constabulary,L19,2,0,7,3,1,2,0,13,1,0,1
2011-10,Leicestershire Constabulary,L14,5,0,6,16,28,13,10,21,3,3,3
2011-10,Leicestershire Constabulary,L15,11,0,4,8,33,21,0,10,1,3,4
2011-10,Leicestershire Constabulary,L16,0,0,0,0,2,0,0,2,0,1,0
2011-10,Leicestershire Constabulary,L17,3,0,4,9,17,8,2,7,0,7,1
2011-10,Leicestershire Constabulary,L10,20,2,18,26,43,29,4,33,10,9,7
2011-10,Leicestershire Constabulary,L11,16,0,7,11,21,12,0,23,3,5,5
2011-10,Leicestershire Constabulary,L12,7,0,5,17,24,12,13,17,1,4,7
2011-10,Leicestershire Constabulary,L13,16,0,20,26,68,25,2,14,3,4,6
2011-10,Leicestershire Constabulary,C19,13,1,19,10,29,7,1,14,1,1,2
2011-10,Leicestershire Constabulary,C18,14,2,12,11,51,17,1,13,3,3,4
2011-10,Leicestershire Constabulary,C13,11,1,9,19,64,9,2,15,6,5,4
2011-10,Leicestershire Constabulary,C12,11,1,8,19,84,20,6,7,6,5,3
2011-10,Leicestershire Constabulary,C11,18,2,8,11,39,10,5,16,3,4,7
2011-10,Leicestershire Constabulary,C10,7,0,4,12,27,14,1,11,7,4,3
2011-10,Leicestershire Constabulary,C17,8,3,9,15,23,3,0,8,7,2,2
2011-10,Leicestershire Constabulary,C16,21,10,10,27,74,29,7,23,2,8,3
2011-10,Leicestershire Constabulary,C15,11,5,9,18,65,10,4,15,3,3,3
2011-10,Leicestershire Constabulary,C14,3,2,5,12,30,16,6,6,2,6,11
2011-10,Leicestershire Constabulary,L66,19,1,14,12,67,22,2,18,6,4,4
2011-10,Leicestershire Constabulary,L21,4,0,6,2,7,5,0,4,0,0,0
2011-10,Leicestershire Constabulary,L20,3,0,0,3,4,2,2,2,0,1,0
2011-10,Leicestershire Constabulary,L23,6,0,2,9,20,12,0,7,1,6,0
2011-10,Leicestershire Constabulary,L22,3,0,5,13,25,12,11,19,4,8,2
2011-10,Leicestershire Constabulary,L25,7,0,5,7,5,0,4,17,0,0,2
2011-10,Leicestershire Constabulary,L24,2,0,2,6,15,10,4,0,1,2,2
2011-10,Leicestershire Constabulary,L59,3,0,6,6,13,5,1,5,0,0,1
2011-10,Leicestershire Constabulary,L70,5,1,8,5,39,17,10,14,3,10,6
2011-10,Leicestershire Constabulary,C22,5,0,7,22,33,11,2,12,0,2,7
2011-10,Leicestershire Constabulary,L64,8,0,3,9,23,13,0,6,5,4,5
2011-10,Leicestershire Constabulary,C20,7,1,4,16,41,12,1,13,9,9,0
2011-10,Leicestershire Constabulary,C21,7,1,7,23,77,28,4,11,1,4,2
2011-10,Leicestershire Constabulary,L09,7,1,5,14,36,22,6,12,2,5,12
2011-10,Leicestershire Constabulary,L08,5,0,5,8,41,11,3,11,1,6,4
2011-10,Leicestershire Constabulary,L07,32,4,7,52,81,35,26,107,5,25,10
2011-10,Leicestershire Constabulary,L06,13,0,10,17,55,27,3,20,2,5,9
2011-10,Leicestershire Constabulary,L05,8,0,7,6,17,9,2,10,0,2,9
2011-10,Leicestershire Constabulary,L04,30,0,14,12,28,36,4,9,2,5,3
2011-10,Leicestershire Constabulary,L03,3,0,7,3,14,15,0,4,0,3,1
2011-10,Leicestershire Constabulary,L02,2,0,5,13,28,14,2,4,0,3,4
2011-10,Leicestershire Constabulary,L01,11,0,5,6,19,5,1,11,1,1,0
2011-10,Leicestershire Constabulary,L68,2,0,9,11,21,16,9,12,5,3,1
2011-10,Leicestershire Constabulary,C08,31,4,13,27,65,17,9,36,2,9,5
2011-10,Leicestershire Constabulary,C09,11,3,12,14,47,18,10,23,4,5,2
2011-10,Leicestershire Constabulary,L58,2,0,4,2,18,1,0,5,2,0,1
2011-10,Leicestershire Constabulary,L74,3,0,2,9,10,5,5,10,2,2,3
2011-10,Leicestershire Constabulary,L77,10,0,8,13,37,22,0,21,4,4,0
2011-10,Leicestershire Constabulary,C01,9,0,16,33,93,39,8,17,3,6,5
2011-10,Leicestershire Constabulary,C02,18,3,21,24,76,36,7,22,5,16,5
2011-10,Leicestershire Constabulary,C03,10,2,12,31,81,24,29,29,10,13,6
2011-10,Leicestershire Constabulary,C04,39,12,59,162,212,48,159,284,26,42,37
2011-10,Leicestershire Constabulary,C05,22,1,18,31,108,38,19,27,4,4,6
2011-10,Leicestershire Constabulary,C06,32,4,8,30,66,14,2,25,4,6,11
2011-10,Leicestershire Constabulary,C07,15,0,23,5,55,14,1,17,2,2,0
2011-10,Leicestershire Constabulary,L75,19,1,10,29,50,27,11,27,6,4,10
2011-10,Leicestershire Constabulary,L69,8,1,6,18,37,13,4,12,2,6,3
2011-10,Leicestershire Constabulary,L54,14,1,8,26,36,18,5,22,8,5,3
2011-10,Leicestershire Constabulary,L67,5,0,6,7,61,11,16,20,4,8,3
2011-10,Leicestershire Constabulary,L65,10,0,5,4,19,5,3,16,5,2,0
2011-10,Leicestershire Constabulary,L78,7,0,3,7,14,5,1,14,4,4,3
2011-10,Leicestershire Constabulary,L55,12,0,6,7,37,18,8,11,4,6,14
